K=25 *int=0 B=36 i=452454) 0 1 0 2 3 2 1 0 2 4 5 4 3 2 4 6 7 6 5 4 3 2 1 0 2 4 6 8 7 6 5 4 3 2 1 0 2 4 6 5 4 3 2 4 6
K=25 *int=0 B=36 i=453300) 0 1 0 2 3 2 1 0 2 4 5 4 3 2 4 6 8 7 6 5 4 3 2 1 0 2 4 6 8 7 6 5 4 3 2 1 2 4 6 5 4 3 2 4 6
K=25 *int=0 B=36 i=471996) 0 1 0 2 3 2 1 0 2 4 6 5 4 3 2 4 6 7 6 5 4 3 2 1 0 2 4 6 8 7 6 5 4 3 2 1 0 2 4 6 5 4 3 4 6
K=25 *int=0 B=36 i=473071) 0 1 0 2 3 2 1 0 2 4 6 5 4 3 2 4 6 8 7 6 5 4 3 2 1 0 2 4 6 8 7 6 5 4 3 2 1 2 4 6 5 4 3 4 6
K=25 *int=0 B=36 i=690720) 0 1 0 2 3 2 4 5 4 3 2 1 0 2 4 6 7 6 5 4 3 2 1 0 2 4 6 5 4 3 2 4 6 8 7 6 5 4 3 2 1 0 2 4 6
K=25 *int=0 B=36 i=691793) 0 1 0 2 3 2 4 5 4 3 2 1 0 2 4 6 8 7 6 5 4 3 2 1 0 2 4 6 5 4 3 2 4 6 8 7 6 5 4 3 2 1 2 4 6
K=25 *int=0 B=36 i=713913) 0 1 0 2 3 2 4 5 4 6 7 6 5 4 3 2 1 0 2 4 3 2 4 6 5 4 6 8 7 6 5 4 3 2 1 0 2 4 3 2 4 6 5 4 6
K=25 *int=0 B=36 i=719345) 0 1 0 2 3 2 4 5 4 6 8 7 6 5 4 3 2 1 0 2 4 3 2 4 6 5 4 6 8 7 6 5 4 3 2 1 2 4 3 2 4 6 5 4 6
K=25 *int=0 B=36 i=752225) 0 1 0 2 3 2 4 6 5 4 3 2 1 0 2 4 6 7 6 5 4 3 2 1 0 2 4 6 5 4 3 2 4 6 8 7 6 5 4 3 2 1 0 4 6
K=25 *int=0 B=36 i=753559) 0 1 0 2 3 2 4 6 5 4 3 2 1 0 2 4 6 8 7 6 5 4 3 2 1 0 2 4 6 5 4 3 2 4 6 8 7 6 5 4 3 2 1 4 6
K=25 *int=0 B=36 i=767551) 0 1 0 2 3 2 4 6 5 4 6 7 6 5 4 3 2 1 0 2 4 3 2 4 6 5 4 6 8 7 6 5 4 3 2 1 0 2 4 3 4 6 5 4 6
K=25 *int=0 B=36 i=771902) 0 1 0 2 3 2 4 6 5 4 6 8 7 6 5 4 3 2 1 0 2 4 3 2 4 6 5 4 6 8 7 6 5 4 3 2 1 2 4 3 4 6 5 4 6
K=25 *int=0 B=36 i=780433) 0 1 0 2 3 2 4 6 7 6 5 4 3 2 1 0 2 4 6 8 7 6 5 4 3 2 1 0 2 4 6 5 4 3 2 4 6 8 7 6 5 4 3 4 6
K=25 *int=0 B=36 i=788079) 0 1 0 2 3 2 4 6 8 7 6 5 4 3 2 1 0 2 4 6 8 7 6 5 4 3 2 1 2 4 6 5 4 3 2 4 6 8 7 6 5 4 3 4 6
K=25 *int=0 B=36 i=792003) 0 1 0 2 3 2 4 7 6 5 4 3 2 1 0 2 4 6 8 7 6 5 4 3 2 1 0 2 4 6 5 4 3 2 4 6 8 7 6 5 4 3 2 4 6
K=25 *int=1 B=35 i=792451) 0 1 0 2 3 2 4 7 6 5 4 3 2 1 0 2 4 6* 8 7 6 5 4 3 2 1 0 2 4 6 5 4 3 2 4 6 7 6 5 4 3 4 6
K=25 *int=0 B=36 i=802158) 0 1 0 2 3 2 4 8 7 6 5 4 3 2 1 0 2 4 6 8 7 6 5 4 3 2 1 2 4 6 5 4 3 2 4 6 8 7 6 5 4 3 2 4 6
K=25 *int=1 B=35 i=839027) 0 1 0 2 3 2 5 4 7 5* 4 3 2 1 0 2 4 3 2 4 7 6 5 4 6 8 7 6 5 4 3 2 1 0 2 4 3 2 4 6 5 4 6
K=25 *int=0 B=36 i=1269558) 0 1 0 2 4 3 2 1 0 2 4 5 4 3 2 4 6 7 6 5 4 3 2 1 0 2 4 6 8 7 6 5 4 3 2 1 0 2 4 6 5 4 3 2 6
K=25 *int=0 B=36 i=1270681) 0 1 0 2 4 3 2 1 0 2 4 5 4 3 2 4 6 8 7 6 5 4 3 2 1 0 2 4 6 8 7 6 5 4 3 2 1 2 4 6 5 4 3 2 6
K=25 *int=0 B=36 i=1292784) 0 1 0 2 4 3 2 1 0 2 4 6 5 4 3 2 4 6 7 6 5 4 3 2 1 0 2 4 6 8 7 6 5 4 3 2 1 0 2 4 6 5 4 3 6
K=25 *int=0 B=36 i=1294096) 0 1 0 2 4 3 2 1 0 2 4 6 5 4 3 2 4 6 8 7 6 5 4 3 2 1 0 2 4 6 8 7 6 5 4 3 2 1 2 4 6 5 4 3 6
K=25 *int=0 B=36 i=1402663) 0 1 0 2 4 3 2 4 5 4 3 2 1 0 2 4 6 7 6 5 4 3 2 1 0 2 4 6 5 4 3 2 4 6 8 7 6 5 4 3 2 1 0 2 6
K=25 *int=0 B=36 i=1403674) 0 1 0 2 4 3 2 4 5 4 3 2 1 0 2 4 6 8 7 6 5 4 3 2 1 0 2 4 6 5 4 3 2 4 6 8 7 6 5 4 3 2 1 2 6
K=25 *int=0 B=36 i=1422072) 0 1 0 2 4 3 2 4 5 4 6 7 6 5 4 3 2 1 0 2 4 3 2 4 6 5 4 6 8 7 6 5 4 3 2 1 0 2 4 3 2 4 6 5 6
K=25 *int=0 B=36 i=1428585) 0 1 0 2 4 3 2 4 5 4 6 8 7 6 5 4 3 2 1 0 2 4 3 2 4 6 5 4 6 8 7 6 5 4 3 2 1 2 4 3 2 4 6 5 6
K=25 *int=0 B=36 i=1453727) 0 1 0 2 4 3 2 4 6 5 4 3 2 1 0 2 4 6 7 6 5 4 3 2 1 0 2 4 6 5 4 3 2 4 6 8 7 6 5 4 3 2 1 0 6
K=25 *int=0 B=36 i=1454936) 0 1 0 2 4 3 2 4 6 5 4 3 2 1 0 2 4 6 8 7 6 5 4 3 2 1 0 2 4 6 5 4 3 2 4 6 8 7 6 5 4 3 2 1 6
K=25 *int=0 B=36 i=1464646) 0 1 0 2 4 3 2 4 6 5 4 6 7 6 5 4 3 2 1 0 2 4 3 2 4 6 5 4 6 8 7 6 5 4 3 2 1 0 2 4 3 4 6 5 6
K=25 *int=1 B=35 i=1469536) 0 1 0 2 4 3 2 4 6 5 4 6 8 7 6 5 4 3 2 1 0 2 4 3 2 1 4 6 5 4 6 8 7 6 5 4 2* 1 4 3 6 5 6
K=25 *int=0 B=36 i=1469660) 0 1 0 2 4 3 2 4 6 5 4 6 8 7 6 5 4 3 2 1 0 2 4 3 2 4 6 5 4 6 8 7 6 5 4 3 2 1 2 4 3 4 6 5 6
K=25 *int=0 B=36 i=1477099) 0 1 0 2 4 3 2 4 6 7 6 5 4 3 2 1 0 2 4 6 8 7 6 5 4 3 2 1 0 2 4 6 5 4 3 2 4 6 8 7 6 5 4 3 6
K=25 *int=0 B=36 i=1482780) 0 1 0 2 4 3 2 4 6 8 7 6 5 4 3 2 1 0 2 4 6 8 7 6 5 4 3 2 1 2 4 6 5 4 3 2 4 6 8 7 6 5 4 3 6
K=25 *int=0 B=36 i=1485222) 0 1 0 2 4 3 2 4 7 6 5 4 3 2 1 0 2 4 6 8 7 6 5 4 3 2 1 0 2 4 6 5 4 3 2 4 6 8 7 6 5 4 3 2 6
K=25 *int=1 B=35 i=1485669) 0 1 0 2 4 3 2 4 7 6 5 4 3 2 1 0 2 4 6* 8 7 6 5 4 3 2 1 0 2 4 6 5 4 3 2 4 6 7 6 5 4 3 6
K=25 *int=0 B=36 i=1492842) 0 1 0 2 4 3 2 4 8 7 6 5 4 3 2 1 0 2 4 6 8 7 6 5 4 3 2 1 2 4 6 5 4 3 2 4 6 8 7 6 5 4 3 2 6
K=25 *int=0 B=36 i=1600883) 0 1 0 2 4 5 4 3 2 1 0 2 4 6 5 4 3 2 4 6 7 6 5 4 3 2 1 0 2 4 6 8 7 6 5 4 3 2 1 0 2 4 6 5 6
K=25 *int=0 B=36 i=1601411) 0 1 0 2 4 5 4 3 2 1 0 2 4 6 5 4 3 2 4 6 8 7 6 5 4 3 2 1 0 2 4 6 8 7 6 5 4 3 2 1 2 4 6 5 6
K=25 *int=0 B=36 i=1643353) 0 1 0 2 4 5 4 3 2 4 6 7 6 5 4 3 2 1 0 2 4 6 8 7 6 5 4 3 2 1 0 2 4 6 5 4 3 2 4 6 8 7 6 5 6
K=25 *int=0 B=36 i=1646993) 0 1 0 2 4 5 4 3 2 4 6 8 7 6 5 4 3 2 1 0 2 4 6 8 7 6 5 4 3 2 1 2 4 6 5 4 3 2 4 6 8 7 6 5 6
K=25 *int=1 B=35 i=1648863) 0 1 0 2 4 5 4 3 2 4 7 6 5 4 3 2 1 0 2 4 6* 8 7 6 5 4 3 2 1 0 2 4 6 5 4 3 2 4 6 7 6 5 6
K=25 *int=0 B=36 i=1738466) 0 1 0 2 4 6 5 4 3 2 1 0 2 4 6 5 4 3 2 4 6 7 6 5 4 3 2 1 0 2 4 6 8 7 6 5 4 3 2 1 0 4 6 5 6
K=25 *int=0 B=36 i=1739000) 0 1 0 2 4 6 5 4 3 2 1 0 2 4 6 5 4 3 2 4 6 8 7 6 5 4 3 2 1 0 2 4 6 8 7 6 5 4 3 2 1 4 6 5 6
K=25 *int=0 B=36 i=1762641) 0 1 0 2 4 6 5 4 3 2 4 6 7 6 5 4 3 2 1 0 2 4 6 8 7 6 5 4 3 2 1 0 2 4 6 5 4 3 4 6 8 7 6 5 6
K=25 *int=0 B=36 i=1765941) 0 1 0 2 4 6 5 4 3 2 4 6 8 7 6 5 4 3 2 1 0 2 4 6 8 7 6 5 4 3 2 1 2 4 6 5 4 3 4 6 8 7 6 5 6
K=25 *int=1 B=35 i=1795566) 0 1 0 2 4 6 7 6 5 4 3 2 1 0 2 4 6 5 4 3 2 4 6 8 7 6 5 4 3 2 1 0 2 4 3 6 8 7 6 4* 3 6 5
K=25 *int=0 B=36 i=1795584) 0 1 0 2 4 6 7 6 5 4 3 2 1 0 2 4 6 5 4 3 2 4 6 8 7 6 5 4 3 2 1 0 2 4 6 8 7 6 5 4 3 4 6 5 6
K=25 *int=1 B=35 i=1809222) 0 1 0 2 4 6 8 7 6 5 4 3 2 1 0 2 4 6 5 4 3 2 4 6 8 7 6 5 4 3 2 1 2 4 3 6 8 7 6 4* 3 6 5
K=25 *int=0 B=36 i=1809238) 0 1 0 2 4 6 8 7 6 5 4 3 2 1 0 2 4 6 5 4 3 2 4 6 8 7 6 5 4 3 2 1 2 4 6 8 7 6 5 4 3 4 6 5 6
K=25 *int=0 B=36 i=1815160) 0 1 0 2 4 7 6 5 4 3 2 1 0 2 4 6 5 4 3 2 4 6 8 7 6 5 4 3 2 1 0 2 4 6 8 7 6 5 4 3 2 4 6 5 6
K=25 *int=0 B=36 i=1837165) 0 1 0 2 4 8 7 6 5 4 3 2 1 0 2 4 6 5 4 3 2 4 6 8 7 6 5 4 3 2 1 2 4 6 8 7 6 5 4 3 2 4 6 5 6
K=25 *int=0 B=36 i=1848211) 0 1 0 2 5 4 3 2 1 0 2 4 6 5 4 3 2 4 6 7 6 5 4 3 2 1 0 2 4 6 8 7 6 5 4 3 2 1 0 2 4 6 5 4 6
K=25 *int=0 B=36 i=1848783) 0 1 0 2 5 4 3 2 1 0 2 4 6 5 4 3 2 4 6 8 7 6 5 4 3 2 1 0 2 4 6 8 7 6 5 4 3 2 1 2 4 6 5 4 6
K=25 *int=0 B=36 i=1901763) 0 1 0 2 5 4 3 2 4 6 7 6 5 4 3 2 1 0 2 4 6 8 7 6 5 4 3 2 1 0 2 4 6 5 4 3 2 4 6 8 7 6 5 4 6
K=25 *int=0 B=36 i=1904788) 0 1 0 2 5 4 3 2 4 6 8 7 6 5 4 3 2 1 0 2 4 6 8 7 6 5 4 3 2 1 2 4 6 5 4 3 2 4 6 8 7 6 5 4 6
K=25 *int=1 B=35 i=1906184) 0 1 0 2 5 4 3 2 4 7 6 5 4 3 2 1 0 2 4 6* 8 7 6 5 4 3 2 1 0 2 4 6 5 4 3 2 4 6 7 6 5 4 6
K=25 *int=0 B=36 i=2041702) 0 1 0 2 6 5 4 3 2 1 0 2 4 6 5 4 3 2 4 6 7 6 5 4 3 2 1 0 2 4 6 8 7 6 5 4 3 2 1 0 4 6 5 4 6
K=25 *int=0 B=36 i=2042240) 0 1 0 2 6 5 4 3 2 1 0 2 4 6 5 4 3 2 4 6 8 7 6 5 4 3 2 1 0 2 4 6 8 7 6 5 4 3 2 1 4 6 5 4 6
K=25 *int=0 B=36 i=2065219) 0 1 0 2 6 5 4 3 2 4 6 7 6 5 4 3 2 1 0 2 4 6 8 7 6 5 4 3 2 1 0 2 4 6 5 4 3 4 6 8 7 6 5 4 6
K=25 *int=0 B=36 i=2067511) 0 1 0 2 6 5 4 3 2 4 6 8 7 6 5 4 3 2 1 0 2 4 6 8 7 6 5 4 3 2 1 2 4 6 5 4 3 4 6 8 7 6 5 4 6
K=25 *int=0 B=36 i=2095119) 0 1 0 2 6 7 6 5 4 3 2 1 0 2 4 6 5 4 3 2 4 6 8 7 6 5 4 3 2 1 0 2 4 6 8 7 6 5 4 3 4 6 5 4 6
K=25 *int=0 B=36 i=2105698) 0 1 0 2 6 8 7 6 5 4 3 2 1 0 2 4 6 5 4 3 2 4 6 8 7 6 5 4 3 2 1 2 4 6 8 7 6 5 4 3 4 6 5 4 6
K=25 *int=0 B=36 i=2110475) 0 1 0 2 7 6 5 4 3 2 1 0 2 4 6 5 4 3 2 4 6 8 7 6 5 4 3 2 1 0 2 4 6 8 7 6 5 4 3 2 4 6 5 4 6
K=25 *int=0 B=36 i=2126424) 0 1 0 2 8 7 6 5 4 3 2 1 0 2 4 6 5 4 3 2 4 6 8 7 6 5 4 3 2 1 2 4 6 8 7 6 5 4 3 2 4 6 5 4 6
K=25 *int=3 B=33 i=2551927) 0 1 0 3 2 5 7 6 5 3* 2 1 0 2 5 7 6 4* 3 2 4 7 8 7 5* 4 3 2 1 0 2 4 3 4 7 6 5 4 6
K=25 *int=1 B=35 i=2560100) 0 1 0 3 2 5 3* 2 1 0 2 5 4 6 7 6 5 4 3 2 1 0 2 4 6 5 4 3 2 4 6 8 7 6 5 4 3 2 1 0 2 4 6
K=25 *int=1 B=35 i=2560183) 0 1 0 3 2 5 3* 2 1 0 2 5 4 6 8 7 6 5 4 3 2 1 0 2 4 6 5 4 3 2 4 6 8 7 6 5 4 3 2 1 2 4 6
K=25 *int=7 B=29 i=2568005) 0 1 0 3 2 5 3* 7 5* 7 8 6* 4* 2* 1 0 2 3* 2 1 2 5* 4 3 2 4 7 6 5 4 6
K=25 *int=0 B=36 i=3940936) 0 1 2 1 3 4 3 2 1 3 5 6 5 4 3 5 7 8 7 6 5 4 3 2 1 0 1 3 2 1 3 5 4 3 5 7 6 5 4 3 2 1 3 5 7
K=25 *int=0 B=36 i=3944417) 0 1 2 1 3 4 3 2 1 3 5 7 6 5 4 3 5 7 8 7 6 5 4 3 2 1 0 1 3 2 1 3 5 4 3 5 7 6 5 4 3 2 3 5 7
K=25 *int=0 B=36 i=3974899) 0 1 2 1 3 4 3 5 6 5 4 3 2 1 3 5 7 8 7 6 5 4 3 2 1 0 1 3 5 7 6 5 4 3 2 1 3 5 4 3 5 7 6 5 7
K=25 *int=0 B=36 i=3979087) 0 1 2 1 3 4 3 5 6 5 7 8 7 6 5 4 3 2 1 0 1 3 5 4 3 2 1 3 5 7 6 5 4 3 2 1 3 5 7 6 5 4 3 5 7
K=25 *int=0 B=36 i=3987550) 0 1 2 1 3 4 3 5 7 6 5 4 3 2 1 3 5 7 8 7 6 5 4 3 2 1 0 1 3 5 7 6 5 4 3 2 3 5 4 3 5 7 6 5 7
K=25 *int=0 B=36 i=3990442) 0 1 2 1 3 4 3 5 7 6 5 7 8 7 6 5 4 3 2 1 0 1 3 5 4 3 2 1 3 5 7 6 5 4 3 2 3 5 7 6 5 4 3 5 7
K=25 *int=1 B=35 i=4001832) 0 1 2 1 3 4 3 6 5 8 6* 5 4 3 2 1 0 1 3 5 4 3 2 1 3 5 8 7 6 5 4 3 2 1 3 5 7 6 5 4 3 5 7
K=25 *int=0 B=36 i=4093686) 0 1 2 1 3 5 4 3 2 1 3 5 6 5 4 3 5 7 8 7 6 5 4 3 2 1 0 1 3 2 1 3 5 4 3 5 7 6 5 4 3 2 1 5 7
K=25 *int=0 B=36 i=4098086) 0 1 2 1 3 5 4 3 2 1 3 5 7 6 5 4 3 5 7 8 7 6 5 4 3 2 1 0 1 3 2 1 3 5 4 3 5 7 6 5 4 3 2 5 7
K=25 *int=0 B=36 i=4115400) 0 1 2 1 3 5 4 3 5 6 5 4 3 2 1 3 5 7 8 7 6 5 4 3 2 1 0 1 3 5 7 6 5 4 3 2 1 3 5 4 5 7 6 5 7
K=25 *int=0 B=36 i=4119176) 0 1 2 1 3 5 4 3 5 6 5 7 8 7 6 5 4 3 2 1 0 1 3 5 4 3 2 1 3 5 7 6 5 4 3 2 1 3 5 7 6 5 4 5 7
K=25 *int=0 B=36 i=4127146) 0 1 2 1 3 5 4 3 5 7 6 5 4 3 2 1 3 5 7 8 7 6 5 4 3 2 1 0 1 3 5 7 6 5 4 3 2 3 5 4 5 7 6 5 7
K=25 *int=0 B=36 i=4129460) 0 1 2 1 3 5 4 3 5 7 6 5 7 8 7 6 5 4 3 2 1 0 1 3 5 4 3 2 1 3 5 7 6 5 4 3 2 3 5 7 6 5 4 5 7
K=25 *int=0 B=36 i=4155702) 0 1 2 1 3 5 6 5 4 3 2 1 3 5 7 6 5 4 3 5 7 8 7 6 5 4 3 2 1 0 1 3 2 1 3 5 4 3 5 7 6 5 4 5 7
K=25 *int=0 B=36 i=4182434) 0 1 2 1 3 5 7 6 5 4 3 2 1 3 5 7 6 5 4 3 5 7 8 7 6 5 4 3 2 1 0 1 3 2 3 5 4 3 5 7 6 5 4 5 7
K=25 *int=0 B=36 i=4203675) 0 1 2 1 3 6 5 4 3 2 1 3 5 7 6 5 4 3 5 7 8 7 6 5 4 3 2 1 0 1 3 2 1 3 5 4 3 5 7 6 5 4 3 5 7
K=25 *int=0 B=36 i=4240250) 0 1 2 1 3 7 6 5 4 3 2 1 3 5 7 6 5 4 3 5 7 8 7 6 5 4 3 2 1 0 1 3 2 3 5 4 3 5 7 6 5 4 3 5 7
K=25 *int=1 B=35 i=4336359) 0 1 2 1 4 3 6 4* 3 2 1 3 6 5 7 8 7 6 5 4 3 2 1 0 1 3 5 7 6 5 4 3 2 1 3 5 4 3 5 7 6 5 7
K=25 *int=8 B=28 i=5603057) 0 1 2 0* 3 5 4 3 2 5 7 6 5 3* 1* 0 7 8 7 5* 3* 1* 0 7 5* 3* 2 5 4
K=25 *int=2 B=34 i=5924270) 0 1 3 2 1 0 3 5 4 3 5 7 6 5 4 3 1* 0 3 2 5 4 7 8 7 5* 4 3 2 1 0 2 4 7 6 5 4 3 2 4 6
K=25 *int=0 B=36 i=6030749) 0 1 3 2 1 3 4 3 2 1 3 5 6 5 4 3 5 7 8 7 6 5 4 3 2 1 0 1 3 2 1 3 5 4 3 5 7 6 5 4 3 2 1 3 7
K=25 *int=0 B=36 i=6032133) 0 1 3 2 1 3 4 3 2 1 3 5 7 6 5 4 3 5 7 8 7 6 5 4 3 2 1 0 1 3 2 1 3 5 4 3 5 7 6 5 4 3 2 3 7
K=25 *int=0 B=36 i=6060784) 0 1 3 2 1 3 4 3 5 6 5 4 3 2 1 3 5 7 8 7 6 5 4 3 2 1 0 1 3 5 7 6 5 4 3 2 1 3 5 4 3 5 7 6 7
K=25 *int=0 B=36 i=6065954) 0 1 3 2 1 3 4 3 5 6 5 7 8 7 6 5 4 3 2 1 0 1 3 5 4 3 2 1 3 5 7 6 5 4 3 2 1 3 5 7 6 5 4 3 7
K=25 *int=0 B=36 i=6076835) 0 1 3 2 1 3 4 3 5 7 6 5 4 3 2 1 3 5 7 8 7 6 5 4 3 2 1 0 1 3 5 7 6 5 4 3 2 3 5 4 3 5 7 6 7
K=25 *int=0 B=36 i=6080288) 0 1 3 2 1 3 4 3 5 7 6 5 7 8 7 6 5 4 3 2 1 0 1 3 5 4 3 2 1 3 5 7 6 5 4 3 2 3 5 7 6 5 4 3 7
K=25 *int=1 B=35 i=6094032) 0 1 3 2 1 3 4 3 6 5 8 6* 5 4 3 2 1 0 1 3 5 4 3 2 1 3 5 8 7 6 5 4 3 2 1 3 5 7 6 5 4 3 7
K=25 *int=0 B=36 i=6171787) 0 1 3 2 1 3 5 4 3 2 1 3 5 6 5 4 3 5 7 8 7 6 5 4 3 2 1 0 1 3 2 1 3 5 4 3 5 7 6 5 4 3 2 1 7
K=25 *int=0 B=36 i=6173555) 0 1 3 2 1 3 5 4 3 2 1 3 5 7 6 5 4 3 5 7 8 7 6 5 4 3 2 1 0 1 3 2 1 3 5 4 3 5 7 6 5 4 3 2 7
K=25 *int=0 B=36 i=6188356) 0 1 3 2 1 3 5 4 3 5 6 5 4 3 2 1 3 5 7 8 7 6 5 4 3 2 1 0 1 3 5 7 6 5 4 3 2 1 3 5 4 5 7 6 7
K=25 *int=0 B=36 i=6193304) 0 1 3 2 1 3 5 4 3 5 6 5 7 8 7 6 5 4 3 2 1 0 1 3 5 4 3 2 1 3 5 7 6 5 4 3 2 1 3 5 7 6 5 4 7
K=25 *int=2 B=34 i=6202061) 0 1 3 2 1 3 5 4 3 5 7 6 5 4 3 2 1 0 3 5 7 8 7 6 5 4 3 1* 0 3 2 5 4 7 5* 4 3 2 4 7 6
K=25 *int=1 B=35 i=6202674) 0 1 3 2 1 3 5 4 3 5 7 6 5 4 3 2 1 3 5 7 8 7 6 5 4 3 2 1 0 1 3 2 5 7 6 5 3* 2 5 4 7 6 7
K=25 *int=0 B=36 i=6202703) 0 1 3 2 1 3 5 4 3 5 7 6 5 4 3 2 1 3 5 7 8 7 6 5 4 3 2 1 0 1 3 5 7 6 5 4 3 2 3 5 4 5 7 6 7
K=25 *int=0 B=36 i=6205308) 0 1 3 2 1 3 5 4 3 5 7 6 5 7 8 7 6 5 4 3 2 1 0 1 3 5 4 3 2 1 3 5 7 6 5 4 3 2 3 5 7 6 5 4 7
K=25 *int=0 B=36 i=6230945) 0 1 3 2 1 3 5 6 5 4 3 2 1 3 5 7 6 5 4 3 5 7 8 7 6 5 4 3 2 1 0 1 3 2 1 3 5 4 3 5 7 6 5 4 7
K=25 *int=0 B=36 i=6253285) 0 1 3 2 1 3 5 7 6 5 4 3 2 1 3 5 7 6 5 4 3 5 7 8 7 6 5 4 3 2 1 0 1 3 2 3 5 4 3 5 7 6 5 4 7
K=25 *int=0 B=36 i=6268265) 0 1 3 2 1 3 6 5 4 3 2 1 3 5 7 6 5 4 3 5 7 8 7 6 5 4 3 2 1 0 1 3 2 1 3 5 4 3 5 7 6 5 4 3 7
K=25 *int=0 B=36 i=6299155) 0 1 3 2 1 3 7 6 5 4 3 2 1 3 5 7 6 5 4 3 5 7 8 7 6 5 4 3 2 1 0 1 3 2 3 5 4 3 5 7 6 5 4 3 7
K=25 *int=2 B=34 i=6711185) 0 1 3 2 0* 3 5 4 3 5 7 6 5 4 3 2 1 0 3 2 5 4 7 8 7 5* 4 3 2 1 0 2 4 7 6 5 4 3 2 4 6
K=25 *int=3 B=33 i=6712263) 0 1 3 2 0* 3 5 4 3 5 7 6 5 4 2* 1 0 2 5 4 7 8 7 5* 4 3 2 1 0 2 4 7 6 5 4 3 2 4 6
K=25 *int=3 B=33 i=6712331) 0 1 3 2 0* 3 5 4 3 5 7 6 5 4 2* 1 0 2 4* 7 8 7 6 5 4 3 2 1 0 2 4 7 6 5 4 3 2 4 6
K=25 *int=4 B=32 i=6712364) 0 1 3 2 0* 3 5 4 3 5 7 6 5 4 2* 1 0 2 4* 7 8 6* 5 4 3 2 1 0 2 4 6 5 4 3 2 4 6
K=25 *int=4 B=32 i=6713039) 0 1 3 2 0* 3 5 4 3 5 7 6 4* 2* 1 0 2 4 7 8 7 5* 4 3 2 1 0 2 4 7 6 5 4 3 2 4 6
K=25 *int=5 B=31 i=6758842) 0 1 3 2 0* 3 4* 3 7 6 4* 2* 1 0 2 4 7 8 7 5* 4 3 2 1 0 2 4 7 6 5 4 3 2 4 6
K=25 *int=5 B=31 i=6788190) 0 1 3 2 0* 5 3* 5 7 6 4* 2* 1 0 2 4 7 8 7 5* 4 3 2 1 0 2 4 7 6 5 4 3 2 4 6
K=25 *int=0 B=36 i=6895316) 0 1 3 4 3 2 1 3 5 4 3 5 6 5 7 8 7 6 5 4 3 2 1 0 1 3 5 4 3 2 1 3 5 7 6 5 4 3 2 1 3 5 7 6 7
K=25 *int=0 B=36 i=6897857) 0 1 3 4 3 2 1 3 5 4 3 5 7 6 5 7 8 7 6 5 4 3 2 1 0 1 3 5 4 3 2 1 3 5 7 6 5 4 3 2 3 5 7 6 7
K=25 *int=0 B=36 i=6909883) 0 1 3 4 3 2 1 3 5 6 5 4 3 2 1 3 5 7 6 5 4 3 5 7 8 7 6 5 4 3 2 1 0 1 3 2 1 3 5 4 3 5 7 6 7
K=25 *int=0 B=36 i=6922079) 0 1 3 4 3 2 1 3 5 7 6 5 4 3 2 1 3 5 7 6 5 4 3 5 7 8 7 6 5 4 3 2 1 0 1 3 2 3 5 4 3 5 7 6 7
K=25 *int=0 B=36 i=7394953) 0 1 3 5 4 3 2 1 3 5 4 3 5 6 5 7 8 7 6 5 4 3 2 1 0 1 3 5 4 3 2 1 3 5 7 6 5 4 3 2 1 5 7 6 7
K=25 *int=0 B=36 i=7396634) 0 1 3 5 4 3 2 1 3 5 4 3 5 7 6 5 7 8 7 6 5 4 3 2 1 0 1 3 5 4 3 2 1 3 5 7 6 5 4 3 2 5 7 6 7
K=25 *int=0 B=36 i=7407100) 0 1 3 5 4 3 2 1 3 5 6 5 4 3 2 1 3 5 7 6 5 4 3 5 7 8 7 6 5 4 3 2 1 0 1 3 2 1 3 5 4 5 7 6 7
K=25 *int=1 B=35 i=7420877) 0 1 3 5 4 3 2 1 3 5 7 6 5 4 3 2 1 0 3 5 7 6 5 4 3 5 7 8 7 6 5 4 3 1* 0 3 2 5 4 5 7 6 7
K=25 *int=0 B=36 i=7421591) 0 1 3 5 4 3 2 1 3 5 7 6 5 4 3 2 1 3 5 7 6 5 4 3 5 7 8 7 6 5 4 3 2 1 0 1 3 2 3 5 4 5 7 6 7
K=25 *int=2 B=34 i=7486398) 0 1 3 5 4 3 2 0* 3 5 7 6 5 4 3 2 1 0 3 5 7 6 5 4 3 2 5 7 8 7 6 5 3* 2 1 0 2 5 4 7 6
K=25 *int=8 B=28 i=7489404) 0 1 3 5 4 3 2 0* 3 5 7 6 4* 2* 1 0 6* 4* 2* 8 6* 4* 3 2 1 0 2 4 6
K=25 *int=9 B=27 i=7581923) 0 1 3 5 4 2* 0* 5 7 6 4* 2* 1 0 6* 4* 2* 8 6* 4* 3 2 1 0 2 4 6
K=25 *int=1 B=35 i=7604141) 0 1 3 5 6 5 4 3 2 1 3 5 4 3 5 7 6 5 7 8 7 6 5 4 3 2 1 0 1 3 5 4 3 2 1 3 5 4 7 5* 4 7 6
K=25 *int=0 B=36 i=7604153) 0 1 3 5 6 5 4 3 2 1 3 5 4 3 5 7 6 5 7 8 7 6 5 4 3 2 1 0 1 3 5 4 3 2 1 3 5 7 6 5 4 5 7 6 7
K=25 *int=1 B=35 i=7685782) 0 1 3 5 7 6 5 4 3 2 1 3 5 4 3 5 7 6 5 7 8 7 6 5 4 3 2 1 0 1 3 5 4 3 2 3 5 4 7 5* 4 7 6
K=25 *int=0 B=36 i=7685794) 0 1 3 5 7 6 5 4 3 2 1 3 5 4 3 5 7 6 5 7 8 7 6 5 4 3 2 1 0 1 3 5 4 3 2 3 5 7 6 5 4 5 7 6 7
K=25 *int=4 B=32 i=7693377) 0 1 3 5 7 6 5 4 3 2 0* 3 5 4 3 2 3 5 7 6 5 4 7 8 7 5* 3* 1* 0 3 2 4 7 6 5 4 6
K=25 *int=1 B=35 i=7694323) 0 1 3 5 7 6 5 4 3 2 0* 3 5 4 3 5 7 6 5 7 8 7 6 5 4 3 2 1 0 3 5 4 3 2 3 5 7 6 5 4 5 7 6
K=25 *int=3 B=33 i=7694603) 0 1 3 5 7 6 5 4 3 2 0* 3 5 4 3 5 7 8 6* 5 4 2* 1 0 2 4 6 5 4 3 2 4 6 8 7 6 5 4 6
K=25 *int=5 B=31 i=7695743) 0 1 3 5 7 6 5 4 3 2 0* 3 5 4 2* 5 7 6 5 4 7 8 7 5* 3* 1* 0 3 2 4 7 6 5 4 6
K=25 *int=6 B=30 i=7702609) 0 1 3 5 7 6 5 4 2* 0* 5 4 2* 5 7 6 5 4 7 8 7 5* 3* 1* 0 3 2 4 7 6 5 4 6
K=25 *int=7 B=29 i=7703374) 0 1 3 5 7 6 5 4 2* 0* 4* 2* 7 6 5 4 7 8 7 5* 3* 1* 0 3 2 4 7 6 5 4 6
K=25 *int=7 B=29 i=7703460) 0 1 3 5 7 6 5 4 2* 0* 4* 2* 7 6 4* 7 8 7 6 5 3* 1* 0 3 2 4 7 6 5 4 6
K=25 *int=8 B=28 i=7703482) 0 1 3 5 7 6 5 4 2* 0* 4* 2* 7 6 4* 7 8 6* 5 3* 1* 0 3 2 4 6 5 4 6
K=25 *int=9 B=27 i=7703574) 0 1 3 5 7 6 5 4 2* 0* 4* 2* 6* 4* 8 6* 5 3* 1* 0 3 2 4 6 5 4 6
K=25 *int=7 B=29 i=7710926) 0 1 3 5 7 6 4* 2* 0* 4 2* 5 7 6 5 4 7 8 7 5* 3* 1* 0 3 2 4 7 6 5 4 6
K=25 *int=0 B=36 i=7745692) 0 1 3 6 5 4 3 2 1 3 5 4 3 5 7 6 5 7 8 7 6 5 4 3 2 1 0 1 3 5 4 3 2 1 3 5 7 6 5 4 3 5 7 6 7
K=25 *int=10 B=26 i=7844353) 0 1 3 6 7 5* 4 2* 0* 4* 2* 6* 4* 8 6* 5 3* 1* 0 3 4 6 5 4 6
K=25 *int=10 B=26 i=7852669) 0 1 3 6 8 7 6 4* 2* 0* 6 4* 2* 1 8 6* 4* 2* 1 8 6* 4* 3 4 6
K=25 *int=0 B=36 i=7873261) 0 1 3 7 6 5 4 3 2 1 3 5 4 3 5 7 6 5 7 8 7 6 5 4 3 2 1 0 1 3 5 4 3 2 3 5 7 6 5 4 3 5 7 6 7
K=25 *int=1 B=35 i=7881130) 0 1 3 7 6 5 4 3 2 0* 3 5 4 3 5 7 6 5 7 8 7 6 5 4 3 2 1 0 3 5 4 3 2 3 5 7 6 5 4 3 5 7 6
K=25 *int=10 B=26 i=7905689) 0 1 3 7 5* 4 2* 0* 4* 2* 6* 4* 8 6* 5 3* 1* 0 3 2 4 6 5 4 6
K=25 *int=10 B=26 i=7914740) 0 1 3 4* 2* 0* 7 6 4* 2* 1 0 6* 4* 2* 8 6* 4* 3 2 1 0 2 4 6
K=25 *int=0 B=36 i=8015928) 0 1 4 3 2 1 3 5 4 3 5 6 5 7 8 7 6 5 4 3 2 1 0 1 3 5 4 3 2 1 3 5 7 6 5 4 3 2 1 3 5 7 6 5 7
K=25 *int=0 B=36 i=8020472) 0 1 4 3 2 1 3 5 4 3 5 7 6 5 7 8 7 6 5 4 3 2 1 0 1 3 5 4 3 2 1 3 5 7 6 5 4 3 2 3 5 7 6 5 7
K=25 *int=0 B=36 i=8031047) 0 1 4 3 2 1 3 5 6 5 4 3 2 1 3 5 7 6 5 4 3 5 7 8 7 6 5 4 3 2 1 0 1 3 2 1 3 5 4 3 5 7 6 5 7
K=25 *int=0 B=36 i=8041900) 0 1 4 3 2 1 3 5 7 6 5 4 3 2 1 3 5 7 6 5 4 3 5 7 8 7 6 5 4 3 2 1 0 1 3 2 3 5 4 3 5 7 6 5 7
K=25 *int=10 B=26 i=8398142) 0 1 4 3 6 8 7 6 4* 2* 0* 6 4* 2* 1 8 6* 4* 2* 1 8 6* 4* 3 6
K=25 *int=10 B=26 i=8441003) 0 1 4 3 4* 2* 0* 7 6 4* 2* 1 0 6* 4* 2* 8 6* 4* 3 2 1 0 2 6
K=25 *int=0 B=36 i=8860787) 0 1 5 4 3 2 1 3 5 4 3 5 6 5 7 8 7 6 5 4 3 2 1 0 1 3 5 4 3 2 1 3 5 7 6 5 4 3 2 1 5 7 6 5 7
K=25 *int=0 B=36 i=8863740) 0 1 5 4 3 2 1 3 5 4 3 5 7 6 5 7 8 7 6 5 4 3 2 1 0 1 3 5 4 3 2 1 3 5 7 6 5 4 3 2 5 7 6 5 7
K=25 *int=0 B=36 i=8868652) 0 1 5 4 3 2 1 3 5 6 5 4 3 2 1 3 5 7 6 5 4 3 5 7 8 7 6 5 4 3 2 1 0 1 3 2 1 3 5 4 5 7 6 5 7
K=25 *int=1 B=35 i=8878727) 0 1 5 4 3 2 1 3 5 7 6 5 4 3 2 1 0 3 5 7 6 5 4 3 5 7 8 7 6 5 4 3 1* 0 3 2 5 4 5 7 6 5 7
K=25 *int=0 B=36 i=8879236) 0 1 5 4 3 2 1 3 5 7 6 5 4 3 2 1 3 5 7 6 5 4 3 5 7 8 7 6 5 4 3 2 1 0 1 3 2 3 5 4 5 7 6 5 7
K=25 *int=0 B=36 i=9079868) 0 1 5 6 5 4 3 2 1 3 5 4 3 5 7 6 5 7 8 7 6 5 4 3 2 1 0 1 3 5 4 3 2 1 3 5 7 6 5 4 5 7 6 5 7
K=25 *int=0 B=36 i=9138710) 0 1 5 7 6 5 4 3 2 1 3 5 4 3 5 7 6 5 7 8 7 6 5 4 3 2 1 0 1 3 5 4 3 2 3 5 7 6 5 4 5 7 6 5 7
K=25 *int=1 B=35 i=9146411) 0 1 5 7 6 5 4 3 2 0* 3 5 4 3 5 7 6 5 7 8 7 6 5 4 3 2 1 0 3 5 4 3 2 3 5 7 6 5 4 5 7 6 5
K=25 *int=8 B=28 i=9154545) 0 1 5 7 6 5 4 2* 0* 4* 2* 7 6 4* 7 8 7 6 5 3* 1* 0 3 2 4* 7 6 5 4
K=25 *int=0 B=36 i=9187482) 0 1 6 5 4 3 2 1 3 5 4 3 5 7 6 5 7 8 7 6 5 4 3 2 1 0 1 3 5 4 3 2 1 3 5 7 6 5 4 3 5 7 6 5 7
K=25 *int=0 B=36 i=9288507) 0 1 7 6 5 4 3 2 1 3 5 4 3 5 7 6 5 7 8 7 6 5 4 3 2 1 0 1 3 5 4 3 2 3 5 7 6 5 4 3 5 7 6 5 7
K=25 *int=1 B=35 i=9294228) 0 1 7 6 5 4 3 2 0* 3 5 4 3 5 7 6 5 7 8 7 6 5 4 3 2 1 0 3 5 4 3 2 3 5 7 6 5 4 3 5 7 6 5
K=25 *int=0 B=36 i=9320384) 0 2 1 0 2 3 2 1 0 2 4 5 4 3 2 4 6 7 6 5 4 3 2 1 0 2 4 6 8 7 6 5 4 3 2 1 0 2 4 6 5 4 3 2 4
K=25 *int=0 B=36 i=9321114) 0 2 1 0 2 3 2 1 0 2 4 5 4 3 2 4 6 8 7 6 5 4 3 2 1 0 2 4 6 8 7 6 5 4 3 2 1 2 4 6 5 4 3 2 4
K=25 *int=0 B=36 i=9329554) 0 2 1 0 2 3 2 1 0 2 4 6 5 4 3 2 4 6 7 6 5 4 3 2 1 0 2 4 6 8 7 6 5 4 3 2 1 0 2 4 6 5 4 3 4
K=25 *int=0 B=36 i=9330395) 0 2 1 0 2 3 2 1 0 2 4 6 5 4 3 2 4 6 8 7 6 5 4 3 2 1 0 2 4 6 8 7 6 5 4 3 2 1 2 4 6 5 4 3 4
K=25 *int=0 B=36 i=9522965) 0 2 1 0 2 3 2 4 5 4 3 2 1 0 2 4 6 7 6 5 4 3 2 1 0 2 4 6 5 4 3 2 4 6 8 7 6 5 4 3 2 1 0 2 4
K=25 *int=0 B=36 i=9524271) 0 2 1 0 2 3 2 4 5 4 3 2 1 0 2 4 6 8 7 6 5 4 3 2 1 0 2 4 6 5 4 3 2 4 6 8 7 6 5 4 3 2 1 2 4
K=25 *int=0 B=36 i=9549098) 0 2 1 0 2 3 2 4 5 4 6 7 6 5 4 3 2 1 0 2 4 3 2 4 6 5 4 6 8 7 6 5 4 3 2 1 0 2 4 3 2 4 6 5 4
K=25 *int=0 B=36 i=9555295) 0 2 1 0 2 3 2 4 5 4 6 8 7 6 5 4 3 2 1 0 2 4 3 2 4 6 5 4 6 8 7 6 5 4 3 2 1 2 4 3 2 4 6 5 4
K=25 *int=3 B=33 i=9581290) 0 2 1 0 2 3 2 4 5 7 6 4* 3 2 1 0 2 4 3 5 7 8 7 6 5 4 2* 1 0 2 5 7 6 5 3* 2 5 4 7
K=25 *int=0 B=36 i=9591952) 0 2 1 0 2 3 2 4 6 5 4 3 2 1 0 2 4 6 7 6 5 4 3 2 1 0 2 4 6 5 4 3 2 4 6 8 7 6 5 4 3 2 1 0 4
K=25 *int=0 B=36 i=9593660) 0 2 1 0 2 3 2 4 6 5 4 3 2 1 0 2 4 6 8 7 6 5 4 3 2 1 0 2 4 6 5 4 3 2 4 6 8 7 6 5 4 3 2 1 4
K=25 *int=3 B=33 i=9603338) 0 2 1 0 2 3 2 4 6 5 4 3 2 4 6 8 7 6 5 4 3 1* 0 1 3* 6 8 7 5* 4 3 2 1 3 5 4 3 5 7
K=25 *int=0 B=36 i=9609634) 0 2 1 0 2 3 2 4 6 5 4 6 7 6 5 4 3 2 1 0 2 4 3 2 4 6 5 4 6 8 7 6 5 4 3 2 1 0 2 4 3 4 6 5 4
K=25 *int=0 B=36 i=9614296) 0 2 1 0 2 3 2 4 6 5 4 6 8 7 6 5 4 3 2 1 0 2 4 3 2 4 6 5 4 6 8 7 6 5 4 3 2 1 2 4 3 4 6 5 4
K=25 *int=0 B=36 i=9623557) 0 2 1 0 2 3 2 4 6 7 6 5 4 3 2 1 0 2 4 6 8 7 6 5 4 3 2 1 0 2 4 6 5 4 3 2 4 6 8 7 6 5 4 3 4
K=25 *int=0 B=36 i=9631807) 0 2 1 0 2 3 2 4 6 8 7 6 5 4 3 2 1 0 2 4 6 8 7 6 5 4 3 2 1 2 4 6 5 4 3 2 4 6 8 7 6 5 4 3 4
K=25 *int=0 B=36 i=9635803) 0 2 1 0 2 3 2 4 7 6 5 4 3 2 1 0 2 4 6 8 7 6 5 4 3 2 1 0 2 4 6 5 4 3 2 4 6 8 7 6 5 4 3 2 4
K=25 *int=1 B=35 i=9636399) 0 2 1 0 2 3 2 4 7 6 5 4 3 2 1 0 2 4 6* 8 7 6 5 4 3 2 1 0 2 4 6 5 4 3 2 4 6 7 6 5 4 3 4
K=25 *int=0 B=36 i=9646637) 0 2 1 0 2 3 2 4 8 7 6 5 4 3 2 1 0 2 4 6 8 7 6 5 4 3 2 1 2 4 6 5 4 3 2 4 6 8 7 6 5 4 3 2 4
K=25 *int=3 B=33 i=9663778) 0 2 1 0 2 3 2 5 4 3 5 7 6 5 4 2* 1 0 2 5 7 8 7 6 5 3* 2 1 0 2 5 7 6 4* 3 2 4 5 7
K=25 *int=1 B=35 i=9684885) 0 2 1 0 2 3 2 5 4 7 5* 4 3 2 1 0 2 4 3 2 4 7 6 5 4 6 8 7 6 5 4 3 2 1 0 2 4 3 2 4 6 5 4
K=25 *int=3 B=33 i=9830940) 0 2 1 0 2 3 4 2* 5 7 6 5 4 3 2 1 0 2 5 7 8 7 6 5 4 3 2 1 0 2 4* 7 6 5 3* 2 3 5 7
K=25 *int=7 B=29 i=9863562) 0 2 1 0 2 3 5 4 3 2 5 7 6 5 3* 1* 0 7 8 7 5* 3* 1* 0 7 5* 3* 2 5 4 7
K=25 *int=2 B=34 i=9904767) 0 2 1 0 2 3 5 4 2* 5 7 6 5 4 3 2 1 0 2 5 7 8 7 6 5 4 3 2 1 0 2 4 5 7 6 4* 3 2 4 5 7
K=25 *int=2 B=34 i=9904801) 0 2 1 0 2 3 5 4 2* 5 7 6 5 4 3 2 1 0 2 5 7 8 7 6 5 4 3 2 1 0 2 4* 7 6 5 4 3 2 4 5 7
K=25 *int=3 B=33 i=9904807) 0 2 1 0 2 3 5 4 2* 5 7 6 5 4 3 2 1 0 2 5 7 8 7 6 5 4 3 2 1 0 2 4* 7 6 5 3* 2 5 7
K=25 *int=3 B=33 i=9904855) 0 2 1 0 2 3 5 4 2* 5 7 6 5 4 3 2 1 0 2 5 7 8 7 6 5 3* 2 1 0 2 5 7 6 4* 3 2 4 5 7
K=25 *int=4 B=32 i=9905801) 0 2 1 0 2 3 5 4 2* 5 7 6 5 4 3 1* 0 3 5 7 8 7 6 5 4 3 1* 0 5 7 6 5 3* 2 5 4 7
K=25 *int=4 B=32 i=9905957) 0 2 1 0 2 3 5 4 2* 5 7 6 5 4 3 1* 0 5 7 8 7 6 5 3* 2 1 0 2 5 7 6 4* 3 2 4 5 7
K=25 *int=5 B=31 i=9905981) 0 2 1 0 2 3 5 4 2* 5 7 6 5 4 3 1* 0 5 7 8 7 6 5 3* 1* 0 5 7 6 5 3* 2 5 4 7
K=25 *int=5 B=31 i=9905988) 0 2 1 0 2 3 5 4 2* 5 7 6 5 4 3 1* 0 5 7 8 7 6 5 3* 1* 0 5 7 6 4* 3 2 4 5 7
K=25 *int=6 B=30 i=9906001) 0 2 1 0 2 3 5 4 2* 5 7 6 5 4 3 1* 0 5 7 8 7 6 5 3* 1* 0 7 5* 3* 2 5 4 7
K=25 *int=7 B=29 i=9906026) 0 2 1 0 2 3 5 4 2* 5 7 6 5 4 3 1* 0 5 7 8 6* 5 3* 1* 0 5* 3* 2 5 4 7
K=25 *int=7 B=29 i=9906068) 0 2 1 0 2 3 5 4 2* 5 7 6 5 4 3 1* 0 7 8 7 5* 3* 1* 0 7 5* 3* 2 5 4 7
K=25 *int=5 B=31 i=9906374) 0 2 1 0 2 3 5 4 2* 5 7 6 5 4 3 1* 5 7 8 7 6 5 3* 2 0* 2 5 7 6 4* 3 2 4 5 7
K=25 *int=3 B=33 i=9906902) 0 2 1 0 2 3 5 4 2* 5 7 6 5 7 8 7 6 4* 3 2 1 0 2 4 3 2 1 2 4 6* 5 4 3 2 4 6 5 4 7
K=25 *int=7 B=29 i=9947828) 0 2 1 0 2 3 5 7 6 4* 2* 1 0 6* 4* 2* 8 6* 4* 3 2 1 0 2 4 3 4 6 5 4 7
K=25 *int=10 B=26 i=9987684) 0 2 1 0 2 3 6 4* 2* 1 8 6* 4* 2* 0* 8 6* 4* 2* 1 6 4* 3 4 7
K=25 *int=10 B=26 i=9987950) 0 2 1 0 2 3 6 4* 2* 1 6* 4* 2* 0* 8 6* 4* 2* 1 0 6 4* 3 4 7
K=25 *int=8 B=28 i=9998200) 0 2 1 0 2 3 7 6 4* 2* 1 0 6* 4* 2* 8 6* 4* 3 2 1 0 2 6 4* 3 4 5 7
K=25 *int=0 B=36 i=10006610) 0 2 1 0 2 4 3 2 1 0 2 4 5 4 3 2 4 6 7 6 5 4 3 2 1 0 2 4 6 8 7 6 5 4 3 2 1 0 2 4 6 5 4 3 2
K=25 *int=0 B=36 i=10007507) 0 2 1 0 2 4 3 2 1 0 2 4 5 4 3 2 4 6 8 7 6 5 4 3 2 1 0 2 4 6 8 7 6 5 4 3 2 1 2 4 6 5 4 3 2
K=25 *int=0 B=36 i=10017433) 0 2 1 0 2 4 3 2 1 0 2 4 6 5 4 3 2 4 6 7 6 5 4 3 2 1 0 2 4 6 8 7 6 5 4 3 2 1 0 2 4 6 5 4 3
K=25 *int=0 B=36 i=10018388) 0 2 1 0 2 4 3 2 1 0 2 4 6 5 4 3 2 4 6 8 7 6 5 4 3 2 1 0 2 4 6 8 7 6 5 4 3 2 1 2 4 6 5 4 3
K=25 *int=3 B=33 i=10081616) 0 2 1 0 2 4 3 2 1 4 5 7 6 4* 2* 0* 4 3 5 7 8 7 6 5 4 3 2 1 0 3 5 7 6 5 4 3 2 3 5
K=25 *int=0 B=36 i=10111158) 0 2 1 0 2 4 3 2 4 5 4 3 2 1 0 2 4 6 7 6 5 4 3 2 1 0 2 4 6 5 4 3 2 4 6 8 7 6 5 4 3 2 1 0 2
K=25 *int=0 B=36 i=10112356) 0 2 1 0 2 4 3 2 4 5 4 3 2 1 0 2 4 6 8 7 6 5 4 3 2 1 0 2 4 6 5 4 3 2 4 6 8 7 6 5 4 3 2 1 2
K=25 *int=0 B=36 i=10133210) 0 2 1 0 2 4 3 2 4 5 4 6 7 6 5 4 3 2 1 0 2 4 3 2 4 6 5 4 6 8 7 6 5 4 3 2 1 0 2 4 3 2 4 6 5
K=25 *int=8 B=28 i=10139608) 0 2 1 0 2 4 3 2 4 5 4 6 7 8 6* 5 3* 1* 0 5* 3* 1* 7 5* 3* 2 3 5 7
K=25 *int=0 B=36 i=10140561) 0 2 1 0 2 4 3 2 4 5 4 6 8 7 6 5 4 3 2 1 0 2 4 3 2 4 6 5 4 6 8 7 6 5 4 3 2 1 2 4 3 2 4 6 5
K=25 *int=7 B=29 i=10142379) 0 2 1 0 2 4 3 2 4 5 4 6 8 7 6 5 3* 1* 0 5* 3* 1* 8 7 5* 3* 2 1 3 5 7
K=25 *int=7 B=29 i=10144760) 0 2 1 0 2 4 3 2 4 5 4 7 6 5 3* 1* 0 7 8 7 5* 3* 1* 0 7 5* 3* 2 3 5 7
K=25 *int=3 B=33 i=10157480) 0 2 1 0 2 4 3 2 4 5 7 6 5 4 3 2 1 0 2 4* 7 8 7 6 5 3* 2 1 0 2* 5 7 6 5 4 3 2 5 7
K=25 *int=2 B=34 i=10159957) 0 2 1 0 2 4 3 2 4 5 7 6 4* 3 2 1 0 2 4 3 5 7 8 7 6 5 4 3 2 1 0 2* 5 7 6 5 4 3 2 5 7
K=25 *int=2 B=34 i=10159977) 0 2 1 0 2 4 3 2 4 5 7 6 4* 3 2 1 0 2 4 3 5 7 8 7 6 5 4 2* 1 0 2 3 5 7 6 5 4 3 2 5 7
K=25 *int=3 B=33 i=10159991) 0 2 1 0 2 4 3 2 4 5 7 6 4* 3 2 1 0 2 4 3 5 7 8 7 6 5 4 2* 1 0 2 5 7 6 5 3* 2 5 7
K=25 *int=3 B=33 i=10160140) 0 2 1 0 2 4 3 2 4 5 7 6 4* 3 2 1 0 2 4 5 7 8 7 6 5 3* 2 1 0 2* 5 7 6 5 4 3 2 5 7
K=25 *int=4 B=32 i=10160194) 0 2 1 0 2 4 3 2 4 5 7 6 4* 3 2 1 0 2 4 7 8 7 5* 4 3 2 1 0 2 4 7 5* 3* 2 3 5 7
K=25 *int=5 B=31 i=10160240) 0 2 1 0 2 4 3 2 4 5 7 6 4* 3 2 1 0 2 4 7 8 7 5* 3* 2 1 0 2 7 5* 3* 2 3 5 7
K=25 *int=4 B=32 i=10160276) 0 2 1 0 2 4 3 2 4 5 7 6 4* 3 2 1 0 2 4 7 8 7 5* 3* 2 1 0 2* 5 7 6 5 4 3 2 5 7
K=25 *int=5 B=31 i=10160283) 0 2 1 0 2 4 3 2 4 5 7 6 4* 3 2 1 0 2 4 7 8 7 5* 3* 2 1 0 2* 5 6* 5 4 3 2 5
K=25 *int=5 B=31 i=10160291) 0 2 1 0 2 4 3 2 4 5 7 6 4* 3 2 1 0 2 4 7 8 7 5* 3* 2 1 0 2* 7 5* 4 3 2 5 7
K=25 *int=6 B=30 i=10160305) 0 2 1 0 2 4 3 2 4 5 7 6 4* 3 2 1 0 2 4 7 8 7 5* 3* 1* 0 7 5* 3* 2 3 5 7
K=25 *int=7 B=29 i=10161933) 0 2 1 0 2 4 3 2 4 5 7 6 4* 3 1* 0 4 7 8 7 5* 3* 1* 0 7 5* 3* 2 3 5 7
K=25 *int=0 B=36 i=10167319) 0 2 1 0 2 4 3 2 4 6 5 4 3 2 1 0 2 4 6 7 6 5 4 3 2 1 0 2 4 6 5 4 3 2 4 6 8 7 6 5 4 3 2 1 0
K=25 *int=1 B=35 i=10167369) 0 2 1 0 2 4 3 2 4 6 5 4 3 2 1 0 2 4 6 7 6 5 4 3 2 1 0 2 4 6 5 4 6 8 7 6 5 3* 2 1 0 3 5
K=25 *int=2 B=34 i=10167863) 0 2 1 0 2 4 3 2 4 6 5 4 3 2 1 0 2 4 6 7 6 5 4 3 2 4 6 8 7 5* 4 3 1* 0 1 3 5 4 3 5 7
K=25 *int=0 B=36 i=10168746) 0 2 1 0 2 4 3 2 4 6 5 4 3 2 1 0 2 4 6 8 7 6 5 4 3 2 1 0 2 4 6 5 4 3 2 4 6 8 7 6 5 4 3 2 1
K=25 *int=1 B=35 i=10168795) 0 2 1 0 2 4 3 2 4 6 5 4 3 2 1 0 2 4 6 8 7 6 5 4 3 2 1 0 2 4 6 5 4 6 8 7 6 5 3* 2 1 3 5
K=25 *int=2 B=34 i=10174171) 0 2 1 0 2 4 3 2 4 6 5 4 3 2 4 6 7 6 8 7 5* 4 3 1* 0 1 3 5 4 3 2 1 3 5 7 6 5 4 3 5 7
K=25 *int=2 B=34 i=10174312) 0 2 1 0 2 4 3 2 4 6 5 4 3 2 4 6 7 8 6* 5 4 3 1* 0 1 3 6 5 4 3 2 1 3 5 7 6 5 4 3 5 7
K=25 *int=3 B=33 i=10174704) 0 2 1 0 2 4 3 2 4 6 5 4 3 2 4 6* 8 7 5* 4 3 1* 0 1 3 5 4 3 2 1 3 5 7 6 5 4 3 5 7
K=25 *int=3 B=33 i=10174861) 0 2 1 0 2 4 3 2 4 6 5 4 3 2 6 7 8 6* 4* 3 1* 0 1 3 6 5 4 3 2 1 3 5 7 6 5 4 3 5 7
K=25 *int=3 B=33 i=10176846) 0 2 1 0 2 4 3 2 4 6 5 4 3 6 7 8 6* 4* 2* 1 0 2 1 3 6 5 4 3 2 1 3 5 7 6 5 4 3 5 7
K=25 *int=0 B=36 i=10179828) 0 2 1 0 2 4 3 2 4 6 5 4 6 7 6 5 4 3 2 1 0 2 4 3 2 4 6 5 4 6 8 7 6 5 4 3 2 1 0 2 4 3 4 6 5
K=25 *int=1 B=35 i=10184802) 0 2 1 0 2 4 3 2 4 6 5 4 6 8 7 6 5 4 3 2 1 0 2 4 3 2 1 4 6 5 4 6 8 7 6 5 4 2* 1 4 3 6 5
K=25 *int=0 B=36 i=10184922) 0 2 1 0 2 4 3 2 4 6 5 4 6 8 7 6 5 4 3 2 1 0 2 4 3 2 4 6 5 4 6 8 7 6 5 4 3 2 1 2 4 3 4 6 5
K=25 *int=2 B=34 i=10188165) 0 2 1 0 2 4 3 2 4 6 5 7 6 4* 3 2 1 0 2 4 3 5 7 8 7 6 5 4 2* 1 0 2 3 5 7 6 5 4 3 5 7
K=25 *int=3 B=33 i=10190495) 0 2 1 0 2 4 3 2 4 6 5 8 6* 4* 3 2 1 0 2 4 3 5 8 7 6 5 4 2* 1 2 3 5 7 6 5 4 3 5 7
K=25 *int=3 B=33 i=10191534) 0 2 1 0 2 4 3 2 4 6 5 6* 4* 3 2 1 0 2 4 3 5 8 7 6 5 4 2* 1 0 2 3 5 7 6 5 4 3 5 7
K=25 *int=0 B=36 i=10192788) 0 2 1 0 2 4 3 2 4 6 7 6 5 4 3 2 1 0 2 4 6 8 7 6 5 4 3 2 1 0 2 4 6 5 4 3 2 4 6 8 7 6 5 4 3
K=25 *int=2 B=34 i=10196032) 0 2 1 0 2 4 3 2 4 6 7 5* 4 3 2 1 0 2 5 4 3 5 7 8 7 6 5 4 2* 1 0 2 3 5 7 6 5 4 3 5 7
K=25 *int=3 B=33 i=10196311) 0 2 1 0 2 4 3 2 4 6 7 5* 4 3 2 1 0 2 4* 3 7 8 7 6 5 4 2* 1 0 2 3 5 7 6 5 4 3 5 7
K=25 *int=4 B=32 i=10196345) 0 2 1 0 2 4 3 2 4 6 7 5* 4 3 2 1 0 2 4* 3 7 8 7 6 4* 2* 1 0 2 3 7 6 5 4 3 5 7
K=25 *int=5 B=31 i=10196351) 0 2 1 0 2 4 3 2 4 6 7 5* 4 3 2 1 0 2 4* 3 7 8 7 6 4* 2* 1 0 2 3 6* 5 4 3 5
K=25 *int=5 B=31 i=10196378) 0 2 1 0 2 4 3 2 4 6 7 5* 4 3 2 1 0 2 4* 3 7 8 6* 4* 2* 1 0 2 3 6 5 4 3 5 7
K=25 *int=3 B=33 i=10196438) 0 2 1 0 2 4 3 2 4 6 7 5* 4 3 2 1 0 2 4* 7 8 7 6 5 3* 2 1 0 3 2 3 5 7 6 5 4 3 5 7
K=25 *int=4 B=32 i=10196463) 0 2 1 0 2 4 3 2 4 6 7 5* 4 3 2 1 0 2 4* 7 8 7 6 5 3* 2 1 0 2* 5 7 6 5 4 3 5 7
K=25 *int=0 B=36 i=10198824) 0 2 1 0 2 4 3 2 4 6 8 7 6 5 4 3 2 1 0 2 4 6 8 7 6 5 4 3 2 1 2 4 6 5 4 3 2 4 6 8 7 6 5 4 3
K=25 *int=0 B=36 i=10201274) 0 2 1 0 2 4 3 2 4 7 6 5 4 3 2 1 0 2 4 6 8 7 6 5 4 3 2 1 0 2 4 6 5 4 3 2 4 6 8 7 6 5 4 3 2
K=25 *int=1 B=35 i=10201312) 0 2 1 0 2 4 3 2 4 7 6 5 4 3 2 1 0 2 4 6 8 7 6 5 4 3 2 1 0 2 4 6 5 4 6 8 7 6 5 3* 2 3 5
K=25 *int=4 B=32 i=10201651) 0 2 1 0 2 4 3 2 4 7 6 5 4 3 2 1 0 2 4 6* 5 4 3 8 6* 4* 2* 1 0 2 3 6 5 4 3 5 7
K=25 *int=1 B=35 i=10201763) 0 2 1 0 2 4 3 2 4 7 6 5 4 3 2 1 0 2 4 6* 8 7 6 5 4 3 2 1 0 2 4 6 5 4 3 2 4 6 7 6 5 4 3
K=25 *int=5 B=31 i=10202085) 0 2 1 0 2 4 3 2 4 7 6 5 4 3 2 1 0 2 6* 4* 3 8 6* 4* 2* 1 0 2 3 6 5 4 3 5 7
K=25 *int=3 B=33 i=10203638) 0 2 1 0 2 4 3 2 4 7 6 5 4 3 2 4 6* 8 7 5* 4 3 1* 0 1 3 5 4 3 2 3 5 7 6 5 4 3 5 7
K=25 *int=4 B=32 i=10208414) 0 2 1 0 2 4 3 2 4 7 5* 4 3 2 1 0 2 4* 7 8 7 6 5 3* 2 1 0 2* 5 7 6 5 4 3 2 5 7
K=25 *int=0 B=36 i=10209584) 0 2 1 0 2 4 3 2 4 8 7 6 5 4 3 2 1 0 2 4 6 8 7 6 5 4 3 2 1 2 4 6 5 4 3 2 4 6 8 7 6 5 4 3 2
K=25 *int=1 B=35 i=10209600) 0 2 1 0 2 4 3 2 4 8 7 6 5 4 3 2 1 0 2 4 6 8 7 6 5 4 3 2 1 2 4 6 5 4 6 8 7 6 5 3* 2 3 5
K=25 *int=6 B=30 i=10230242) 0 2 1 0 2 4 3 2 7 6 4* 3 2 1 0 2 6* 4* 3 8 6* 4* 2* 1 0 2 3 6 5 4 3 5 7
K=25 *int=8 B=28 i=10230653) 0 2 1 0 2 4 3 2 4* 7 6 5 3* 1* 0 7 8 7 5* 3* 1* 0 7 5* 3* 2 3 5 7
K=25 *int=4 B=32 i=10233341) 0 2 1 0 2 4 3 4 6 5 4 2* 6 7 8 6* 4* 3 1* 0 1 3 6 5 4 3 2 1 3 5 7 6 5 4 3 5 7
K=25 *int=8 B=28 i=10285515) 0 2 1 0 2 4 3 6 4* 2* 1 0 6* 4* 2* 8 6* 4* 3 1* 0 1 3 6 5 4 3 5 7
K=25 *int=7 B=29 i=10286666) 0 2 1 0 2 4 3 6 4* 2* 1 8 6* 4* 2* 1 0 1 8 6* 4* 3 2 1 3 6 5 4 3 5 7
K=25 *int=8 B=28 i=10286719) 0 2 1 0 2 4 3 6 4* 2* 1 8 6* 4* 2* 0* 8 6* 4* 3 2 1 3 6 5 4 3 5 7
K=25 *int=9 B=27 i=10286730) 0 2 1 0 2 4 3 6 4* 2* 1 8 6* 4* 2* 0* 8 6* 4* 2* 1 6 5 4 3 5 7
K=25 *int=10 B=26 i=10286734) 0 2 1 0 2 4 3 6 4* 2* 1 8 6* 4* 2* 0* 8 6* 4* 2* 1 6 4* 3 7
K=25 *int=8 B=28 i=10287094) 0 2 1 0 2 4 3 6 4* 2* 1 6* 4* 2* 0* 8 6* 4* 3 2 1 0 3 6 5 4 3 5 7
K=25 *int=9 B=27 i=10287106) 0 2 1 0 2 4 3 6 4* 2* 1 6* 4* 2* 0* 8 6* 4* 2* 1 0 6 5 4 3 5 7
K=25 *int=10 B=26 i=10287110) 0 2 1 0 2 4 3 6 4* 2* 1 6* 4* 2* 0* 8 6* 4* 2* 1 0 6 4* 3 7
K=25 *int=5 B=31 i=10287364) 0 2 1 0 2 4 3 6 4* 2* 6 7 8 6* 4* 3 1* 0 1 3 6 5 4 3 2 1 3 5 7 6 5 4 3 5 7
K=25 *int=4 B=32 i=10288114) 0 2 1 0 2 4 3 6 4* 2* 8 6* 5 4 3 1* 0 1 3 5 8 7 6 5 4 3 2 1 3 5 7 6 5 4 3 5 7
K=25 *int=5 B=31 i=10288214) 0 2 1 0 2 4 3 6 4* 2* 8 6* 4* 3 1* 0 1 3 8 7 6 5 4 3 2 1 3 5 7 6 5 4 3 5 7
K=25 *int=6 B=30 i=10288236) 0 2 1 0 2 4 3 6 4* 2* 8 6* 4* 3 1* 0 1 3 8 6* 5 4 3 2 1 3 5 6 5 4 3 5 7
K=25 *int=7 B=29 i=10288243) 0 2 1 0 2 4 3 6 4* 2* 8 6* 4* 3 1* 0 1 3 8 6* 5 4 3 2 1 3 5* 4 3 5 7
K=25 *int=7 B=29 i=10288261) 0 2 1 0 2 4 3 6 4* 2* 8 6* 4* 3 1* 0 1 3 8 6* 4* 3 2 1 3 6 5 4 3 5 7
K=25 *int=7 B=29 i=10292895) 0 2 1 0 2 4 3 7 6 4* 2* 1 0 2 6* 4* 3 8 6* 4* 2* 1 0 2 3 6 5 4 3 5 7
K=25 *int=7 B=29 i=10293182) 0 2 1 0 2 4 3 7 6 4* 2* 1 0 6* 4* 2* 8 6* 4* 3 2 1 0 2 3 6 5 4 3 5 7
K=25 *int=8 B=28 i=10293199) 0 2 1 0 2 4 3 7 6 4* 2* 1 0 6* 4* 2* 8 6* 4* 3 1* 0 3 6 5 4 3 5 7
K=25 *int=0 B=36 i=10303882) 0 2 1 0 2 4 5 4 3 2 1 0 2 4 6 5 4 3 2 4 6 7 6 5 4 3 2 1 0 2 4 6 8 7 6 5 4 3 2 1 0 2 4 6 5
K=25 *int=0 B=36 i=10304371) 0 2 1 0 2 4 5 4 3 2 1 0 2 4 6 5 4 3 2 4 6 8 7 6 5 4 3 2 1 0 2 4 6 8 7 6 5 4 3 2 1 2 4 6 5
K=25 *int=0 B=36 i=10344112) 0 2 1 0 2 4 5 4 3 2 4 6 7 6 5 4 3 2 1 0 2 4 6 8 7 6 5 4 3 2 1 0 2 4 6 5 4 3 2 4 6 8 7 6 5
K=25 *int=0 B=36 i=10348135) 0 2 1 0 2 4 5 4 3 2 4 6 8 7 6 5 4 3 2 1 0 2 4 6 8 7 6 5 4 3 2 1 2 4 6 5 4 3 2 4 6 8 7 6 5
K=25 *int=1 B=35 i=10350143) 0 2 1 0 2 4 5 4 3 2 4 7 6 5 4 3 2 1 0 2 4 6* 8 7 6 5 4 3 2 1 0 2 4 6 5 4 3 2 4 6 7 6 5
K=25 *int=2 B=34 i=10404331) 0 2 1 0 2 4 5 3* 2 1 3 5 7 6 5 4 3 2 0* 3 5 7 8 7 6 5 4 3 2 1 0 3 5 7 6 5 4 3 2 5 7
K=25 *int=8 B=28 i=10410078) 0 2 1 0 2 4 5 3* 2 5 7 6 5 3* 1* 0 7 8 7 5* 3* 1* 0 7 5* 3* 2 5 7
K=25 *int=9 B=27 i=10411452) 0 2 1 0 2 4 5 3* 2 7 5* 3* 1* 0 7 8 7 5* 3* 1* 0 7 5* 3* 2 5 7
K=25 *int=10 B=26 i=10411548) 0 2 1 0 2 4 5 3* 2 7 5* 3* 1* 0 7* 5* 3* 1* 0 7 5* 3* 2 5 7
K=25 *int=10 B=26 i=10411943) 0 2 1 0 2 4 5 3* 2 8 7 5* 3* 1* 0 7* 5* 3* 1* 7 5* 3* 2 5 7
K=25 *int=0 B=36 i=10419607) 0 2 1 0 2 4 6 5 4 3 2 1 0 2 4 6 5 4 3 2 4 6 7 6 5 4 3 2 1 0 2 4 6 8 7 6 5 4 3 2 1 0 4 6 5
K=25 *int=0 B=36 i=10420094) 0 2 1 0 2 4 6 5 4 3 2 1 0 2 4 6 5 4 3 2 4 6 8 7 6 5 4 3 2 1 0 2 4 6 8 7 6 5 4 3 2 1 4 6 5
K=25 *int=0 B=36 i=10440674) 0 2 1 0 2 4 6 5 4 3 2 4 6 7 6 5 4 3 2 1 0 2 4 6 8 7 6 5 4 3 2 1 0 2 4 6 5 4 3 4 6 8 7 6 5
K=25 *int=0 B=36 i=10444401) 0 2 1 0 2 4 6 5 4 3 2 4 6 8 7 6 5 4 3 2 1 0 2 4 6 8 7 6 5 4 3 2 1 2 4 6 5 4 3 4 6 8 7 6 5
K=25 *int=2 B=34 i=10460700) 0 2 1 0 2 4 6 5 3* 2 1 3 5 7 6 5 4 3 2 0* 3 5 7 8 7 6 5 4 3 2 1 0 3 5 7 6 5 4 3 5 7
K=25 *int=0 B=36 i=10468281) 0 2 1 0 2 4 6 7 6 5 4 3 2 1 0 2 4 6 5 4 3 2 4 6 8 7 6 5 4 3 2 1 0 2 4 6 8 7 6 5 4 3 4 6 5
K=25 *int=0 B=36 i=10478550) 0 2 1 0 2 4 6 8 7 6 5 4 3 2 1 0 2 4 6 5 4 3 2 4 6 8 7 6 5 4 3 2 1 2 4 6 8 7 6 5 4 3 4 6 5
K=25 *int=0 B=36 i=10482005) 0 2 1 0 2 4 7 6 5 4 3 2 1 0 2 4 6 5 4 3 2 4 6 8 7 6 5 4 3 2 1 0 2 4 6 8 7 6 5 4 3 2 4 6 5
K=25 *int=3 B=33 i=10491191) 0 2 1 0 2 4 7 6 5 3* 2 1 0 2* 5 7 6 5 4 3 5 7 8 7 6 5 4 2* 1 0 2 3 5 7 6 5 4 3 5
K=25 *int=0 B=36 i=10498181) 0 2 1 0 2 4 8 7 6 5 4 3 2 1 0 2 4 6 5 4 3 2 4 6 8 7 6 5 4 3 2 1 2 4 6 8 7 6 5 4 3 2 4 6 5
K=25 *int=0 B=36 i=10503826) 0 2 1 0 2 5 4 3 2 1 0 2 4 6 5 4 3 2 4 6 7 6 5 4 3 2 1 0 2 4 6 8 7 6 5 4 3 2 1 0 2 4 6 5 4
K=25 *int=0 B=36 i=10504351) 0 2 1 0 2 5 4 3 2 1 0 2 4 6 5 4 3 2 4 6 8 7 6 5 4 3 2 1 0 2 4 6 8 7 6 5 4 3 2 1 2 4 6 5 4
K=25 *int=0 B=36 i=10552329) 0 2 1 0 2 5 4 3 2 4 6 7 6 5 4 3 2 1 0 2 4 6 8 7 6 5 4 3 2 1 0 2 4 6 5 4 3 2 4 6 8 7 6 5 4
K=25 *int=0 B=36 i=10555863) 0 2 1 0 2 5 4 3 2 4 6 8 7 6 5 4 3 2 1 0 2 4 6 8 7 6 5 4 3 2 1 2 4 6 5 4 3 2 4 6 8 7 6 5 4
K=25 *int=1 B=35 i=10557352) 0 2 1 0 2 5 4 3 2 4 7 6 5 4 3 2 1 0 2 4 6* 8 7 6 5 4 3 2 1 0 2 4 6 5 4 3 2 4 6 7 6 5 4
K=25 *int=2 B=34 i=10569843) 0 2 1 0 2 5 4 3 2 4* 7 6 5 4 3 2 1 0 2 4 7 8 7 6 5 4 3 2 1 0 2 4 6* 5 4 3 2 4 6 5 7
K=25 *int=8 B=28 i=10570438) 0 2 1 0 2 5 4 3 2 4* 7 6 5 3* 1* 0 7 8 7 5* 3* 1* 0 7 5* 3* 2 5 7
K=25 *int=8 B=28 i=10664197) 0 2 1 0 2 5 3* 2 5 7 6 5 3* 1* 0 7 8 7 5* 3* 1* 0 7 5* 3* 2 5 4 7
K=25 *int=9 B=27 i=10665111) 0 2 1 0 2 5 3* 2 7 5* 3* 1* 0 7 8 7 5* 3* 1* 0 7 5* 3* 2 5 4 7
K=25 *int=10 B=26 i=10665219) 0 2 1 0 2 5 3* 2 7 5* 3* 1* 0 7* 5* 3* 1* 0 7 5* 3* 2 5 4 7
K=25 *int=10 B=26 i=10665591) 0 2 1 0 2 5 3* 2 8 7 5* 3* 1* 0 7* 5* 3* 1* 7 5* 3* 2 5 4 7
K=25 *int=0 B=36 i=10671628) 0 2 1 0 2 6 5 4 3 2 1 0 2 4 6 5 4 3 2 4 6 7 6 5 4 3 2 1 0 2 4 6 8 7 6 5 4 3 2 1 0 4 6 5 4
K=25 *int=0 B=36 i=10672158) 0 2 1 0 2 6 5 4 3 2 1 0 2 4 6 5 4 3 2 4 6 8 7 6 5 4 3 2 1 0 2 4 6 8 7 6 5 4 3 2 1 4 6 5 4
K=25 *int=0 B=36 i=10691561) 0 2 1 0 2 6 5 4 3 2 4 6 7 6 5 4 3 2 1 0 2 4 6 8 7 6 5 4 3 2 1 0 2 4 6 5 4 3 4 6 8 7 6 5 4
K=25 *int=0 B=36 i=10693966) 0 2 1 0 2 6 5 4 3 2 4 6 8 7 6 5 4 3 2 1 0 2 4 6 8 7 6 5 4 3 2 1 2 4 6 5 4 3 4 6 8 7 6 5 4
K=25 *int=0 B=36 i=10717277) 0 2 1 0 2 6 7 6 5 4 3 2 1 0 2 4 6 5 4 3 2 4 6 8 7 6 5 4 3 2 1 0 2 4 6 8 7 6 5 4 3 4 6 5 4
K=25 *int=0 B=36 i=10725397) 0 2 1 0 2 6 8 7 6 5 4 3 2 1 0 2 4 6 5 4 3 2 4 6 8 7 6 5 4 3 2 1 2 4 6 8 7 6 5 4 3 4 6 5 4
K=25 *int=0 B=36 i=10728356) 0 2 1 0 2 7 6 5 4 3 2 1 0 2 4 6 5 4 3 2 4 6 8 7 6 5 4 3 2 1 0 2 4 6 8 7 6 5 4 3 2 4 6 5 4
K=25 *int=0 B=36 i=10740062) 0 2 1 0 2 8 7 6 5 4 3 2 1 0 2 4 6 5 4 3 2 4 6 8 7 6 5 4 3 2 1 2 4 6 8 7 6 5 4 3 2 4 6 5 4
K=25 *int=5 B=31 i=10741988) 0 2 1 0 2 3* 6 5 4 2* 6 7 8 6* 4* 3 1* 0 1 3 6 5 4 3 2 1 3 5 7 6 5 4 3 5 7
K=25 *int=7 B=29 i=11091837) 0 2 1 0 4 2* 7 6 4* 3 2 1 0 2 6* 4* 3 8 6* 4* 2* 1 0 2 3 6 5 4 3 5 7
K=25 *int=9 B=27 i=11091928) 0 2 1 0 4 2* 4* 7 6 5 3* 1* 0 7 8 7 5* 3* 1* 0 7 5* 3* 2 3 5 7
K=25 *int=9 B=27 i=11115869) 0 2 1 0 5 4 2* 4* 7 6 5 3* 1* 0 7 8 7 5* 3* 1* 0 7 5* 3* 2 5 7
K=25 *int=4 B=32 i=11137648) 0 2 1 0 2* 5 4 3 5 7 6 5 4 2* 1 0 2 5 7 8 7 6 5 3* 2 1 0 2 5 7 6 4* 3 2 4 5 7
K=25 *int=7 B=29 i=11254928) 0 2 1 2 4 3 2 4 5 7 6 4* 3 2 0* 2 4 7 8 7 5* 3* 1* 0 7 5* 3* 2 3 5 7
K=25 *int=4 B=32 i=11259456) 0 2 1 2 4 3 2 4 6 5 4 3 6 7 8 6* 4* 2* 0* 2 1 3 6 5 4 3 2 1 3 5 7 6 5 4 3 5 7
K=25 *int=9 B=27 i=11287730) 0 2 1 2 4 3 6 4* 2* 0* 6* 4* 2* 8 6* 4* 3 1* 0 1 3 6 5 4 3 5 7
K=25 *int=9 B=27 i=11288951) 0 2 1 2 4 3 7 6 4* 2* 0* 6* 4* 2* 8 6* 4* 3 1* 0 3 6 5 4 3 5 7
K=25 *int=2 B=34 i=11870825) 0 2 1 3 5 4 3 2 0* 3 5 7 6 5 4 3 2 1 0 3 5 7 6 5 4 3 2 5 7 8 7 6 5 3* 2 1 0 2 5 4 7
K=25 *int=1 B=35 i=11962838) 0 2 1 3 5 7 6 5 4 3 2 0* 3 5 4 3 5 7 6 5 7 8 7 6 5 4 3 2 1 0 3 5 4 3 2 3 5 7 6 5 4 5 7
K=25 *int=1 B=35 i=12049098) 0 2 1 3 7 6 5 4 3 2 0* 3 5 4 3 5 7 6 5 7 8 7 6 5 4 3 2 1 0 3 5 4 3 2 3 5 7 6 5 4 3 5 7
K=25 *int=2 B=34 i=12346642) 0 2 1 4 6 5 4 2* 1 4 3 6 5 8 6* 5 4 3 2 1 0 1 3 5 8 7 6 5 4 3 2 1 3 5 4 3 5 7 6 5 7
K=25 *int=1 B=35 i=12413908) 0 2 1 4 2* 1 4 3 5 6 5 4 3 5 7 8 7 6 5 4 3 2 1 0 1 3 2 1 3 5 4 3 5 7 6 5 4 3 2 1 3 5 7
K=25 *int=1 B=35 i=12414040) 0 2 1 4 2* 1 4 3 5 7 6 5 4 3 5 7 8 7 6 5 4 3 2 1 0 1 3 2 1 3 5 4 3 5 7 6 5 4 3 2 3 5 7
K=25 *int=7 B=29 i=12460278) 0 2 1 4 2* 0* 6 4* 2* 6 4* 7 8 7 6 5 3* 1* 0 1 3 5 7 6 5 4 3 2 1 3 5
K=25 *int=7 B=29 i=12613596) 0 2 1 5 7 6 5 4 2* 0* 4* 2* 7 6 4* 7 8 7 6 5 3* 1* 0 3 2 5 7 6 5 4 5
K=25 *int=0 B=36 i=12858885) 0 2 3 2 1 0 2 4 3 2 4 5 4 6 7 6 5 4 3 2 1 0 2 4 3 2 4 6 5 4 6 8 7 6 5 4 3 2 1 0 2 4 3 2 4
K=25 *int=0 B=36 i=12861372) 0 2 3 2 1 0 2 4 3 2 4 5 4 6 8 7 6 5 4 3 2 1 0 2 4 3 2 4 6 5 4 6 8 7 6 5 4 3 2 1 2 4 3 2 4
K=25 *int=0 B=36 i=12871281) 0 2 3 2 1 0 2 4 3 2 4 6 5 4 6 7 6 5 4 3 2 1 0 2 4 3 2 4 6 5 4 6 8 7 6 5 4 3 2 1 0 2 4 3 4
K=25 *int=1 B=35 i=12873448) 0 2 3 2 1 0 2 4 3 2 4 6 5 4 6 8 7 6 5 4 3 2 1 0 2 4 3 2 1 4 6 5 4 6 8 7 6 5 4 2* 1 4 3
K=25 *int=0 B=36 i=12873519) 0 2 3 2 1 0 2 4 3 2 4 6 5 4 6 8 7 6 5 4 3 2 1 0 2 4 3 2 4 6 5 4 6 8 7 6 5 4 3 2 1 2 4 3 4
K=25 *int=0 B=36 i=12937994) 0 2 3 2 1 0 2 4 5 4 3 2 1 0 2 4 6 5 4 3 2 4 6 7 6 5 4 3 2 1 0 2 4 6 8 7 6 5 4 3 2 1 0 2 4
K=25 *int=1 B=35 i=12938195) 0 2 3 2 1 0 2 4 5 4 3 2 1 0 2 4 6 5 4 3 2 4 6 7 8 6* 5 4 3 2 1 0 2 4 6 5 4 3 2 1 2 4 7
K=25 *int=0 B=36 i=12938260) 0 2 3 2 1 0 2 4 5 4 3 2 1 0 2 4 6 5 4 3 2 4 6 8 7 6 5 4 3 2 1 0 2 4 6 8 7 6 5 4 3 2 1 2 4
K=25 *int=0 B=36 i=12961092) 0 2 3 2 1 0 2 4 5 4 3 2 4 6 7 6 5 4 3 2 1 0 2 4 6 8 7 6 5 4 3 2 1 0 2 4 6 5 4 3 2 4 6 8 7
K=25 *int=0 B=36 i=12963407) 0 2 3 2 1 0 2 4 5 4 3 2 4 6 8 7 6 5 4 3 2 1 0 2 4 6 8 7 6 5 4 3 2 1 2 4 6 5 4 3 2 4 6 8 7
K=25 *int=1 B=35 i=12964510) 0 2 3 2 1 0 2 4 5 4 3 2 4 7 6 5 4 3 2 1 0 2 4 6* 8 7 6 5 4 3 2 1 0 2 4 6 5 4 3 2 4 6 7
K=25 *int=0 B=36 i=13014183) 0 2 3 2 1 0 2 4 6 5 4 3 2 1 0 2 4 6 5 4 3 2 4 6 7 6 5 4 3 2 1 0 2 4 6 8 7 6 5 4 3 2 1 0 4
K=25 *int=1 B=35 i=13014392) 0 2 3 2 1 0 2 4 6 5 4 3 2 1 0 2 4 6 5 4 3 2 4 6 7 8 6* 5 4 3 2 1 0 2 4 6 5 4 3 2 1 4 7
K=25 *int=0 B=36 i=13014454) 0 2 3 2 1 0 2 4 6 5 4 3 2 1 0 2 4 6 5 4 3 2 4 6 8 7 6 5 4 3 2 1 0 2 4 6 8 7 6 5 4 3 2 1 4
K=25 *int=0 B=36 i=13028494) 0 2 3 2 1 0 2 4 6 5 4 3 2 4 6 7 6 5 4 3 2 1 0 2 4 6 8 7 6 5 4 3 2 1 0 2 4 6 5 4 3 4 6 8 7
K=25 *int=0 B=36 i=13031029) 0 2 3 2 1 0 2 4 6 5 4 3 2 4 6 8 7 6 5 4 3 2 1 0 2 4 6 8 7 6 5 4 3 2 1 2 4 6 5 4 3 4 6 8 7
K=25 *int=1 B=35 i=13047747) 0 2 3 2 1 0 2 4 6 7 6 5 4 3 2 1 0 2 4 6 5 4 3 2 4 6 7 8 6* 5 4 3 2 1 0 2 4 6 5 4 3 4 7
K=25 *int=0 B=36 i=13047784) 0 2 3 2 1 0 2 4 6 7 6 5 4 3 2 1 0 2 4 6 5 4 3 2 4 6 8 7 6 5 4 3 2 1 0 2 4 6 8 7 6 5 4 3 4
K=25 *int=0 B=36 i=13055524) 0 2 3 2 1 0 2 4 6 8 7 6 5 4 3 2 1 0 2 4 6 5 4 3 2 4 6 8 7 6 5 4 3 2 1 2 4 6 8 7 6 5 4 3 4
K=25 *int=1 B=35 i=13058082) 0 2 3 2 1 0 2 4 7 6 5 4 3 2 1 0 2 4 6 5 4 3 2 4 6 7 8 6* 5 4 3 2 1 0 2 4 6 5 4 3 2 4 7
K=25 *int=0 B=36 i=13058119) 0 2 3 2 1 0 2 4 7 6 5 4 3 2 1 0 2 4 6 5 4 3 2 4 6 8 7 6 5 4 3 2 1 0 2 4 6 8 7 6 5 4 3 2 4
K=25 *int=0 B=36 i=13070122) 0 2 3 2 1 0 2 4 8 7 6 5 4 3 2 1 0 2 4 6 5 4 3 2 4 6 8 7 6 5 4 3 2 1 2 4 6 8 7 6 5 4 3 2 4
K=25 *int=3 B=33 i=13102710) 0 2 3 2 1 0 2 5 4 3 2 4* 7 6 5 7 8 7 6 4* 3 2 1 0 2 4 3 2 1 2 4* 7 6 5 4 3 2 4 7
K=25 *int=0 B=36 i=13714625) 0 2 3 2 4 5 4 3 2 1 0 2 4 6 7 6 5 4 3 2 1 0 2 4 6 5 4 3 2 4 6 8 7 6 5 4 3 2 1 0 2 4 6 8 7
K=25 *int=0 B=36 i=13716323) 0 2 3 2 4 5 4 3 2 1 0 2 4 6 8 7 6 5 4 3 2 1 0 2 4 6 5 4 3 2 4 6 8 7 6 5 4 3 2 1 2 4 6 8 7
K=25 *int=0 B=36 i=13764371) 0 2 3 2 4 5 4 6 7 6 5 4 3 2 1 0 2 4 3 2 4 6 5 4 6 8 7 6 5 4 3 2 1 0 2 4 3 2 4 6 5 4 6 8 7
K=25 *int=0 B=36 i=13771512) 0 2 3 2 4 5 4 6 8 7 6 5 4 3 2 1 0 2 4 3 2 4 6 5 4 6 8 7 6 5 4 3 2 1 2 4 3 2 4 6 5 4 6 8 7
K=25 *int=0 B=36 i=13835930) 0 2 3 2 4 6 5 4 3 2 1 0 2 4 6 7 6 5 4 3 2 1 0 2 4 6 5 4 3 2 4 6 8 7 6 5 4 3 2 1 0 4 6 8 7
K=25 *int=0 B=36 i=13837934) 0 2 3 2 4 6 5 4 3 2 1 0 2 4 6 8 7 6 5 4 3 2 1 0 2 4 6 5 4 3 2 4 6 8 7 6 5 4 3 2 1 4 6 8 7
K=25 *int=0 B=36 i=13866257) 0 2 3 2 4 6 5 4 6 7 6 5 4 3 2 1 0 2 4 3 2 4 6 5 4 6 8 7 6 5 4 3 2 1 0 2 4 3 4 6 5 4 6 8 7
K=25 *int=0 B=36 i=13871368) 0 2 3 2 4 6 5 4 6 8 7 6 5 4 3 2 1 0 2 4 3 2 4 6 5 4 6 8 7 6 5 4 3 2 1 2 4 3 4 6 5 4 6 8 7
K=25 *int=0 B=36 i=13888370) 0 2 3 2 4 6 7 6 5 4 3 2 1 0 2 4 6 8 7 6 5 4 3 2 1 0 2 4 6 5 4 3 2 4 6 8 7 6 5 4 3 4 6 8 7
K=25 *int=0 B=36 i=13906579) 0 2 3 2 4 6 8 7 6 5 4 3 2 1 0 2 4 6 8 7 6 5 4 3 2 1 2 4 6 5 4 3 2 4 6 8 7 6 5 4 3 4 6 8 7
K=25 *int=0 B=36 i=13916697) 0 2 3 2 4 7 6 5 4 3 2 1 0 2 4 6 8 7 6 5 4 3 2 1 0 2 4 6 5 4 3 2 4 6 8 7 6 5 4 3 2 4 6 8 7
K=25 *int=0 B=36 i=13939500) 0 2 3 2 4 8 7 6 5 4 3 2 1 0 2 4 6 8 7 6 5 4 3 2 1 2 4 6 5 4 3 2 4 6 8 7 6 5 4 3 2 4 6 8 7
K=25 *int=1 B=35 i=14023541) 0 2 3 2 5 4 7 5* 4 3 2 1 0 2 4 3 2 4 7 6 5 4 6 8 7 6 5 4 3 2 1 0 2 4 3 2 4 6 5 4 6 8 7
K=25 *int=8 B=28 i=14448138) 0 2 3 4 2* 1 5 7 6 5 4 2* 0* 4* 2* 7 6 4* 7 8 7 6 5 3* 1* 0 3 2 7
K=25 *int=2 B=34 i=14508233) 0 2 3 5 4 3 2 1 0 2* 5 7 6 5 4 3 2 1 0 2 5 7 6 5 4 3 2 4* 7 8 7 6 5 4 3 2 1 0 2 4 7
K=25 *int=2 B=34 i=14621562) 0 2 3 5 4 2* 1 0 2 3 5 7 6 5 4 3 2 1 0 2 5 7 6 5 4 3 2 4* 7 8 7 6 5 4 3 2 1 0 2 4 7
K=25 *int=3 B=33 i=14626515) 0 2 3 5 4 2* 1 0 2 5 7 6 5 3* 2 1 0 2 5 7 6 5 4 3 2 4* 7 8 7 6 5 4 3 2 1 0 2 4 7
K=25 *int=3 B=33 i=14626577) 0 2 3 5 4 2* 1 0 2 5 7 6 5 3* 2 1 0 2 5 7 6 4* 3 2 4 5 7 8 7 6 5 4 3 2 1 0 2 4 7
K=25 *int=4 B=32 i=14626597) 0 2 3 5 4 2* 1 0 2 5 7 6 5 3* 2 1 0 2 5 7 6 4* 3 2 4 7 8 7 5* 4 3 2 1 0 2 4 7
K=25 *int=4 B=32 i=14626714) 0 2 3 5 4 2* 1 0 2 5 7 6 5 3* 2 1 0 2 7 5* 4 3 2 4* 7 8 7 6 5 4 3 2 1 0 2 4 7
K=25 *int=5 B=31 i=14629021) 0 2 3 5 4 2* 1 0 2 5 6* 5 3* 2 1 0 2 5* 4 3 2 4* 7 8 7 6 5 4 3 2 1 0 2 4 7
K=25 *int=5 B=31 i=14630560) 0 2 3 5 4 2* 1 0 2 7 5* 3* 2 1 0 2 7 5* 4 3 2 4* 7 8 7 6 5 4 3 2 1 0 2 4 7
K=25 *int=2 B=34 i=14758036) 0 2 3 5 7 6 5 4 2* 1 0 2 3 5 4 3 5 7 6 5 7 8 7 6 5 4 3 2 1 0 2* 5 4 3 2 5 7 6 5 4 7
K=25 *int=8 B=28 i=14760186) 0 2 3 5 7 6 5 4 2* 1 0 2 5 3* 7 5* 7 8 6* 4* 2* 1 0 2 3* 2 5* 4 7
K=25 *int=9 B=27 i=14770744) 0 2 3 5 7 6 4* 2* 1 0 2 3* 7 5* 7 8 6* 4* 2* 1 0 2 3* 2 5* 4 7
K=25 *int=10 B=26 i=14789274) 0 2 3 5 6* 4* 2* 1 0 2 3* 5* 7 8 6* 4* 2* 1 0 2 3* 2 5* 4 7
K=25 *int=10 B=26 i=14861237) 0 2 3 6 5 6* 4* 2* 1 0 2 3* 5* 7 8 6* 4* 2* 1 0 2 3* 5* 4 7
K=25 *int=1 B=35 i=14941559) 0 2 3 1* 0 1 3 4 3 5 6 5 4 3 2 1 3 5 7 8 7 6 5 4 3 2 1 0 1 3 5 7 6 5 4 3 2 1 3 5 4 3 7
K=25 *int=1 B=35 i=14943898) 0 2 3 1* 0 1 3 4 3 5 7 6 5 4 3 2 1 3 5 7 8 7 6 5 4 3 2 1 0 1 3 5 7 6 5 4 3 2 3 5 4 3 7
K=25 *int=1 B=35 i=14965729) 0 2 3 1* 0 1 3 5 4 3 5 6 5 4 3 2 1 3 5 7 8 7 6 5 4 3 2 1 0 1 3 5 7 6 5 4 3 2 1 3 5 4 7
K=25 *int=1 B=35 i=14968006) 0 2 3 1* 0 1 3 5 4 3 5 7 6 5 4 3 2 1 3 5 7 8 7 6 5 4 3 2 1 0 1 3 5 7 6 5 4 3 2 3 5 4 7
K=25 *int=3 B=33 i=15008768) 0 2 3 1* 0 3 5 4 3 5 7 6 5 4 3 1* 0 3 2 5 4 7 8 7 5* 4 3 2 1 0 2 4 7 6 5 4 3 2 4
K=25 *int=4 B=32 i=15063138) 0 2 3 1* 3 5 4 3 5 7 6 5 4 3 2 0* 3 5 7 8 7 6 5 4 2* 1 0 2 4* 7 6 5 4 3 2 4 7
K=25 *int=5 B=31 i=15063663) 0 2 3 1* 3 5 4 3 5 7 6 5 4 2* 0* 5 7 8 7 6 5 4 2* 1 0 2 4* 7 6 5 4 3 2 4 7
K=25 *int=6 B=30 i=15082837) 0 2 3 1* 5 3* 5 7 6 5 4 2* 0* 5 7 8 7 6 5 4 2* 1 0 2 4* 7 6 5 4 3 2 4 7
K=25 *int=7 B=29 i=15083332) 0 2 3 1* 5 3* 5 7 6 4* 2* 0* 7 8 7 6 5 4 2* 1 0 2 4* 7 6 5 4 3 2 4 7
K=25 *int=7 B=29 i=15083356) 0 2 3 1* 5 3* 5 7 6 4* 2* 0* 7 8 7 6 4* 2* 1 0 2 4 5 7 6 5 4 3 2 4 7
K=25 *int=8 B=28 i=15083366) 0 2 3 1* 5 3* 5 7 6 4* 2* 0* 7 8 7 6 4* 2* 1 0 2 4 7 5* 4 3 2 4 7
K=25 *int=9 B=27 i=15083402) 0 2 3 1* 5 3* 5 7 6 4* 2* 0* 7 8 6* 4* 2* 1 0 2 4 5* 4 3 2 4 7
K=25 *int=10 B=26 i=15083937) 0 2 3 1* 5 3* 5 8 6* 4* 2* 0* 8 6* 4* 2* 1 2 4 5* 4 3 2 4 7
K=25 *int=10 B=26 i=15084056) 0 2 3 1* 5 3* 5 6* 4* 2* 0* 8 6* 4* 2* 1 0 2 4 5* 4 3 2 4 7
K=25 *int=7 B=29 i=15085764) 0 2 3 1* 5 3* 7 5* 4 2* 0* 5 7 8 7 6 5 4 2* 1 0 2 4* 7 6 5 4 3 2 4 7
K=25 *int=8 B=28 i=15094360) 0 2 3 1* 3* 5 7 6 4* 2* 0* 7 8 7 6 4* 2* 1 0 4 2* 5 7 6 5 4 3 2 7
K=25 *int=0 B=36 i=15130673) 0 2 4 3 2 1 0 2 4 3 2 4 5 4 6 7 6 5 4 3 2 1 0 2 4 3 2 4 6 5 4 6 8 7 6 5 4 3 2 1 0 2 4 3 2
K=25 *int=0 B=36 i=15132442) 0 2 4 3 2 1 0 2 4 3 2 4 5 4 6 8 7 6 5 4 3 2 1 0 2 4 3 2 4 6 5 4 6 8 7 6 5 4 3 2 1 2 4 3 2
K=25 *int=0 B=36 i=15138306) 0 2 4 3 2 1 0 2 4 3 2 4 6 5 4 6 7 6 5 4 3 2 1 0 2 4 3 2 4 6 5 4 6 8 7 6 5 4 3 2 1 0 2 4 3
K=25 *int=0 B=36 i=15139805) 0 2 4 3 2 1 0 2 4 3 2 4 6 5 4 6 8 7 6 5 4 3 2 1 0 2 4 3 2 4 6 5 4 6 8 7 6 5 4 3 2 1 2 4 3
K=25 *int=3 B=33 i=15184885) 0 2 4 3 2 1 0 2 4 3 6 4* 2* 6 5 7 8 7 6 5 4 3 1* 0 1 3 5 4 3 5 7 6 5 4 3 2 1 3 7
K=25 *int=0 B=36 i=15194037) 0 2 4 3 2 1 0 2 4 5 4 3 2 1 0 2 4 6 5 4 3 2 4 6 7 6 5 4 3 2 1 0 2 4 6 8 7 6 5 4 3 2 1 0 2
K=25 *int=1 B=35 i=15194262) 0 2 4 3 2 1 0 2 4 5 4 3 2 1 0 2 4 6 5 4 3 2 4 6 7 8 6* 5 4 3 2 1 0 2 4 6 5 4 3 2 1 2 7
K=25 *int=0 B=36 i=15194330) 0 2 4 3 2 1 0 2 4 5 4 3 2 1 0 2 4 6 5 4 3 2 4 6 8 7 6 5 4 3 2 1 0 2 4 6 8 7 6 5 4 3 2 1 2
K=25 *int=0 B=36 i=15221956) 0 2 4 3 2 1 0 2 4 5 4 3 2 4 6 7 6 5 4 3 2 1 0 2 4 6 8 7 6 5 4 3 2 1 0 2 4 6 5 4 3 2 6 8 7
K=25 *int=3 B=33 i=15224091) 0 2 4 3 2 1 0 2 4 5 4 3 2 4 6 7 5* 4 3 1* 0 3 5 4 3 5 7 8 7 6 5 4 3 1* 0 3 2 5 7
K=25 *int=0 B=36 i=15224790) 0 2 4 3 2 1 0 2 4 5 4 3 2 4 6 8 7 6 5 4 3 2 1 0 2 4 6 8 7 6 5 4 3 2 1 2 4 6 5 4 3 2 6 8 7
K=25 *int=1 B=35 i=15226013) 0 2 4 3 2 1 0 2 4 5 4 3 2 4 7 6 5 4 3 2 1 0 2 4 6* 8 7 6 5 4 3 2 1 0 2 4 6 5 4 3 2 6 7
K=25 *int=3 B=33 i=15249826) 0 2 4 3 2 1 0 2 4 5 4 7 6 5 3* 2 1 0 2* 5 7 6 5 4 3 5 7 8 7 6 5 4 2* 1 0 2 3 5 7
K=25 *int=3 B=33 i=15258988) 0 2 4 3 2 1 0 2 4 5 6 4* 3 2 1 0 2 4 3 5 7 6 5 4 2* 5 7 8 7 6 5 4 3 1* 0 1 3 5 7
K=25 *int=2 B=34 i=15266478) 0 2 4 3 2 1 0 2 4 5 7 6 4* 3 2 1 0 2 4 3 2 5 7 6 5 4 3 5 7 8 7 6 5 4 2* 1 0 2 3 5 7
K=25 *int=2 B=34 i=15266692) 0 2 4 3 2 1 0 2 4 5 7 6 4* 3 2 1 0 2 4 3 5 7 6 5 4 2* 5 7 8 7 6 5 4 3 2 1 0 2 3 5 7
K=25 *int=3 B=33 i=15266704) 0 2 4 3 2 1 0 2 4 5 7 6 4* 3 2 1 0 2 4 3 5 7 6 5 4 2* 5 7 8 7 6 5 4 3 1* 0 3 5 7
K=25 *int=3 B=33 i=15267184) 0 2 4 3 2 1 0 2 4 5 7 6 4* 3 2 1 0 4 2* 5 7 6 5 4 3 5 7 8 7 6 5 4 2* 1 0 2 3 5 7
K=25 *int=7 B=29 i=15278763) 0 2 4 3 2 1 0 2 4 5 3* 7 5* 7 8 6* 4* 2* 1 0 2 3* 2 1 2 5* 4 3 2 5 7
K=25 *int=8 B=28 i=15280944) 0 2 4 3 2 1 0 2 4 5 3* 5* 7 8 6* 4* 2* 1 0 2 3* 5* 4 2* 1 2 3 5 7
K=25 *int=0 B=36 i=15283017) 0 2 4 3 2 1 0 2 4 6 5 4 3 2 1 0 2 4 6 5 4 3 2 4 6 7 6 5 4 3 2 1 0 2 4 6 8 7 6 5 4 3 2 1 0
K=25 *int=1 B=35 i=15283061) 0 2 4 3 2 1 0 2 4 6 5 4 3 2 1 0 2 4 6 5 4 3 2 4 6 7 6 5 4 3 2 4 6 8 7 6 5 4 3 1* 0 1 3
K=25 *int=1 B=35 i=15283254) 0 2 4 3 2 1 0 2 4 6 5 4 3 2 1 0 2 4 6 5 4 3 2 4 6 7 8 6* 5 4 3 2 1 0 2 4 6 5 4 3 2 1 7
K=25 *int=0 B=36 i=15283312) 0 2 4 3 2 1 0 2 4 6 5 4 3 2 1 0 2 4 6 5 4 3 2 4 6 8 7 6 5 4 3 2 1 0 2 4 6 8 7 6 5 4 3 2 1
K=25 *int=4 B=32 i=15285358) 0 2 4 3 2 1 0 2 4 6 5 4 3 2 1 0 2 4 6 7 5* 4 3 2 4* 7 8 7 6 5 3* 1* 0 1 3 5 7
K=25 *int=5 B=31 i=15287605) 0 2 4 3 2 1 0 2 4 6 5 4 3 2 1 0 4 6 7 5* 4 2* 4* 7 8 7 6 5 3* 1* 0 1 3 5 7
K=25 *int=3 B=33 i=15293561) 0 2 4 3 2 1 0 2 4 6 5 4 3 2 1 4 6 5 7 6 4* 2* 0* 4 3 5 7 8 7 6 5 4 3 2 1 0 3 5 7
K=25 *int=3 B=33 i=15293766) 0 2 4 3 2 1 0 2 4 6 5 4 3 2 1 4 6 5 8 6* 4* 2* 1 0 1 4 3 5 8 7 6 5 4 3 2 1 3 5 7
K=25 *int=4 B=32 i=15293825) 0 2 4 3 2 1 0 2 4 6 5 4 3 2 1 4 6 5 8 6* 4* 2* 0* 4 3 5 8 7 6 5 4 3 2 1 3 5 7
K=25 *int=4 B=32 i=15293986) 0 2 4 3 2 1 0 2 4 6 5 4 3 2 1 4 6 5 6* 4* 2* 0* 4 3 5 8 7 6 5 4 3 2 1 0 3 5 7
K=25 *int=2 B=34 i=15295165) 0 2 4 3 2 1 0 2 4 6 5 4 3 2 1 4 6 7 5* 4 3 2 0* 3 5 4 3 5 7 8 7 6 5 4 3 2 1 0 3 5 7
K=25 *int=3 B=33 i=15295478) 0 2 4 3 2 1 0 2 4 6 5 4 3 2 1 4 6 7 5* 4 2* 0* 5 4 3 5 7 8 7 6 5 4 3 2 1 0 3 5 7
K=25 *int=4 B=32 i=15295520) 0 2 4 3 2 1 0 2 4 6 5 4 3 2 1 4 6 7 5* 4 2* 0* 4* 3 7 8 7 6 5 4 3 2 1 0 3 5 7
K=25 *int=5 B=31 i=15295530) 0 2 4 3 2 1 0 2 4 6 5 4 3 2 1 4 6 7 5* 4 2* 0* 4* 3 7 8 7 6 4* 3 2 1 0 3 7
K=25 *int=5 B=31 i=15295548) 0 2 4 3 2 1 0 2 4 6 5 4 3 2 1 4 6 7 5* 4 2* 0* 4* 7 8 7 6 5 3* 2 1 0 3 5 7
K=25 *int=4 B=32 i=15298097) 0 2 4 3 2 1 0 2 4 6 5 4 3 2 4 6 5 4 6 7 8 6* 5 4 3 1* 0 1 3* 5* 4 3 2 1 3 5 7
K=25 *int=5 B=31 i=15298458) 0 2 4 3 2 1 0 2 4 6 5 4 3 2 4 6 5 6 7 8 6* 4* 3 1* 0 1 3* 5* 4 3 2 1 3 5 7
K=25 *int=2 B=34 i=15299595) 0 2 4 3 2 1 0 2 4 6 5 4 3 2 4 6 5 8 6* 5 4 3 1* 0 1 3 5 4 3 5 8 7 6 5 4 3 2 1 3 5 7
K=25 *int=3 B=33 i=15299765) 0 2 4 3 2 1 0 2 4 6 5 4 3 2 4 6 5 8 6* 4* 3 1* 0 1 3 4 3 5 8 7 6 5 4 3 2 1 3 5 7
K=25 *int=4 B=32 i=15299794) 0 2 4 3 2 1 0 2 4 6 5 4 3 2 4 6 5 8 6* 4* 3 1* 0 1 3* 5 8 7 6 5 4 3 2 1 3 5 7
K=25 *int=5 B=31 i=15299803) 0 2 4 3 2 1 0 2 4 6 5 4 3 2 4 6 5 8 6* 4* 3 1* 0 1 3* 5 8 7 6 4* 3 2 1 3 7
K=25 *int=5 B=31 i=15299816) 0 2 4 3 2 1 0 2 4 6 5 4 3 2 4 6 5 8 6* 4* 3 1* 0 1 3* 8 7 5* 4 3 2 1 3 5 7
K=25 *int=0 B=36 i=15300357) 0 2 4 3 2 1 0 2 4 6 5 4 3 2 4 6 7 6 5 4 3 2 1 0 2 4 6 8 7 6 5 4 3 2 1 0 2 4 6 5 4 3 6 8 7
K=25 *int=2 B=34 i=15302428) 0 2 4 3 2 1 0 2 4 6 5 4 3 2 4 6 7 5* 4 3 1* 0 1 3 5 4 3 5 7 8 7 6 5 4 3 2 1 0 3 5 7
K=25 *int=3 B=33 i=15302523) 0 2 4 3 2 1 0 2 4 6 5 4 3 2 4 6 7 5* 4 3 1* 0 3 5 4 3 5 7 8 7 6 5 4 3 1* 0 3 5 7
K=25 *int=0 B=36 i=15303207) 0 2 4 3 2 1 0 2 4 6 5 4 3 2 4 6 8 7 6 5 4 3 2 1 0 2 4 6 8 7 6 5 4 3 2 1 2 4 6 5 4 3 6 8 7
K=25 *int=2 B=34 i=15303784) 0 2 4 3 2 1 0 2 4 6 5 4 3 2 4 6 8 7 5* 4 3 1* 0 1 3 5 4 3 5 7 8 7 6 5 4 3 2 1 3 5 7
K=25 *int=3 B=33 i=15303800) 0 2 4 3 2 1 0 2 4 6 5 4 3 2 4 6 8 7 5* 4 3 1* 0 1 3 5 4 3 5 7* 6 5 4 3 2 1 3 5 7
K=25 *int=6 B=30 i=15305670) 0 2 4 3 2 1 0 2 4 6 5 4 3 2 4 5* 7 8 6* 4* 3 1* 0 1 3* 5* 4 3 2 1 3 5 7
K=25 *int=7 B=29 i=15318895) 0 2 4 3 2 1 0 2 4 6 5 3* 2 5* 7 8 6* 4* 3 1* 0 1 3* 5* 4 3 2 1 3 5 7
K=25 *int=7 B=29 i=15320808) 0 2 4 3 2 1 0 2 4 6 5 3* 5* 7 8 6* 4* 2* 1 0 2 1 3* 5* 4 3 2 1 3 5 7
K=25 *int=1 B=35 i=15322255) 0 2 4 3 2 1 0 2 4 6 7 6 5 4 3 2 1 0 2 4 6 5 4 3 2 4 6 7 8 6* 5 4 3 2 1 0 2 4 6 5 4 3 7
K=25 *int=0 B=36 i=15322287) 0 2 4 3 2 1 0 2 4 6 7 6 5 4 3 2 1 0 2 4 6 5 4 3 2 4 6 8 7 6 5 4 3 2 1 0 2 4 6 8 7 6 5 4 3
K=25 *int=0 B=36 i=15330778) 0 2 4 3 2 1 0 2 4 6 8 7 6 5 4 3 2 1 0 2 4 6 5 4 3 2 4 6 8 7 6 5 4 3 2 1 2 4 6 8 7 6 5 4 3
K=25 *int=1 B=35 i=15333528) 0 2 4 3 2 1 0 2 4 7 6 5 4 3 2 1 0 2 4 6 5 4 3 2 4 6 7 8 6* 5 4 3 2 1 0 2 4 6 5 4 3 2 7
K=25 *int=0 B=36 i=15333562) 0 2 4 3 2 1 0 2 4 7 6 5 4 3 2 1 0 2 4 6 5 4 3 2 4 6 8 7 6 5 4 3 2 1 0 2 4 6 8 7 6 5 4 3 2
K=25 *int=2 B=34 i=15334565) 0 2 4 3 2 1 0 2 4 7 6 5 4 3 2 1 0 2 4 6* 5 4 3 2 4 6 5 7 8 7 6 4* 3 2 1 0 2 4 3 5 7
K=25 *int=0 B=36 i=15347081) 0 2 4 3 2 1 0 2 4 8 7 6 5 4 3 2 1 0 2 4 6 5 4 3 2 4 6 8 7 6 5 4 3 2 1 2 4 6 8 7 6 5 4 3 2
K=25 *int=7 B=29 i=15396735) 0 2 4 3 2 1 0 2 6 4* 3 2 4 5* 7 8 6* 4* 3 1* 0 1 3* 5* 4 3 2 1 3 5 7
K=25 *int=4 B=32 i=15401032) 0 2 4 3 2 1 0 2 4* 7 6 5 3* 2 1 0 2* 5 7 6 5 4 3 5 7 8 7 6 5 4 2* 1 0 2 3 5 7
K=25 *int=4 B=32 i=15408650) 0 2 4 3 2 1 0 4 5 7 6 4* 2* 1 0 4 2* 5 7 6 5 4 3 5 7 8 7 6 5 4 2* 1 0 2 3 5 7
K=25 *int=6 B=30 i=15472398) 0 2 4 3 2 1 2 4 6 5 4 3 2 0* 4 6 7 5* 4 2* 4* 7 8 7 6 5 3* 1* 0 1 3 5 7
K=25 *int=8 B=28 i=15477571) 0 2 4 3 2 1 2 4 6 5 3* 5* 7 8 6* 4* 2* 0* 2 1 3* 5* 4 3 2 1 3 5 7
K=25 *int=7 B=29 i=15542508) 0 2 4 3 2 1 4 5 7 6 5 4 2* 0* 4* 2* 7 6 4* 7 8 7 6 5 3* 1* 0 3 2 5 7
K=25 *int=4 B=32 i=15545165) 0 2 4 3 2 1 4 5 7 6 4* 2* 0* 4 3 2 3 5 7 6 5 4 3 5 7 8 7 6 5 4 3 1* 0 3 2 5 7
K=25 *int=5 B=31 i=15545729) 0 2 4 3 2 1 4 5 7 6 4* 2* 0* 4 2* 5 7 6 5 4 3 5 7 8 7 6 5 4 3 1* 0 3 2 5 7
K=25 *int=5 B=31 i=15545739) 0 2 4 3 2 1 4 5 7 6 4* 2* 0* 4 2* 5 7 6 5 4 3 5 7 8 7 6 5 4 2* 1 0 2 3 5 7
K=25 *int=6 B=30 i=15545782) 0 2 4 3 2 1 4 5 7 6 4* 2* 0* 4 2* 5 7 6 5 4 5 7 8 7 6 5 3* 1* 0 3 2 5 7
K=25 *int=7 B=29 i=15545810) 0 2 4 3 2 1 4 5 7 6 4* 2* 0* 4 2* 5 7 6 5 4 7 8 7 5* 3* 1* 0 3 2 5 7
K=25 *int=7 B=29 i=15545861) 0 2 4 3 2 1 4 5 7 6 4* 2* 0* 4 2* 5 7 6 4* 7 8 7 6 5 3* 1* 0 3 2 5 7
K=25 *int=7 B=29 i=15567079) 0 2 4 3 2 1 4 6 5 4 2* 0* 4 6 7 5* 4 2* 4* 7 8 7 6 5 3* 1* 0 1 3 5 7
K=25 *int=7 B=29 i=15567959) 0 2 4 3 2 1 4 6 5 4 2* 0* 6 7 6 4* 2* 6 4* 7 8 7 6 5 3* 1* 0 1 3 5 7
K=25 *int=8 B=28 i=15568711) 0 2 4 3 2 1 4 6 5 4 2* 0* 6* 4* 2* 6 4* 7 8 7 6 5 3* 1* 0 1 3 5 7
K=25 *int=8 B=28 i=15578730) 0 2 4 3 2 1 4 6 7 5* 4 2* 0* 4* 2* 7 6 4* 7 8 7 6 5 3* 1* 0 3 5 7
K=25 *int=9 B=27 i=15578809) 0 2 4 3 2 1 4 6 7 5* 4 2* 0* 4* 2* 6* 4* 8 7 6 5 3* 1* 0 3 5 7
K=25 *int=10 B=26 i=15578821) 0 2 4 3 2 1 4 6 7 5* 4 2* 0* 4* 2* 6* 4* 8 6* 5 3* 1* 0 3 5
K=25 *int=8 B=28 i=15587247) 0 2 4 3 2 1 4 7 6 5 4 2* 0* 6* 4* 2* 6 4* 7 8 7 6 5 3* 1* 0 3 5 7
K=25 *int=8 B=28 i=15590533) 0 2 4 3 2 1 4 7 5* 4 2* 0* 4* 2* 7 6 4* 7 8 7 6 5 3* 1* 0 3 2 5 7
K=25 *int=9 B=27 i=15590594) 0 2 4 3 2 1 4 7 5* 4 2* 0* 4* 2* 6* 4* 8 7 6 5 3* 1* 0 3 2 5 7
K=25 *int=10 B=26 i=15590607) 0 2 4 3 2 1 4 7 5* 4 2* 0* 4* 2* 6* 4* 8 6* 5 3* 1* 0 3 2 5
K=25 *int=9 B=27 i=15619610) 0 2 4 3 2 1 6 4* 2* 0* 6* 4* 2* 6 4* 7 8 7 6 5 3* 1* 0 1 3 5 7
K=25 *int=9 B=27 i=15620972) 0 2 4 3 2 1 7 6 4* 2* 0* 6* 4* 2* 6 4* 7 8 7 6 5 3* 1* 0 3 5 7
K=25 *int=0 B=36 i=15625001) 0 2 4 3 2 4 5 4 3 2 1 0 2 4 6 7 6 5 4 3 2 1 0 2 4 6 5 4 3 2 4 6 8 7 6 5 4 3 2 1 0 2 6 8 7
K=25 *int=0 B=36 i=15626370) 0 2 4 3 2 4 5 4 3 2 1 0 2 4 6 8 7 6 5 4 3 2 1 0 2 4 6 5 4 3 2 4 6 8 7 6 5 4 3 2 1 2 6 8 7
K=25 *int=0 B=36 i=15659299) 0 2 4 3 2 4 5 4 6 7 6 5 4 3 2 1 0 2 4 3 2 4 6 5 4 6 8 7 6 5 4 3 2 1 0 2 4 3 2 4 6 5 6 8 7
K=25 *int=0 B=36 i=15667733) 0 2 4 3 2 4 5 4 6 8 7 6 5 4 3 2 1 0 2 4 3 2 4 6 5 4 6 8 7 6 5 4 3 2 1 2 4 3 2 4 6 5 6 8 7
K=25 *int=10 B=26 i=15707167) 0 2 4 3 2 4 5 8 6* 4* 3 1* 0 3* 1* 5* 3* 7* 5* 4 2* 1 2 5 7
K=25 *int=0 B=36 i=15710077) 0 2 4 3 2 4 6 5 4 3 2 1 0 2 4 6 7 6 5 4 3 2 1 0 2 4 6 5 4 3 2 4 6 8 7 6 5 4 3 2 1 0 6 8 7
K=25 *int=0 B=36 i=15711643) 0 2 4 3 2 4 6 5 4 3 2 1 0 2 4 6 8 7 6 5 4 3 2 1 0 2 4 6 5 4 3 2 4 6 8 7 6 5 4 3 2 1 6 8 7
K=25 *int=3 B=33 i=15724071) 0 2 4 3 2 4 6 5 4 3 1* 0 1 3* 6 7 5* 4 3 2 1 3 5 4 3 5 7 8 7 6 5 4 3 2 1 0 1 3 7
K=25 *int=0 B=36 i=15728175) 0 2 4 3 2 4 6 5 4 6 7 6 5 4 3 2 1 0 2 4 3 2 4 6 5 4 6 8 7 6 5 4 3 2 1 0 2 4 3 4 6 5 6 8 7
K=25 *int=1 B=35 i=15733706) 0 2 4 3 2 4 6 5 4 6 8 7 6 5 4 3 2 1 0 2 4 3 2 1 4 6 5 4 6 8 7 6 5 4 2* 1 4 3 6 5 6 8 7
K=25 *int=0 B=36 i=15733914) 0 2 4 3 2 4 6 5 4 6 8 7 6 5 4 3 2 1 0 2 4 3 2 4 6 5 4 6 8 7 6 5 4 3 2 1 2 4 3 4 6 5 6 8 7
K=25 *int=8 B=28 i=15744048) 0 2 4 3 2 4 6 5 8 6* 4* 3 1* 0 1 3* 2 1 5* 3* 7* 5* 4 3 2 1 3 5 7
K=25 *int=9 B=27 i=15744335) 0 2 4 3 2 4 6 5 8 6* 4* 3 1* 0 3* 1* 5* 3* 7* 5* 4 3 2 1 3 5 7
K=25 *int=10 B=26 i=15744342) 0 2 4 3 2 4 6 5 8 6* 4* 3 1* 0 3* 1* 5* 3* 7* 5* 4 2* 1 5 7
K=25 *int=0 B=36 i=15746864) 0 2 4 3 2 4 6 7 6 5 4 3 2 1 0 2 4 6 8 7 6 5 4 3 2 1 0 2 4 6 5 4 3 2 4 6 8 7 6 5 4 3 6 8 7
K=25 *int=2 B=34 i=15754248) 0 2 4 3 2 4 6 7 5* 4 3 1* 0 1 3 5 4 3 2 1 3 5 7 6 5 4 3 5 7 8 7 6 5 4 3 2 1 0 3 5 7
K=25 *int=0 B=36 i=15757737) 0 2 4 3 2 4 6 8 7 6 5 4 3 2 1 0 2 4 6 8 7 6 5 4 3 2 1 2 4 6 5 4 3 2 4 6 8 7 6 5 4 3 6 8 7
K=25 *int=2 B=34 i=15759555) 0 2 4 3 2 4 6 8 7 5* 4 3 1* 0 1 3 5 4 3 2 1 3 5 7 6 5 4 3 5 7 8 7 6 5 4 3 2 1 3 5 7
K=25 *int=0 B=36 i=15762515) 0 2 4 3 2 4 7 6 5 4 3 2 1 0 2 4 6 8 7 6 5 4 3 2 1 0 2 4 6 5 4 3 2 4 6 8 7 6 5 4 3 2 6 8 7
K=25 *int=0 B=36 i=15775974) 0 2 4 3 2 4 8 7 6 5 4 3 2 1 0 2 4 6 8 7 6 5 4 3 2 1 2 4 6 5 4 3 2 4 6 8 7 6 5 4 3 2 6 8 7
K=25 *int=2 B=34 i=15909761) 0 2 4 3 5 7 6 5 4 2* 1 0 2 3 5 4 3 5 7 6 5 7 8 7 6 5 4 3 2 1 0 2* 5 4 3 2 5 7 6 5 7
K=25 *int=1 B=35 i=15992170) 0 2 4 3 1* 0 1 3 5 4 3 5 6 5 4 3 2 1 3 5 7 8 7 6 5 4 3 2 1 0 1 3 5 7 6 5 4 3 2 1 3 5 7
K=25 *int=1 B=35 i=15993189) 0 2 4 3 1* 0 1 3 5 4 3 5 7 6 5 4 3 2 1 3 5 7 8 7 6 5 4 3 2 1 0 1 3 5 7 6 5 4 3 2 3 5 7
K=25 *int=7 B=29 i=16053877) 0 2 4 3 1* 4 6 5 4 3 2 0* 4 6 7 5* 4 2* 4* 7 8 7 6 5 3* 1* 0 1 3 5 7
K=25 *int=9 B=27 i=16053965) 0 2 4 3 1* 4 6 5 3* 5* 7 8 6* 4* 2* 0* 2 1 3* 5* 4 3 2 1 3 5 7
K=25 *int=7 B=29 i=16066446) 0 2 4 3 1* 3* 5 7 6 4* 2* 0* 7 8 7 6 4* 2* 1 0 4 3 5 7 6 5 4 3 2 3 7
K=25 *int=0 B=36 i=16097642) 0 2 4 5 4 3 2 1 0 2 4 3 2 4 6 5 4 6 7 6 5 4 3 2 1 0 2 4 3 2 4 6 5 4 6 8 7 6 5 4 3 2 1 0 2
K=25 *int=1 B=35 i=16097663) 0 2 4 5 4 3 2 1 0 2 4 3 2 4 6 5 4 6 7 6 5 4 3 2 1 0 2 4 3 2 4 6 8 7 5* 4 3 2 1 0 2 5 7
K=25 *int=0 B=36 i=16098787) 0 2 4 5 4 3 2 1 0 2 4 3 2 4 6 5 4 6 8 7 6 5 4 3 2 1 0 2 4 3 2 4 6 5 4 6 8 7 6 5 4 3 2 1 2
K=25 *int=1 B=35 i=16098804) 0 2 4 5 4 3 2 1 0 2 4 3 2 4 6 5 4 6 8 7 6 5 4 3 2 1 0 2 4 3 2 4 6 8 7 5* 4 3 2 1 2 5 7
K=25 *int=0 B=36 i=16132535) 0 2 4 5 4 3 2 1 0 2 4 6 5 4 3 2 4 6 7 6 5 4 3 2 1 0 2 4 6 8 7 6 5 4 3 2 1 0 2 4 6 5 6 8 7
K=25 *int=0 B=36 i=16133590) 0 2 4 5 4 3 2 1 0 2 4 6 5 4 3 2 4 6 8 7 6 5 4 3 2 1 0 2 4 6 8 7 6 5 4 3 2 1 2 4 6 5 6 8 7
K=25 *int=1 B=35 i=16142522) 0 2 4 5 4 3 2 1 0 2 4 6 7 6 5 4 3 2 1 0 2 4 6 5 4 3 2 4 6 7 8 6* 5 4 3 2 1 0 2 4 6 5 7
K=25 *int=0 B=36 i=16142547) 0 2 4 5 4 3 2 1 0 2 4 6 7 6 5 4 3 2 1 0 2 4 6 5 4 3 2 4 6 8 7 6 5 4 3 2 1 0 2 4 6 8 7 6 5
K=25 *int=0 B=36 i=16148014) 0 2 4 5 4 3 2 1 0 2 4 6 8 7 6 5 4 3 2 1 0 2 4 6 5 4 3 2 4 6 8 7 6 5 4 3 2 1 2 4 6 8 7 6 5
K=25 *int=0 B=36 i=16238542) 0 2 4 5 4 3 2 4 6 7 6 5 4 3 2 1 0 2 4 6 8 7 6 5 4 3 2 1 0 2 4 6 5 4 3 2 4 6 8 7 6 5 6 8 7
K=25 *int=0 B=36 i=16246421) 0 2 4 5 4 3 2 4 6 8 7 6 5 4 3 2 1 0 2 4 6 8 7 6 5 4 3 2 1 2 4 6 5 4 3 2 4 6 8 7 6 5 6 8 7
K=25 *int=0 B=36 i=16318452) 0 2 4 5 4 6 7 6 5 4 3 2 1 0 2 4 3 2 4 6 5 4 6 8 7 6 5 4 3 2 1 0 2 4 3 2 4 6 5 4 6 8 7 6 5
K=25 *int=0 B=36 i=16332051) 0 2 4 5 4 6 8 7 6 5 4 3 2 1 0 2 4 3 2 4 6 5 4 6 8 7 6 5 4 3 2 1 2 4 3 2 4 6 5 4 6 8 7 6 5
K=25 *int=8 B=28 i=16396866) 0 2 4 5 6 4* 3 1* 3* 5 7 6 4* 2* 0* 7 8 7 6 4* 2* 1 0 4 5 7 6 5 7
K=25 *int=2 B=34 i=16404894) 0 2 4 5 7 6 5 4 3 2 1 0 2 4* 3 2 4 5 7 6 5 7 8 7 6 5 4 3 2 1 0 2 4* 3 2 4 5 7 6 5 7
K=25 *int=2 B=34 i=16418041) 0 2 4 5 7 6 4* 3 2 1 0 2 4 3 2 5 4 5 7 6 5 7 8 7 6 5 4 3 2 1 0 2 4* 3 2 4 5 7 6 5 7
K=25 *int=3 B=33 i=16418352) 0 2 4 5 7 6 4* 3 2 1 0 2 4 3 2 4* 7 6 5 7 8 7 6 5 4 3 2 1 0 2 4* 3 2 4 5 7 6 5 7
K=25 *int=3 B=33 i=16418379) 0 2 4 5 7 6 4* 3 2 1 0 2 4 3 2 4* 7 6 5 7 8 7 6 4* 3 2 1 0 2 4 3 2 5 4 5 7 6 5 7
K=25 *int=4 B=32 i=16418387) 0 2 4 5 7 6 4* 3 2 1 0 2 4 3 2 4* 7 6 5 7 8 7 6 4* 3 2 1 0 2 4 3 2 4* 7 6 5 7
K=25 *int=4 B=32 i=16418435) 0 2 4 5 7 6 4* 3 2 1 0 2 4 3 2 4* 7 6 7 8 7 5* 4 3 2 1 0 2 4* 3 2 4 5 7 6 5 7
K=25 *int=5 B=31 i=16418507) 0 2 4 5 7 6 4* 3 2 1 0 2 4 3 2 4* 7 6 7* 5* 4 3 2 1 0 2 4* 3 2 4 5 7 6 5 7
K=25 *int=5 B=31 i=16418702) 0 2 4 5 7 6 4* 3 2 1 0 2 4 3 2 4* 6* 8 7 5* 4 3 2 1 0 2 4* 3 2 4 5 7 6 5 7
K=25 *int=3 B=33 i=16449828) 0 2 4 5 3* 2 1 0 2* 5 7 6 5 4 3 2 1 0 2 5 7 6 5 4 3 2 4* 7 8 7 6 5 4 3 2 1 0 2 7
K=25 *int=4 B=32 i=16476830) 0 2 4 5 3* 1* 0 3 5 7 6 5 4 3 1* 0 3 5 7 6 5 4 2* 5 7 8 7 6 5 4 3 2 1 0 2 5 7
K=25 *int=5 B=31 i=16479667) 0 2 4 5 3* 1* 0 5 7 6 5 3* 1* 0 3 5 7 6 5 4 2* 5 7 8 7 6 5 4 3 2 1 0 2 5 7
K=25 *int=6 B=30 i=16480206) 0 2 4 5 3* 1* 0 7 5* 3* 1* 0 3 5 7 6 5 4 2* 5 7 8 7 6 5 4 3 2 1 0 2 5 7
K=25 *int=7 B=29 i=16480251) 0 2 4 5 3* 1* 0 7 5* 3* 1* 0 3 5 6* 5 4 2* 5 8 7 6 5 4 3 2 1 0 2 5 7
K=25 *int=7 B=29 i=16480310) 0 2 4 5 3* 1* 0 7 5* 3* 1* 0 3 7 5* 4 2* 5 7 8 7 6 5 4 3 2 1 0 2 5 7
K=25 *int=7 B=29 i=16480415) 0 2 4 5 3* 1* 0 7 5* 3* 1* 0 7 5* 3* 2 3 5 7 8 7 6 5 4 3 2 1 0 2 5 7
K=25 *int=8 B=28 i=16480445) 0 2 4 5 3* 1* 0 7 5* 3* 1* 0 7 5* 3* 2 5 7 8 7 6 5 3* 2 1 0 2 5 7
K=25 *int=9 B=27 i=16480464) 0 2 4 5 3* 1* 0 7 5* 3* 1* 0 7 5* 3* 2 7 8 7 5* 3* 2 1 0 2 5 7
K=25 *int=10 B=26 i=16480484) 0 2 4 5 3* 1* 0 7 5* 3* 1* 0 7 5* 3* 2 7* 5* 3* 2 1 0 2 5 7
K=25 *int=8 B=28 i=16481676) 0 2 4 5 3* 1* 0 5* 3* 1* 7 5* 3* 2 0* 3 5 7 8 7 6 5 4 3 2 1 0 5 7
K=25 *int=0 B=36 i=16502104) 0 2 4 6 5 4 3 2 1 0 2 4 3 2 4 6 5 4 6 7 6 5 4 3 2 1 0 2 4 3 2 4 6 5 4 6 8 7 6 5 4 3 2 1 0
K=25 *int=1 B=35 i=16502124) 0 2 4 6 5 4 3 2 1 0 2 4 3 2 4 6 5 4 6 7 6 5 4 3 2 1 0 2 4 3 2 4 6 8 7 5* 4 3 2 1 0 5 7
K=25 *int=2 B=34 i=16503179) 0 2 4 6 5 4 3 2 1 0 2 4 3 2 4 6 5 4 6 7 8 6* 5 4 3 2 1 0 2 4 6 5 3* 2 1 3 5 7 6 5 7
K=25 *int=0 B=36 i=16503424) 0 2 4 6 5 4 3 2 1 0 2 4 3 2 4 6 5 4 6 8 7 6 5 4 3 2 1 0 2 4 3 2 4 6 5 4 6 8 7 6 5 4 3 2 1
K=25 *int=1 B=35 i=16503443) 0 2 4 6 5 4 3 2 1 0 2 4 3 2 4 6 5 4 6 8 7 6 5 4 3 2 1 0 2 4 3 2 4 6 8 7 5* 4 3 2 1 5 7
K=25 *int=2 B=34 i=16505913) 0 2 4 6 5 4 3 2 1 0 2 4 3 2 4 6 7 5* 4 3 2 5 7 8 7 6 5 4 3 1* 0 1 3 5 4 3 5 7 6 5 7
K=25 *int=2 B=34 i=16505979) 0 2 4 6 5 4 3 2 1 0 2 4 3 2 4 6 7 5* 4 3 5 7 8 7 6 5 4 2* 1 0 2 1 3 5 4 3 5 7 6 5 7
K=25 *int=3 B=33 i=16510513) 0 2 4 6 5 4 3 2 1 0 2 4 3 4 6 7 5* 4 2* 5 7 8 7 6 5 4 3 1* 0 1 3 5 4 3 5 7 6 5 7
K=25 *int=3 B=33 i=16515831) 0 2 4 6 5 4 3 2 1 0 2 4 3 6 7 6 4* 2* 6 5 7 8 7 6 5 4 3 1* 0 1 3 5 4 3 5 7 6 5 7
K=25 *int=4 B=32 i=16519727) 0 2 4 6 5 4 3 2 1 0 2 4 3 6* 4* 2* 6 5 7 8 7 6 5 4 3 1* 0 1 3 5 4 3 5 7 6 5 7
K=25 *int=0 B=36 i=16521269) 0 2 4 6 5 4 3 2 1 0 2 4 6 5 4 3 2 4 6 7 6 5 4 3 2 1 0 2 4 6 8 7 6 5 4 3 2 1 0 4 6 5 6 8 7
K=25 *int=0 B=36 i=16522177) 0 2 4 6 5 4 3 2 1 0 2 4 6 5 4 3 2 4 6 8 7 6 5 4 3 2 1 0 2 4 6 8 7 6 5 4 3 2 1 4 6 5 6 8 7
K=25 *int=1 B=35 i=16528983) 0 2 4 6 5 4 3 2 1 0 2 4 6 7 6 5 4 3 2 1 0 2 4 6 5 4 3 2 4 6 7 8 6* 5 4 3 2 1 0 4 6 5 7
K=25 *int=0 B=36 i=16529002) 0 2 4 6 5 4 3 2 1 0 2 4 6 7 6 5 4 3 2 1 0 2 4 6 5 4 3 2 4 6 8 7 6 5 4 3 2 1 0 4 6 8 7 6 5
K=25 *int=0 B=36 i=16535619) 0 2 4 6 5 4 3 2 1 0 2 4 6 8 7 6 5 4 3 2 1 0 2 4 6 5 4 3 2 4 6 8 7 6 5 4 3 2 1 4 6 8 7 6 5
K=25 *int=4 B=32 i=16542244) 0 2 4 6 5 4 3 2 1 0 2 3* 6 7 5* 4 2* 5 7 8 7 6 5 4 3 1* 0 1 3 5 4 3 5 7 6 5 7
K=25 *int=3 B=33 i=16547845) 0 2 4 6 5 4 3 2 1 2 4 3 2 4 6 7 5* 4 3 5 7 8 7 6 5 4 2* 0* 2 1 3 5 4 3 5 7 6 5 7
K=25 *int=3 B=33 i=16568354) 0 2 4 6 5 4 3 2 1 4 6 7 6 5 4 2* 0* 4 3 6 5 8 6* 5 4 3 2 1 0 3 5 4 3 5 8 7 6 5 7
K=25 *int=2 B=34 i=16571682) 0 2 4 6 5 4 3 2 1 4 6 8 7 6 5 4 2* 1 0 1 4 3 6 5 8 6* 5 4 3 2 1 3 5 4 3 5 8 7 6 5 7
K=25 *int=3 B=33 i=16572066) 0 2 4 6 5 4 3 2 1 4 6 8 7 6 5 4 2* 0* 4 3 6 5 8 6* 5 4 3 2 1 3 5 4 3 5 8 7 6 5 7
K=25 *int=0 B=36 i=16582148) 0 2 4 6 5 4 3 2 4 6 7 6 5 4 3 2 1 0 2 4 6 8 7 6 5 4 3 2 1 0 2 4 6 5 4 3 4 6 8 7 6 5 6 8 7
K=25 *int=0 B=36 i=16589075) 0 2 4 6 5 4 3 2 4 6 8 7 6 5 4 3 2 1 0 2 4 6 8 7 6 5 4 3 2 1 2 4 6 5 4 3 4 6 8 7 6 5 6 8 7
K=25 *int=2 B=34 i=16589363) 0 2 4 6 5 4 3 2 4 6 8 7 6 5 4 3 1* 0 1 3 4 3 6 5 8 6* 5 4 3 2 1 3 5 4 3 5 8 7 6 5 7
K=25 *int=3 B=33 i=16589732) 0 2 4 6 5 4 3 2 4 6 8 7 6 5 4 3 1* 0 1 3* 6 5 8 6* 5 4 3 2 1 3 5 4 3 5 8 7 6 5 7
K=25 *int=4 B=32 i=16589752) 0 2 4 6 5 4 3 2 4 6 8 7 6 5 4 3 1* 0 1 3* 6 5 8 6* 4* 3 2 1 3 4 3 5 8 7 6 5 7
K=25 *int=5 B=31 i=16589768) 0 2 4 6 5 4 3 2 4 6 8 7 6 5 4 3 1* 0 1 3* 6 5 8 6* 4* 3 2 1 3* 5 8 7 6 5 7
K=25 *int=5 B=31 i=16589780) 0 2 4 6 5 4 3 2 4 6 8 7 6 5 4 3 1* 0 1 3* 6 5 8 6* 4* 2* 1 4 3 5 8 7 6 5 7
K=25 *int=3 B=33 i=16589830) 0 2 4 6 5 4 3 2 4 6 8 7 6 5 4 3 1* 0 1 3* 6 8 7 5* 4 3 2 1 3 5 4 3 5 7 8 7 6 5 7
K=25 *int=4 B=32 i=16589835) 0 2 4 6 5 4 3 2 4 6 8 7 6 5 4 3 1* 0 1 3* 6 8 7 5* 4 3 2 1 3 5 4 3 5 7* 6 5 7
K=25 *int=5 B=31 i=16612341) 0 2 4 6 5 4 3 1* 0 3* 6 7 5* 4 2* 5 7 8 7 6 5 4 3 1* 0 1 3 5 4 3 5 7 6 5 7
K=25 *int=8 B=28 i=16615641) 0 2 4 6 5 4 3 1* 3* 6 5 6 7 8 6* 4* 2* 0* 6 4* 2* 1 4 3 5 7 6 5 7
K=25 *int=7 B=29 i=16615826) 0 2 4 6 5 4 3 1* 3* 6 5 7 6 4* 2* 0* 7 8 7 6 4* 2* 1 0 4 3 5 7 6 5 7
K=25 *int=8 B=28 i=16616068) 0 2 4 6 5 4 3 1* 3* 6 5 8 6* 4* 2* 0* 8 7 6 4* 2* 1 4 3 5 7 6 5 7
K=25 *int=9 B=27 i=16616085) 0 2 4 6 5 4 3 1* 3* 6 5 8 6* 4* 2* 0* 8 6* 4* 2* 1 4 3 5 6 5 7
K=25 *int=10 B=26 i=16616088) 0 2 4 6 5 4 3 1* 3* 6 5 8 6* 4* 2* 0* 8 6* 4* 2* 1 4 3 5* 7
K=25 *int=8 B=28 i=16616344) 0 2 4 6 5 4 3 1* 3* 6 5 6* 4* 2* 0* 8 7 6 4* 2* 1 0 4 3 5 7 6 5 7
K=25 *int=9 B=27 i=16616369) 0 2 4 6 5 4 3 1* 3* 6 5 6* 4* 2* 0* 8 6* 4* 2* 1 0 4 3 5 6 5 7
K=25 *int=10 B=26 i=16616372) 0 2 4 6 5 4 3 1* 3* 6 5 6* 4* 2* 0* 8 6* 4* 2* 1 0 4 3 5* 7
K=25 *int=4 B=32 i=16616812) 0 2 4 6 5 4 3 1* 3* 6 7 5* 4 3 2 0* 3 5 7 8 7 6 5 4 3 2 1 0 3 5 4 3 5 7 6 5 7
K=25 *int=5 B=31 i=16617029) 0 2 4 6 5 4 3 1* 3* 6 7 5* 4 2* 0* 5 7 8 7 6 5 4 3 2 1 0 3 5 4 3 5 7 6 5 7
K=25 *int=6 B=30 i=16617047) 0 2 4 6 5 4 3 1* 3* 6 7 5* 4 2* 0* 5 7 8 7 6 5 4 2* 1 0 5 4 3 5 7 6 5 7
K=25 *int=7 B=29 i=16617056) 0 2 4 6 5 4 3 1* 3* 6 7 5* 4 2* 0* 5 7 8 7 6 5 4 2* 1 0 4* 3 7 6 5 7
K=25 *int=7 B=29 i=16617069) 0 2 4 6 5 4 3 1* 3* 6 7 5* 4 2* 0* 5 7 8 7 6 4* 2* 1 0 4 3 5 7 6 5 7
K=25 *int=9 B=27 i=16617793) 0 2 4 6 5 4 3 1* 3* 5* 7 8 6* 4* 2* 0* 6 4* 2* 1 4 3 5 7 6 5 7
K=25 *int=0 B=36 i=16618464) 0 2 4 6 5 4 6 7 6 5 4 3 2 1 0 2 4 3 2 4 6 5 4 6 8 7 6 5 4 3 2 1 0 2 4 3 4 6 5 4 6 8 7 6 5
K=25 *int=0 B=36 i=16625961) 0 2 4 6 5 4 6 8 7 6 5 4 3 2 1 0 2 4 3 2 4 6 5 4 6 8 7 6 5 4 3 2 1 2 4 3 4 6 5 4 6 8 7 6 5
K=25 *int=7 B=29 i=16663464) 0 2 4 6 5 3* 1* 0 5* 3* 1* 7 5* 3* 2 1 3 5 7 8 7 6 5 4 3 2 1 0 1 5 7
K=25 *int=0 B=36 i=16674648) 0 2 4 6 7 6 5 4 3 2 1 0 2 4 3 2 4 6 5 4 6 8 7 6 5 4 3 2 1 0 2 4 3 2 4 6 5 4 6 8 7 6 5 4 3
K=25 *int=1 B=35 i=16674664) 0 2 4 6 7 6 5 4 3 2 1 0 2 4 3 2 4 6 5 4 6 8 7 6 5 4 3 2 1 0 2 4 3 2 4 6 8 7 5* 4 3 5 7
K=25 *int=1 B=35 i=16679402) 0 2 4 6 7 6 5 4 3 2 1 0 2 4 6 5 4 3 2 4 6 8 7 6 5 4 3 2 1 0 2 4 3 6 8 7 6 4* 3 6 5 8 7
K=25 *int=0 B=36 i=16679425) 0 2 4 6 7 6 5 4 3 2 1 0 2 4 6 5 4 3 2 4 6 8 7 6 5 4 3 2 1 0 2 4 6 8 7 6 5 4 3 4 6 5 6 8 7
K=25 *int=0 B=36 i=16682326) 0 2 4 6 7 6 5 4 3 2 1 0 2 4 6 8 7 6 5 4 3 2 1 0 2 4 6 5 4 3 2 4 6 8 7 6 5 4 3 4 6 8 7 6 5
K=25 *int=8 B=28 i=16706685) 0 2 4 6 7 8 6* 5 3* 1* 0 5* 3* 1* 7 5* 3* 2 3 5 7 8 7 6 5 4 3 5 7
K=25 *int=3 B=33 i=16708076) 0 2 4 6 7 5* 4 3 2 1 0 2 4* 3 2 4 5 7 6 5 7 8 7 6 5 4 3 2 1 0 2 4* 3 4 5 7 6 5 7
K=25 *int=4 B=32 i=16713477) 0 2 4 6 7 5* 3* 2 1 0 2* 5 4 3 5 7 6 5 7 8 7 6 5 4 2* 1 0 2 3 5 4 3 5 7 6 5 7
K=25 *int=5 B=31 i=16713839) 0 2 4 6 7 5* 3* 2 1 0 2* 4* 3 7 6 5 7 8 7 6 5 4 2* 1 0 2 3 5 4 3 5 7 6 5 7
K=25 *int=6 B=30 i=16713908) 0 2 4 6 7 5* 3* 2 1 0 2* 4* 3 6* 5 8 7 6 5 4 2* 1 0 2 3 5 4 3 5 7 6 5 7
K=25 *int=7 B=29 i=16713934) 0 2 4 6 7 5* 3* 2 1 0 2* 4* 3 6* 5 8 6* 5 4 2* 1 0 2 3 5 4 3 5 6 5 7
K=25 *int=7 B=29 i=16713966) 0 2 4 6 7 5* 3* 2 1 0 2* 4* 3 6* 8 7 5* 4 2* 1 0 2 3 5 4 3 5 7 6 5 7
K=25 *int=7 B=29 i=16714070) 0 2 4 6 7 5* 3* 2 1 0 2* 4* 6* 8 7 5* 3* 2 1 0 3 2 3 5 4 3 5 7 6 5 7
K=25 *int=8 B=28 i=16714088) 0 2 4 6 7 5* 3* 2 1 0 2* 4* 6* 8 7 5* 3* 2 1 0 2* 5 4 3 5 7 6 5 7
K=25 *int=9 B=27 i=16714097) 0 2 4 6 7 5* 3* 2 1 0 2* 4* 6* 8 7 5* 3* 2 1 0 2* 4* 3 7 6 5 7
K=25 *int=10 B=26 i=16714099) 0 2 4 6 7 5* 3* 2 1 0 2* 4* 6* 8 7 5* 3* 2 1 0 2* 4* 3 6* 5
K=25 *int=8 B=28 i=16715207) 0 2 4 6 7 5* 3* 2 7* 5* 3* 1* 0 1 3 4* 3 2 3 6* 5 4 3 5 8 7 6 5 7
K=25 *int=0 B=36 i=16722254) 0 2 4 6 8 7 6 5 4 3 2 1 0 2 4 3 2 4 6 5 4 6 8 7 6 5 4 3 2 1 2 4 3 2 4 6 5 4 6 8 7 6 5 4 3
K=25 *int=1 B=35 i=16722265) 0 2 4 6 8 7 6 5 4 3 2 1 0 2 4 3 2 4 6 5 4 6 8 7 6 5 4 3 2 1 2 4 3 2 4 6 8 7 5* 4 3 5 7
K=25 *int=1 B=35 i=16725983) 0 2 4 6 8 7 6 5 4 3 2 1 0 2 4 6 5 4 3 2 4 6 8 7 6 5 4 3 2 1 2 4 3 6 8 7 6 4* 3 6 5 8 7
K=25 *int=0 B=36 i=16726004) 0 2 4 6 8 7 6 5 4 3 2 1 0 2 4 6 5 4 3 2 4 6 8 7 6 5 4 3 2 1 2 4 6 8 7 6 5 4 3 4 6 5 6 8 7
K=25 *int=0 B=36 i=16727605) 0 2 4 6 8 7 6 5 4 3 2 1 0 2 4 6 8 7 6 5 4 3 2 1 2 4 6 5 4 3 2 4 6 8 7 6 5 4 3 4 6 8 7 6 5
K=25 *int=3 B=33 i=16729058) 0 2 4 6 8 7 6 5 4 3 1* 0 1 3* 6 5 4 3 2 1 3 6 8 7 6 5 4 3 2 1 3 5* 8 7 6 5 4 3 5
K=25 *int=4 B=32 i=16731711) 0 2 4 6 8 7 6 5 3* 1* 0 1 3 5* 4 3 2 1 3 5 8 6* 5 4 3 2 1 3 5 8 7 6 5 4 3 5 7
K=25 *int=5 B=31 i=16732155) 0 2 4 6 8 7 6 5 3* 1* 0 1 5* 3* 2 1 3 5 8 6* 5 4 3 2 1 3 5 8 7 6 5 4 3 5 7
K=25 *int=6 B=30 i=16732742) 0 2 4 6 8 7 6 5 3* 1* 0 5* 3* 1* 3 5 8 6* 5 4 3 2 1 3 5 8 7 6 5 4 3 5 7
K=25 *int=7 B=29 i=16732760) 0 2 4 6 8 7 6 5 3* 1* 0 5* 3* 1* 3 5 8 6* 5 4 2* 1 5 8 7 6 5 4 3 5 7
K=25 *int=7 B=29 i=16732843) 0 2 4 6 8 7 6 5 3* 1* 0 5* 3* 1* 5 8 6* 5 3* 2 1 3 5 8 7 6 5 4 3 5 7
K=25 *int=7 B=29 i=16732902) 0 2 4 6 8 7 6 5 3* 1* 0 5* 3* 1* 8 7 5* 3* 2 1 3 5 7 8 7 6 5 4 3 5 7
K=25 *int=8 B=28 i=16732912) 0 2 4 6 8 7 6 5 3* 1* 0 5* 3* 1* 8 7 5* 3* 2 1 3 5 7* 6 5 4 3 5 7
K=25 *int=9 B=27 i=16732922) 0 2 4 6 8 7 6 5 3* 1* 0 5* 3* 1* 8 7 5* 3* 2 1 3 7* 5* 4 3 5 7
K=25 *int=10 B=26 i=16732936) 0 2 4 6 8 7 6 5 3* 1* 0 5* 3* 1* 8 7 5* 3* 2 1 7* 5* 3* 5 7
K=25 *int=2 B=34 i=16746195) 0 2 4 7 6 5 4 3 2 1 0 2 4 3 2 4 6 5 4 6 7 8 6* 5 4 3 2 1 0 2 4 6 5 3* 2 3 5 7 6 5 7
K=25 *int=0 B=36 i=16746313) 0 2 4 7 6 5 4 3 2 1 0 2 4 3 2 4 6 5 4 6 8 7 6 5 4 3 2 1 0 2 4 3 2 4 6 5 4 6 8 7 6 5 4 3 2
K=25 *int=1 B=35 i=16746327) 0 2 4 7 6 5 4 3 2 1 0 2 4 3 2 4 6 5 4 6 8 7 6 5 4 3 2 1 0 2 4 3 2 4 6 8 7 5* 4 3 2 5 7
K=25 *int=2 B=34 i=16746956) 0 2 4 7 6 5 4 3 2 1 0 2 4 3 2 4 6 7 5* 4 3 5 7 8 7 6 5 4 2* 1 0 2 3 5 4 3 5 7 6 5 7
K=25 *int=2 B=34 i=16747314) 0 2 4 7 6 5 4 3 2 1 0 2 4 3 2 4 6* 5 4 3 6 5 7 8 7 6 5 4 2* 1 0 2 3 5 4 3 5 7 6 5 7
K=25 *int=3 B=33 i=16748071) 0 2 4 7 6 5 4 3 2 1 0 2 4 3 2 6* 4* 3 6 5 7 8 7 6 5 4 2* 1 0 2 3 5 4 3 5 7 6 5 7
K=25 *int=3 B=33 i=16752163) 0 2 4 7 6 5 4 3 2 1 0 2 4 3 6* 4* 2* 6 5 7 8 7 6 5 4 3 2 1 0 2 3 5 4 3 5 7 6 5 7
K=25 *int=4 B=32 i=16752186) 0 2 4 7 6 5 4 3 2 1 0 2 4 3 6* 4* 2* 6 5 7 8 7 6 5 4 3 1* 0 3 5 4 3 5 7 6 5 7
K=25 *int=0 B=36 i=16752965) 0 2 4 7 6 5 4 3 2 1 0 2 4 6 5 4 3 2 4 6 8 7 6 5 4 3 2 1 0 2 4 6 8 7 6 5 4 3 2 4 6 5 6 8 7
K=25 *int=0 B=36 i=16755616) 0 2 4 7 6 5 4 3 2 1 0 2 4 6 8 7 6 5 4 3 2 1 0 2 4 6 5 4 3 2 4 6 8 7 6 5 4 3 2 4 6 8 7 6 5
K=25 *int=4 B=32 i=16759813) 0 2 4 7 6 5 4 3 2 1 0 4 2* 6* 4* 3 6 5 7 8 7 6 5 4 2* 1 0 2 3 5 4 3 5 7 6 5 7
K=25 *int=5 B=31 i=16782338) 0 2 4 7 6 5 3* 2 1 0 2* 6* 4* 3 6 5 7 8 7 6 5 4 2* 1 0 2 3 5 4 3 5 7 6 5 7
K=25 *int=7 B=29 i=16787628) 0 2 4 7 6 5 3* 1* 0 7 8 7 5* 3* 1* 0 7 5* 3* 2 3 5 7 8 7 6 5 4 3 5 7
K=25 *int=3 B=33 i=16804530) 0 2 4 7 5* 4 3 2 1 0 2 4 3 2 4 7 5* 4 3 5 7 8 7 6 5 4 2* 1 0 2 3 5 4 3 5 7 6 5 7
K=25 *int=3 B=33 i=16804756) 0 2 4 7 5* 4 3 2 1 0 2 4* 3 2 4 5 7 6 5 7 8 7 6 5 4 3 2 1 0 2 4* 3 2 4 5 7 6 5 7
K=25 *int=8 B=28 i=16807981) 0 2 4 7 5* 3* 2 1 0 2* 4* 6* 8 7 5* 3* 2 1 0 2 5 3* 2 3 5 7 6 5 7
K=25 *int=8 B=28 i=16808006) 0 2 4 7 5* 3* 2 1 0 2* 4* 6* 8 7 5* 3* 2 1 0 2* 5 4 3 2 5 7 6 5 7
K=25 *int=9 B=27 i=16808016) 0 2 4 7 5* 3* 2 1 0 2* 4* 6* 8 7 5* 3* 2 1 0 2* 4* 3 2 7 6 5 7
K=25 *int=10 B=26 i=16808018) 0 2 4 7 5* 3* 2 1 0 2* 4* 6* 8 7 5* 3* 2 1 0 2* 4* 3 2 6* 5
K=25 *int=9 B=27 i=16808032) 0 2 4 7 5* 3* 2 1 0 2* 4* 6* 8 7 5* 3* 1* 0 5 3* 2 3 5 7 6 5 7
K=25 *int=0 B=36 i=16816828) 0 2 4 8 7 6 5 4 3 2 1 0 2 4 3 2 4 6 5 4 6 8 7 6 5 4 3 2 1 2 4 3 2 4 6 5 4 6 8 7 6 5 4 3 2
K=25 *int=1 B=35 i=16816840) 0 2 4 8 7 6 5 4 3 2 1 0 2 4 3 2 4 6 5 4 6 8 7 6 5 4 3 2 1 2 4 3 2 4 6 8 7 5* 4 3 2 5 7
K=25 *int=0 B=36 i=16820258) 0 2 4 8 7 6 5 4 3 2 1 0 2 4 6 5 4 3 2 4 6 8 7 6 5 4 3 2 1 2 4 6 8 7 6 5 4 3 2 4 6 5 6 8 7
K=25 *int=0 B=36 i=16821607) 0 2 4 8 7 6 5 4 3 2 1 0 2 4 6 8 7 6 5 4 3 2 1 2 4 6 5 4 3 2 4 6 8 7 6 5 4 3 2 4 6 8 7 6 5
K=25 *int=0 B=36 i=16847644) 0 2 5 4 3 2 1 0 2 4 3 2 4 6 5 4 6 7 6 5 4 3 2 1 0 2 4 3 2 4 6 5 4 6 8 7 6 5 4 3 2 1 0 2 4
K=25 *int=0 B=36 i=16848517) 0 2 5 4 3 2 1 0 2 4 3 2 4 6 5 4 6 8 7 6 5 4 3 2 1 0 2 4 3 2 4 6 5 4 6 8 7 6 5 4 3 2 1 2 4
K=25 *int=2 B=34 i=16865617) 0 2 5 4 3 2 1 0 2 4 5 7 6 4* 3 2 1 0 2 4 3 5 7 6 5 4 2* 5 7 8 7 6 5 4 3 2 1 0 2 5 7
K=25 *int=0 B=36 i=16874984) 0 2 5 4 3 2 1 0 2 4 6 5 4 3 2 4 6 7 6 5 4 3 2 1 0 2 4 6 8 7 6 5 4 3 2 1 0 2 4 6 5 4 6 8 7
K=25 *int=0 B=36 i=16876461) 0 2 5 4 3 2 1 0 2 4 6 5 4 3 2 4 6 8 7 6 5 4 3 2 1 0 2 4 6 8 7 6 5 4 3 2 1 2 4 6 5 4 6 8 7
K=25 *int=1 B=35 i=16886293) 0 2 5 4 3 2 1 0 2 4 6 7 6 5 4 3 2 1 0 2 4 6 5 4 3 2 4 6 7 8 6* 5 4 3 2 1 0 2 4 6 5 4 7
K=25 *int=0 B=36 i=16886321) 0 2 5 4 3 2 1 0 2 4 6 7 6 5 4 3 2 1 0 2 4 6 5 4 3 2 4 6 8 7 6 5 4 3 2 1 0 2 4 6 8 7 6 5 4
K=25 *int=0 B=36 i=16891772) 0 2 5 4 3 2 1 0 2 4 6 8 7 6 5 4 3 2 1 0 2 4 6 5 4 3 2 4 6 8 7 6 5 4 3 2 1 2 4 6 8 7 6 5 4
K=25 *int=2 B=34 i=16893827) 0 2 5 4 3 2 1 0 2 4 7 6 5 4 3 2 1 0 2 4 6* 5 4 3 2 4 6 5 7 8 7 6 4* 3 2 1 0 2 4 5 7
K=25 *int=2 B=34 i=16925764) 0 2 5 4 3 2 1 0 2 4* 7 6 5 4 3 2 1 0 2 4 3 5 7 6 5 4 2* 5 7 8 7 6 5 4 3 2 1 0 2 5 7
K=25 *int=3 B=33 i=16926184) 0 2 5 4 3 2 1 0 2 4* 7 6 5 3* 2 1 0 2 3 5 7 6 5 4 2* 5 7 8 7 6 5 4 3 2 1 0 2 5 7
K=25 *int=3 B=33 i=16926435) 0 2 5 4 3 2 1 0 2 4* 7 6 5 3* 2 1 0 2* 5 7 6 5 4 3 2 5 7 8 7 6 5 4 3 2 1 0 2 5 7
K=25 *int=4 B=32 i=16926465) 0 2 5 4 3 2 1 0 2 4* 7 6 5 3* 2 1 0 2* 5 7 6 5 4 3 5 7 8 7 6 5 4 2* 1 0 2 5 7
K=25 *int=4 B=32 i=16927341) 0 2 5 4 3 2 1 0 2 4* 7 6 5 3* 1* 0 3 5 7 6 5 4 2* 5 7 8 7 6 5 4 3 2 1 0 2 5 7
K=25 *int=0 B=36 i=17019198) 0 2 5 4 3 2 4 6 7 6 5 4 3 2 1 0 2 4 6 8 7 6 5 4 3 2 1 0 2 4 6 5 4 3 2 4 6 8 7 6 5 4 6 8 7
K=25 *int=0 B=36 i=17025610) 0 2 5 4 3 2 4 6 8 7 6 5 4 3 2 1 0 2 4 6 8 7 6 5 4 3 2 1 2 4 6 5 4 3 2 4 6 8 7 6 5 4 6 8 7
K=25 *int=3 B=33 i=17062198) 0 2 5 4 3 5 7 6 5 4 2* 1 0 2 5 7 8 7 6 5 3* 2 1 0 2 5 7 6 4* 3 2 4 5 7 8 7 6 5 7
K=25 *int=1 B=35 i=17091493) 0 2 5 4 3 1* 0 1 3 5 4 3 5 6 5 4 3 2 1 3 5 7 8 7 6 5 4 3 2 1 0 1 3 5 7 6 5 4 3 2 1 5 7
K=25 *int=1 B=35 i=17092395) 0 2 5 4 3 1* 0 1 3 5 4 3 5 7 6 5 4 3 2 1 3 5 7 8 7 6 5 4 3 2 1 0 1 3 5 7 6 5 4 3 2 5 7
K=25 *int=5 B=31 i=17119386) 0 2 5 4 3 1* 0 4* 7 6 5 3* 1* 0 3 5 7 6 5 4 2* 5 7 8 7 6 5 4 3 2 1 0 2 5 7
K=25 *int=7 B=29 i=17126860) 0 2 5 4 3 1* 5 6 5 3* 5 7 6 4* 2* 0* 7 8 7 6 4* 2* 1 0 2 4 5 7 6 5 7
K=25 *int=0 B=36 i=17170979) 0 2 5 4 6 7 6 5 4 3 2 1 0 2 4 3 2 4 6 5 4 6 8 7 6 5 4 3 2 1 0 2 4 3 2 4 6 5 4 6 8 7 6 5 4
K=25 *int=1 B=35 i=17170992) 0 2 5 4 6 7 6 5 4 3 2 1 0 2 4 3 2 4 6 5 4 6 8 7 6 5 4 3 2 1 0 2 4 3 2 4 6 8 7 5* 4 5 7
K=25 *int=0 B=36 i=17191517) 0 2 5 4 6 8 7 6 5 4 3 2 1 0 2 4 3 2 4 6 5 4 6 8 7 6 5 4 3 2 1 2 4 3 2 4 6 5 4 6 8 7 6 5 4
K=25 *int=1 B=35 i=17191527) 0 2 5 4 6 8 7 6 5 4 3 2 1 0 2 4 3 2 4 6 5 4 6 8 7 6 5 4 3 2 1 2 4 3 2 4 6 8 7 5* 4 5 7
K=25 *int=4 B=32 i=17218934) 0 2 5 4 7 5* 4 3 2 1 0 2 4 3 2 4 5 4 6* 8 7 5* 4 3 2 1 0 2 4* 3 2 4 5 7 6 5 7
K=25 *int=1 B=35 i=17219108) 0 2 5 4 7 5* 4 3 2 1 0 2 4 3 2 4 7 6 5 4 6 8 7 6 5 4 3 2 1 0 2 4 3 2 4 6 5 4 6 8 7 6 5
K=25 *int=3 B=33 i=17219223) 0 2 5 4 7 5* 4 3 2 1 0 2 4 3 2 4 7 5* 4 3 5 7 8 7 6 5 4 2* 1 0 2 3 5 4 5 7 6 5 7
K=25 *int=5 B=31 i=17219434) 0 2 5 4 7 5* 4 3 2 1 0 2 4 3 2 4* 6* 8 7 5* 4 3 2 1 0 2 4* 3 2 4 5 7 6 5 7
K=25 *int=6 B=30 i=17222240) 0 2 5 4 7 5* 3* 2 1 0 2 3 2 4* 6* 8 7 5* 4 3 2 1 0 2 4* 3 2 4 5 7 6 5 7
K=25 *int=7 B=29 i=17223445) 0 2 5 4 7 5* 3* 2 1 0 2* 4* 6* 8 7 5* 4 3 2 1 0 2 4* 3 2 4 5 7 6 5 7
K=25 *int=7 B=29 i=17223475) 0 2 5 4 7 5* 3* 2 1 0 2* 4* 6* 8 7 5* 3* 2 1 0 2 5 4 3 2 4 5 7 6 5 7
K=25 *int=8 B=28 i=17223487) 0 2 5 4 7 5* 3* 2 1 0 2* 4* 6* 8 7 5* 3* 2 1 0 2 5 3* 2 5 7 6 5 7
K=25 *int=9 B=27 i=17223507) 0 2 5 4 7 5* 3* 2 1 0 2* 4* 6* 8 7 5* 3* 1* 0 5 3* 2 5 7 6 5 7
K=25 *int=7 B=29 i=17225580) 0 2 5 4 7 5* 3* 1* 0 3 2 4* 6* 8 7 5* 4 3 2 1 0 2 4* 3 2 4 5 7 6 5 7
K=25 *int=1 B=35 i=17301308) 0 2 5 6 5 4 3 1* 0 1 3 5 4 3 5 7 6 5 4 3 2 1 3 5 7 8 7 6 5 4 3 2 1 0 1 3 5 7 6 5 4 5 7
K=25 *int=10 B=26 i=17361569) 0 2 5 6 4* 3 1* 3* 5* 7 8 6* 4* 2* 0* 6 4* 2* 1 4 5 7 6 5 7
K=25 *int=7 B=29 i=17373383) 0 2 5 7 6 5 4 3 2 1 0 2 4 5 3* 7 5* 7 8 6* 4* 2* 1 0 2 3* 2 5* 4 5 7
K=25 *int=3 B=33 i=17375181) 0 2 5 7 6 5 4 3 2 1 0 2 5 4 3 2 4* 7 6 5 7 8 7 6 4* 3 2 1 0 2 4 3 2 4* 7 6 5 4 7
K=25 *int=2 B=34 i=17379478) 0 2 5 7 6 5 4 3 2 1 0 2 4* 3 2 4 5 7 6 5 7 8 7 6 5 4 3 2 1 0 2 5 4 3 2 4* 7 6 5 4 7
K=25 *int=2 B=34 i=17379492) 0 2 5 7 6 5 4 3 2 1 0 2 4* 3 2 4 5 7 6 5 7 8 7 6 5 4 3 2 1 0 2 4* 3 2 4 5 7 6 5 4 7
K=25 *int=3 B=33 i=17379498) 0 2 5 7 6 5 4 3 2 1 0 2 4* 3 2 4 5 7 6 5 7 8 7 6 5 4 3 2 1 0 2 4* 3 2 4 7 5* 4 7
K=25 *int=3 B=33 i=17379542) 0 2 5 7 6 5 4 3 2 1 0 2 4* 3 2 4 5 7 6 5 7 8 7 6 4* 3 2 1 0 2 4 3 2 4* 7 6 5 4 7
K=25 *int=4 B=32 i=17379870) 0 2 5 7 6 5 4 3 2 1 0 2 4* 3 2 4 7 5* 4 7 8 6* 5 4 3 2 1 0 2 4 3 2 4 5* 4 5 7
K=25 *int=4 B=32 i=17379937) 0 2 5 7 6 5 4 3 2 1 0 2 4* 3 2 4 7 5* 7 8 7 6 4* 3 2 1 0 2 4 3 2 4* 7 6 5 4 7
K=25 *int=5 B=31 i=17379962) 0 2 5 7 6 5 4 3 2 1 0 2 4* 3 2 4 7 5* 7 8 6* 4* 3 2 1 0 2 4 3 2 4 5* 4 5 7
K=25 *int=5 B=31 i=17379970) 0 2 5 7 6 5 4 3 2 1 0 2 4* 3 2 4 7 5* 7 8 6* 4* 3 2 1 0 2 4 3 2 4* 6 5 4 7
K=25 *int=6 B=30 i=17379980) 0 2 5 7 6 5 4 3 2 1 0 2 4* 3 2 4 7 5* 7 8 6* 4* 3 2 1 0 2 3* 2 5* 4 5 7
K=25 *int=7 B=29 i=17379998) 0 2 5 7 6 5 4 3 2 1 0 2 4* 3 2 4 7 5* 7 8 6* 4* 3 1* 0 3* 2 5* 4 5 7
K=25 *int=5 B=31 i=17380033) 0 2 5 7 6 5 4 3 2 1 0 2 4* 3 2 4 7 5* 7* 6 4* 3 2 1 0 2 4 3 2 4* 7 6 5 4 7
K=25 *int=7 B=29 i=17380936) 0 2 5 7 6 5 4 3 2 1 0 2 4* 3 4 7 5* 7 8 6* 4* 2* 1 0 2 3* 2 5* 4 5 7
K=25 *int=3 B=33 i=17382900) 0 2 5 7 6 5 4 3 2 1 0 2 4* 7 8 7 6 5 3* 2 1 0 2* 5 7 6 5 4 3 2 5 7 8 7 6 5 4 5 7
K=25 *int=1 B=35 i=17400244) 0 2 5 7 6 5 4 3 1* 0 1 3 5 4 3 5 7 6 5 4 3 2 1 3 5 7 8 7 6 5 4 3 2 1 0 3 5 7 6 5 4 5 7
K=25 *int=8 B=28 i=17411738) 0 2 5 7 6 5 3* 2 1 0 2 5 3* 7 5* 7 8 6* 4* 2* 1 0 2 3* 2 5* 4 5 7
K=25 *int=9 B=27 i=17415279) 0 2 5 7 6 5 3* 1* 0 5 3* 7 5* 7 8 6* 4* 2* 1 0 2 3* 2 5* 4 5 7
K=25 *int=10 B=26 i=17416884) 0 2 5 7 6 5 3* 1* 5 3* 7 5* 7 8 6* 4* 2* 0* 2 3* 2 5* 4 5 7
K=25 *int=4 B=32 i=17418163) 0 2 5 7 6 4* 3 2 1 0 2 4 3 2 4* 7 6 5 7 8 7 6 4* 3 2 1 0 2 4 3 2 4* 7 6 5 4 7
K=25 *int=1 B=35 i=17425812) 0 2 5 7 8 7 6 5 4 3 1* 0 1 3 5 4 3 5 7 6 5 4 3 2 1 3 5 7 8 7 6 5 4 3 2 3 5 7 6 5 4 5 7
K=25 *int=1 B=35 i=17428686) 0 2 5 7 8 6* 5 4 3 2 1 0 2 4 6 5 4 3 2 1 2 4 6 5 4 3 2 4 6 8 7 6 5 4 3 2 4 6 8 7 6 5 4
K=25 *int=1 B=35 i=17441294) 0 2 5 8 7 6 5 4 3 1* 0 1 3 5 4 3 5 7 6 5 4 3 2 1 3 5 7 8 7 6 5 4 3 2 1 3 5 7 6 5 4 5 7
K=25 *int=3 B=33 i=17451696) 0 2 5 3* 2 1 0 2 5 7 6 4* 3 2 1 0 2 4 3 5 7 6 5 4 2* 5 7 8 7 6 5 4 3 2 1 0 2 5 7
K=25 *int=3 B=33 i=17452513) 0 2 5 3* 2 1 0 2* 5 7 6 5 4 3 2 1 0 2 5 7 6 5 4 3 2 4* 7 8 7 6 5 4 3 2 1 0 2 4 7
K=25 *int=8 B=28 i=17468335) 0 2 5 3* 1* 0 7 5* 3* 1* 0 7 5* 3* 2 5 7 8 7 6 5 3* 2 1 0 2 5 4 7
K=25 *int=8 B=28 i=17468347) 0 2 5 3* 1* 0 7 5* 3* 1* 0 7 5* 3* 2 5 7 8 7 6 4* 3 2 1 0 2 4 5 7
K=25 *int=9 B=27 i=17468373) 0 2 5 3* 1* 0 7 5* 3* 1* 0 7 5* 3* 2 7 8 7 5* 3* 2 1 0 2 5 4 7
K=25 *int=10 B=26 i=17468403) 0 2 5 3* 1* 0 7 5* 3* 1* 0 7 5* 3* 2 7* 5* 3* 2 1 0 2 5 4 7
K=25 *int=9 B=27 i=17468423) 0 2 5 3* 1* 0 7 5* 3* 1* 0 7 5* 3* 5 7 8 7 6 4* 2* 1 0 2 4 5 7
K=25 *int=10 B=26 i=17468916) 0 2 5 3* 1* 0 7 5* 3* 1* 7 5* 3* 5 7 8 7 6 4* 2* 0* 2 4 5 7
K=25 *int=10 B=26 i=17470123) 0 2 5 3* 1* 0 5* 3* 1* 7 5* 3* 5 7 8 7 6 4* 2* 0* 2 1 4 5 7
K=25 *int=0 B=36 i=17484138) 0 2 6 5 4 3 2 1 0 2 4 3 2 4 6 5 4 6 7 6 5 4 3 2 1 0 2 4 3 2 4 6 5 4 6 8 7 6 5 4 3 2 1 0 4
K=25 *int=0 B=36 i=17485069) 0 2 6 5 4 3 2 1 0 2 4 3 2 4 6 5 4 6 8 7 6 5 4 3 2 1 0 2 4 3 2 4 6 5 4 6 8 7 6 5 4 3 2 1 4
K=25 *int=0 B=36 i=17495730) 0 2 6 5 4 3 2 1 0 2 4 6 5 4 3 2 4 6 7 6 5 4 3 2 1 0 2 4 6 8 7 6 5 4 3 2 1 0 4 6 5 4 6 8 7
K=25 *int=0 B=36 i=17496949) 0 2 6 5 4 3 2 1 0 2 4 6 5 4 3 2 4 6 8 7 6 5 4 3 2 1 0 2 4 6 8 7 6 5 4 3 2 1 4 6 5 4 6 8 7
K=25 *int=1 B=35 i=17501646) 0 2 6 5 4 3 2 1 0 2 4 6 7 6 5 4 3 2 1 0 2 4 6 5 4 3 2 4 6 7 8 6* 5 4 3 2 1 0 4 6 5 4 7
K=25 *int=0 B=36 i=17501666) 0 2 6 5 4 3 2 1 0 2 4 6 7 6 5 4 3 2 1 0 2 4 6 5 4 3 2 4 6 8 7 6 5 4 3 2 1 0 4 6 8 7 6 5 4
K=25 *int=0 B=36 i=17507401) 0 2 6 5 4 3 2 1 0 2 4 6 8 7 6 5 4 3 2 1 0 2 4 6 5 4 3 2 4 6 8 7 6 5 4 3 2 1 4 6 8 7 6 5 4
K=25 *int=0 B=36 i=17555700) 0 2 6 5 4 3 2 4 6 7 6 5 4 3 2 1 0 2 4 6 8 7 6 5 4 3 2 1 0 2 4 6 5 4 3 4 6 8 7 6 5 4 6 8 7
K=25 *int=0 B=36 i=17559996) 0 2 6 5 4 3 2 4 6 8 7 6 5 4 3 2 1 0 2 4 6 8 7 6 5 4 3 2 1 2 4 6 5 4 3 4 6 8 7 6 5 4 6 8 7
K=25 *int=1 B=35 i=17576157) 0 2 6 5 4 3 1* 0 1 3 5 4 3 5 7 6 5 4 3 2 1 3 5 7 8 7 6 5 4 3 2 1 0 1 3 5 7 6 5 4 3 5 7
K=25 *int=0 B=36 i=17593868) 0 2 6 5 4 6 7 6 5 4 3 2 1 0 2 4 3 2 4 6 5 4 6 8 7 6 5 4 3 2 1 0 2 4 3 4 6 5 4 6 8 7 6 5 4
K=25 *int=1 B=35 i=17593878) 0 2 6 5 4 6 7 6 5 4 3 2 1 0 2 4 3 2 4 6 5 4 6 8 7 6 5 4 3 2 1 0 2 4 3 4 6 8 7 5* 4 5 7
K=25 *int=0 B=36 i=17599775) 0 2 6 5 4 6 8 7 6 5 4 3 2 1 0 2 4 3 2 4 6 5 4 6 8 7 6 5 4 3 2 1 2 4 3 4 6 5 4 6 8 7 6 5 4
K=25 *int=1 B=35 i=17599785) 0 2 6 5 4 6 8 7 6 5 4 3 2 1 0 2 4 3 2 4 6 5 4 6 8 7 6 5 4 3 2 1 2 4 3 4 6 8 7 5* 4 5 7
K=25 *int=0 B=36 i=17653055) 0 2 6 7 6 5 4 3 2 1 0 2 4 3 2 4 6 5 4 6 8 7 6 5 4 3 2 1 0 2 4 3 2 4 6 5 4 6 8 7 6 5 4 3 4
K=25 *int=0 B=36 i=17657012) 0 2 6 7 6 5 4 3 2 1 0 2 4 6 5 4 3 2 4 6 8 7 6 5 4 3 2 1 0 2 4 6 8 7 6 5 4 3 4 6 5 4 6 8 7
K=25 *int=7 B=29 i=17659275) 0 2 6 7 6 5 4 3 2 1 0 2 4 6 5 3* 5* 7 8 6* 4* 2* 1 0 2 3* 5* 4 3 5 7
K=25 *int=0 B=36 i=17659414) 0 2 6 7 6 5 4 3 2 1 0 2 4 6 8 7 6 5 4 3 2 1 0 2 4 6 5 4 3 2 4 6 8 7 6 5 4 3 4 6 8 7 6 5 4
K=25 *int=0 B=36 i=17688580) 0 2 6 8 7 6 5 4 3 2 1 0 2 4 3 2 4 6 5 4 6 8 7 6 5 4 3 2 1 2 4 3 2 4 6 5 4 6 8 7 6 5 4 3 4
K=25 *int=3 B=33 i=17691390) 0 2 6 8 7 6 5 4 3 2 1 0 2 4 6 5 4 3 2 1 4 6 5 8 6* 4* 2* 1 4 3 5 8 7 6 5 4 3 5 7
K=25 *int=0 B=36 i=17692100) 0 2 6 8 7 6 5 4 3 2 1 0 2 4 6 5 4 3 2 4 6 8 7 6 5 4 3 2 1 2 4 6 8 7 6 5 4 3 4 6 5 4 6 8 7
K=25 *int=0 B=36 i=17693483) 0 2 6 8 7 6 5 4 3 2 1 0 2 4 6 8 7 6 5 4 3 2 1 2 4 6 5 4 3 2 4 6 8 7 6 5 4 3 4 6 8 7 6 5 4
K=25 *int=10 B=26 i=17699420) 0 2 6 8 7 6 5 3* 1* 0 5* 3* 1* 8 7 5* 3* 2 1 7* 5* 3* 5 4 7
K=25 *int=10 B=26 i=17701597) 0 2 6 4* 3 1* 3* 5* 7 8 6* 4* 2* 0* 6 4* 2* 1 4 3 5 7 6 5 7
K=25 *int=0 B=36 i=17707720) 0 2 7 6 5 4 3 2 1 0 2 4 3 2 4 6 5 4 6 8 7 6 5 4 3 2 1 0 2 4 3 2 4 6 5 4 6 8 7 6 5 4 3 2 4
K=25 *int=0 B=36 i=17712242) 0 2 7 6 5 4 3 2 1 0 2 4 6 5 4 3 2 4 6 8 7 6 5 4 3 2 1 0 2 4 6 8 7 6 5 4 3 2 4 6 5 4 6 8 7
K=25 *int=0 B=36 i=17714032) 0 2 7 6 5 4 3 2 1 0 2 4 6 8 7 6 5 4 3 2 1 0 2 4 6 5 4 3 2 4 6 8 7 6 5 4 3 2 4 6 8 7 6 5 4
K=25 *int=8 B=28 i=17715516) 0 2 7 6 5 4 3 2 1 0 2 4 6* 5 3* 5* 7 8 6* 4* 2* 1 0 2 3* 5* 4 5 7
K=25 *int=1 B=35 i=17733229) 0 2 7 6 5 4 3 1* 0 1 3 5 4 3 5 7 6 5 4 3 2 1 3 5 7 8 7 6 5 4 3 2 1 0 3 5 7 6 5 4 3 5 7
K=25 *int=1 B=35 i=17758488) 0 2 7 8 7 6 5 4 3 1* 0 1 3 5 4 3 5 7 6 5 4 3 2 1 3 5 7 8 7 6 5 4 3 2 3 5 7 6 5 4 3 5 7
K=25 *int=0 B=36 i=17765034) 0 2 8 7 6 5 4 3 2 1 0 2 4 3 2 4 6 5 4 6 8 7 6 5 4 3 2 1 2 4 3 2 4 6 5 4 6 8 7 6 5 4 3 2 4
K=25 *int=0 B=36 i=17767680) 0 2 8 7 6 5 4 3 2 1 0 2 4 6 5 4 3 2 4 6 8 7 6 5 4 3 2 1 2 4 6 8 7 6 5 4 3 2 4 6 5 4 6 8 7
K=25 *int=0 B=36 i=17768639) 0 2 8 7 6 5 4 3 2 1 0 2 4 6 8 7 6 5 4 3 2 1 2 4 6 5 4 3 2 4 6 8 7 6 5 4 3 2 4 6 8 7 6 5 4
K=25 *int=1 B=35 i=17771403) 0 2 8 7 6 5 4 3 1* 0 1 3 5 4 3 5 7 6 5 4 3 2 1 3 5 7 8 7 6 5 4 3 2 1 3 5 7 6 5 4 3 5 7
K=25 *int=10 B=26 i=17777058) 0 2 3* 1* 6 5 3* 5* 7 8 6* 4* 2* 0* 2 1 3* 5* 4 3 2 1 3 5 7
K=25 *int=2 B=34 i=17796016) 0 3 2 1 0 2 3 5 4 2* 5 7 6 5 4 3 2 1 0 2 5 7 8 7 6 5 4 3 2 1 0 2 4* 7 6 5 4 3 2 4 7
K=25 *int=0 B=36 i=17857317) 0 3 2 1 0 2 4 3 2 4 5 4 6 7 6 5 4 3 2 1 0 2 4 3 2 4 6 5 4 6 8 7 6 5 4 3 2 1 0 2 4 3 2 4 6
K=25 *int=0 B=36 i=17860692) 0 3 2 1 0 2 4 3 2 4 5 4 6 8 7 6 5 4 3 2 1 0 2 4 3 2 4 6 5 4 6 8 7 6 5 4 3 2 1 2 4 3 2 4 6
K=25 *int=0 B=36 i=17876187) 0 3 2 1 0 2 4 3 2 4 6 5 4 6 7 6 5 4 3 2 1 0 2 4 3 2 4 6 5 4 6 8 7 6 5 4 3 2 1 0 2 4 3 4 6
K=25 *int=1 B=35 i=17878837) 0 3 2 1 0 2 4 3 2 4 6 5 4 6 8 7 6 5 4 3 2 1 0 2 4 3 2 1 4 6 5 4 6 8 7 6 5 4 2* 1 4 3 6
K=25 *int=0 B=36 i=17878926) 0 3 2 1 0 2 4 3 2 4 6 5 4 6 8 7 6 5 4 3 2 1 0 2 4 3 2 4 6 5 4 6 8 7 6 5 4 3 2 1 2 4 3 4 6
K=25 *int=0 B=36 i=17936231) 0 3 2 1 0 2 4 5 4 3 2 1 0 2 4 6 5 4 3 2 4 6 7 6 5 4 3 2 1 0 2 4 6 8 7 6 5 4 3 2 1 0 2 4 6
K=25 *int=0 B=36 i=17936424) 0 3 2 1 0 2 4 5 4 3 2 1 0 2 4 6 5 4 3 2 4 6 8 7 6 5 4 3 2 1 0 2 4 6 8 7 6 5 4 3 2 1 2 4 6
K=25 *int=0 B=36 i=17955955) 0 3 2 1 0 2 4 5 4 3 2 4 6 7 6 5 4 3 2 1 0 2 4 6 8 7 6 5 4 3 2 1 0 2 4 6 5 4 3 2 4 6 8 7 6
K=25 *int=0 B=36 i=17957999) 0 3 2 1 0 2 4 5 4 3 2 4 6 8 7 6 5 4 3 2 1 0 2 4 6 8 7 6 5 4 3 2 1 2 4 6 5 4 3 2 4 6 8 7 6
K=25 *int=1 B=35 i=17959068) 0 3 2 1 0 2 4 5 4 3 2 4 7 6 5 4 3 2 1 0 2 4 6* 8 7 6 5 4 3 2 1 0 2 4 6 5 4 3 2 4 6 7 6
K=25 *int=0 B=36 i=18000289) 0 3 2 1 0 2 4 6 5 4 3 2 1 0 2 4 6 5 4 3 2 4 6 7 6 5 4 3 2 1 0 2 4 6 8 7 6 5 4 3 2 1 0 4 6
K=25 *int=0 B=36 i=18000516) 0 3 2 1 0 2 4 6 5 4 3 2 1 0 2 4 6 5 4 3 2 4 6 8 7 6 5 4 3 2 1 0 2 4 6 8 7 6 5 4 3 2 1 4 6
K=25 *int=0 B=36 i=18011733) 0 3 2 1 0 2 4 6 5 4 3 2 4 6 7 6 5 4 3 2 1 0 2 4 6 8 7 6 5 4 3 2 1 0 2 4 6 5 4 3 4 6 8 7 6
K=25 *int=0 B=36 i=18013898) 0 3 2 1 0 2 4 6 5 4 3 2 4 6 8 7 6 5 4 3 2 1 0 2 4 6 8 7 6 5 4 3 2 1 2 4 6 5 4 3 4 6 8 7 6
K=25 *int=0 B=36 i=18028580) 0 3 2 1 0 2 4 6 7 6 5 4 3 2 1 0 2 4 6 5 4 3 2 4 6 8 7 6 5 4 3 2 1 0 2 4 6 8 7 6 5 4 3 4 6
K=25 *int=0 B=36 i=18035317) 0 3 2 1 0 2 4 6 8 7 6 5 4 3 2 1 0 2 4 6 5 4 3 2 4 6 8 7 6 5 4 3 2 1 2 4 6 8 7 6 5 4 3 4 6
K=25 *int=0 B=36 i=18037364) 0 3 2 1 0 2 4 7 6 5 4 3 2 1 0 2 4 6 5 4 3 2 4 6 8 7 6 5 4 3 2 1 0 2 4 6 8 7 6 5 4 3 2 4 6
K=25 *int=0 B=36 i=18047730) 0 3 2 1 0 2 4 8 7 6 5 4 3 2 1 0 2 4 6 5 4 3 2 4 6 8 7 6 5 4 3 2 1 2 4 6 8 7 6 5 4 3 2 4 6
K=25 *int=2 B=34 i=18079509) 0 3 2 1 0 2 5 4 3 2 4* 7 6 5 4 3 2 1 0 2 4 7 8 7 6 5 4 3 2 1 0 2 4 6* 5 4 3 2 4 6 7
K=25 *int=2 B=34 i=18361169) 0 3 2 1 0 2* 5 4 3 2 5 7 6 5 4 3 2 1 0 2 5 7 8 7 6 5 4 3 2 1 0 2 4* 7 6 5 4 3 2 4 7
K=25 *int=3 B=33 i=18363535) 0 3 2 1 0 2* 5 4 3 5 7 6 5 4 2* 1 0 2 5 7 8 7 6 5 4 3 2 1 0 2 4* 7 6 5 4 3 2 4 7
K=25 *int=3 B=33 i=18363561) 0 3 2 1 0 2* 5 4 3 5 7 6 5 4 2* 1 0 2 5 7 8 7 6 5 3* 2 1 0 2 5 4 7 6 5 4 3 2 4 7
K=25 *int=4 B=32 i=18363573) 0 3 2 1 0 2* 5 4 3 5 7 6 5 4 2* 1 0 2 5 7 8 7 6 5 3* 2 1 0 2 5 7 6 4* 3 2 4 7
K=25 *int=4 B=32 i=18363694) 0 3 2 1 0 2* 5 4 3 5 7 6 5 4 2* 1 0 5 7 8 7 6 5 4 2* 1 0 2 4* 7 6 5 4 3 2 4 7
K=25 *int=5 B=31 i=18364006) 0 3 2 1 0 2* 5 4 3 5 7 6 5 4 2* 1 5 7 8 7 6 5 4 2* 0* 2 4* 7 6 5 4 3 2 4 7
K=25 *int=7 B=29 i=18538231) 0 3 2 1 3 4 3 5 7 6 5 4 2* 0* 4* 2* 7 6 4* 7 8 7 6 5 3* 1* 0 3 2 4 7
K=25 *int=3 B=33 i=18589041) 0 3 2 1 3 5 4 3 2 0* 3 5 6 5 4 3 5 7 6 5 4 2* 1 0 2 4* 7 8 7 6 5 4 3 2 1 0 2 4 7
K=25 *int=1 B=35 i=18637564) 0 3 2 1 3 5 7 6 5 4 3 2 0* 3 5 4 3 5 7 6 5 7 8 7 6 5 4 3 2 1 0 3 5 4 3 2 3 5 7 6 5 4 7
K=25 *int=1 B=35 i=18667741) 0 3 2 1 3 7 6 5 4 3 2 0* 3 5 4 3 5 7 6 5 7 8 7 6 5 4 3 2 1 0 3 5 4 3 2 3 5 7 6 5 4 3 7
K=25 *int=5 B=31 i=18913297) 0 3 2 1 2* 5 4 3 5 7 6 5 4 2* 0* 5 7 8 7 6 5 4 2* 1 0 2 4* 7 6 5 4 3 2 4 7
K=25 *int=1 B=35 i=19172594) 0 3 2 4 5 4 3 2 1 0 2 4 6 7 6 5 4 3 2 1 0 2 4 6 5 4 3 2 4 6 7 8 6* 5 4 3 2 1 0 2 4 6 7
K=25 *int=0 B=36 i=19172618) 0 3 2 4 5 4 3 2 1 0 2 4 6 7 6 5 4 3 2 1 0 2 4 6 5 4 3 2 4 6 8 7 6 5 4 3 2 1 0 2 4 6 8 7 6
K=25 *int=0 B=36 i=19175389) 0 3 2 4 5 4 3 2 1 0 2 4 6 8 7 6 5 4 3 2 1 0 2 4 6 5 4 3 2 4 6 8 7 6 5 4 3 2 1 2 4 6 8 7 6
K=25 *int=0 B=36 i=19239661) 0 3 2 4 5 4 6 7 6 5 4 3 2 1 0 2 4 3 2 4 6 5 4 6 8 7 6 5 4 3 2 1 0 2 4 3 2 4 6 5 4 6 8 7 6
K=25 *int=0 B=36 i=19246433) 0 3 2 4 5 4 6 8 7 6 5 4 3 2 1 0 2 4 3 2 4 6 5 4 6 8 7 6 5 4 3 2 1 2 4 3 2 4 6 5 4 6 8 7 6
K=25 *int=1 B=35 i=19329267) 0 3 2 4 6 5 4 3 2 1 0 2 4 6 7 6 5 4 3 2 1 0 2 4 6 5 4 3 2 4 6 7 8 6* 5 4 3 2 1 0 4 6 7
K=25 *int=0 B=36 i=19329285) 0 3 2 4 6 5 4 3 2 1 0 2 4 6 7 6 5 4 3 2 1 0 2 4 6 5 4 3 2 4 6 8 7 6 5 4 3 2 1 0 4 6 8 7 6
K=25 *int=0 B=36 i=19332720) 0 3 2 4 6 5 4 3 2 1 0 2 4 6 8 7 6 5 4 3 2 1 0 2 4 6 5 4 3 2 4 6 8 7 6 5 4 3 2 1 4 6 8 7 6
K=25 *int=0 B=36 i=19371198) 0 3 2 4 6 5 4 6 7 6 5 4 3 2 1 0 2 4 3 2 4 6 5 4 6 8 7 6 5 4 3 2 1 0 2 4 3 4 6 5 4 6 8 7 6
K=25 *int=0 B=36 i=19375717) 0 3 2 4 6 5 4 6 8 7 6 5 4 3 2 1 0 2 4 3 2 4 6 5 4 6 8 7 6 5 4 3 2 1 2 4 3 4 6 5 4 6 8 7 6
K=25 *int=0 B=36 i=19397669) 0 3 2 4 6 7 6 5 4 3 2 1 0 2 4 6 8 7 6 5 4 3 2 1 0 2 4 6 5 4 3 2 4 6 8 7 6 5 4 3 4 6 8 7 6
K=25 *int=0 B=36 i=19421133) 0 3 2 4 6 8 7 6 5 4 3 2 1 0 2 4 6 8 7 6 5 4 3 2 1 2 4 6 5 4 3 2 4 6 8 7 6 5 4 3 4 6 8 7 6
K=25 *int=0 B=36 i=19434402) 0 3 2 4 7 6 5 4 3 2 1 0 2 4 6 8 7 6 5 4 3 2 1 0 2 4 6 5 4 3 2 4 6 8 7 6 5 4 3 2 4 6 8 7 6
K=25 *int=0 B=36 i=19466482) 0 3 2 4 8 7 6 5 4 3 2 1 0 2 4 6 8 7 6 5 4 3 2 1 2 4 6 5 4 3 2 4 6 8 7 6 5 4 3 2 4 6 8 7 6
K=25 *int=1 B=35 i=19574182) 0 3 2 5 4 7 5* 4 3 2 1 0 2 4 3 2 4 7 6 5 4 6 8 7 6 5 4 3 2 1 0 2 4 3 2 4 6 5 4 6 8 7 6
K=25 *int=2 B=34 i=19651312) 0 3 2 5 7 6 5 3* 2 1 0 2 5 4 3 2 4 7 6 5 4 6* 8 7 6 5 4 3 2 1 0 2 4 3 2 4 6 5 4 6 7
K=25 *int=8 B=28 i=19652419) 0 3 2 5 7 6 5 3* 2 1 0 2 5 3* 7 5* 7 8 6* 4* 2* 1 0 2 3* 2 5* 4 7
K=25 *int=9 B=27 i=19656617) 0 3 2 5 7 6 5 3* 1* 0 5 3* 7 5* 7 8 6* 4* 2* 1 0 2 3* 2 5* 4 7
K=25 *int=10 B=26 i=19658079) 0 3 2 5 7 6 5 3* 1* 5 3* 7 5* 7 8 6* 4* 2* 0* 2 3* 2 5* 4 7
K=25 *int=1 B=35 i=19677439) 0 3 2 5 3* 2 1 0 2 5 4 6 7 6 5 4 3 2 1 0 2 4 6 5 4 3 2 4 6 8 7 6 5 4 3 2 1 0 2 4 6 8 7
K=25 *int=1 B=35 i=19677543) 0 3 2 5 3* 2 1 0 2 5 4 6 8 7 6 5 4 3 2 1 0 2 4 6 5 4 3 2 4 6 8 7 6 5 4 3 2 1 2 4 6 8 7
K=25 *int=3 B=33 i=19678870) 0 3 2 5 3* 2 1 0 2 5 7 6 4* 3 2 1 0 2 4 3 5 7 6 5 4 2* 5 7 8 7 6 5 4 3 2 1 0 2 7
K=25 *int=4 B=32 i=19680913) 0 3 2 5 3* 2 1 0 2 7 5* 4 3 2 1 0 2 4 7 5* 4 3 2 4* 7 8 7 6 5 4 3 2 1 0 2 4 7
K=25 *int=5 B=31 i=19681980) 0 3 2 5 3* 2 1 0 2 7 5* 3* 2 1 0 2 7 5* 4 3 2 4* 7 8 7 6 5 4 3 2 1 0 2 4 7
K=25 *int=6 B=30 i=19702689) 0 3 2 5 3* 1* 0 7 5* 3* 2 1 0 2 7 5* 4 3 2 4* 7 8 7 6 5 4 3 2 1 0 2 4 7
K=25 *int=7 B=29 i=19703101) 0 3 2 5 3* 1* 0 7 5* 3* 1* 0 7 5* 4 3 2 4* 7 8 7 6 5 4 3 2 1 0 2 4 7
K=25 *int=7 B=29 i=19703152) 0 3 2 5 3* 1* 0 7 5* 3* 1* 0 7 5* 3* 2 5 4 7 8 7 6 5 4 3 2 1 0 2 4 7
K=25 *int=8 B=28 i=19703173) 0 3 2 5 3* 1* 0 7 5* 3* 1* 0 7 5* 3* 2 5 7 8 7 6 4* 3 2 1 0 2 4 7
K=25 *int=9 B=27 i=19703211) 0 3 2 5 3* 1* 0 7 5* 3* 1* 0 7 5* 3* 5 7 8 7 6 4* 2* 1 0 2 4 7
K=25 *int=10 B=26 i=19703627) 0 3 2 5 3* 1* 0 7 5* 3* 1* 7 5* 3* 5 7 8 7 6 4* 2* 0* 2 4 7
K=25 *int=10 B=26 i=19705176) 0 3 2 5 3* 1* 0 5* 3* 1* 7 5* 3* 5 7 8 7 6 4* 2* 0* 2 1 4 7
K=25 *int=7 B=29 i=19710385) 0 3 2 5 3* 1* 7 5* 3* 2 0* 2 7 5* 4 3 2 4* 7 8 7 6 5 4 3 2 1 0 2 4 7
K=25 *int=10 B=26 i=19846721) 0 3 2 3* 1* 6 5 3* 5* 7 8 6* 4* 2* 0* 2 1 3* 5* 4 3 2 1 3 7
K=25 *int=1 B=35 i=20100762) 0 3 4 3 2 1 3 5 7 6 5 4 3 2 0* 3 5 4 3 5 7 6 5 7 8 7 6 5 4 3 2 1 0 3 5 4 3 2 3 5 7 6 7
K=25 *int=10 B=26 i=20687632) 0 3 4 2* 1 6 4* 2* 0* 6* 4* 2* 6 4* 7 8 7 6 5 3* 1* 0 1 3 7
K=25 *int=10 B=26 i=20688959) 0 3 4 2* 1 7 6 4* 2* 0* 6* 4* 2* 6 4* 7 8 7 6 5 3* 1* 0 3 7
K=25 *int=7 B=29 i=20719268) 0 3 5 4 3 2 1 0 2 3 5 7 6 4* 2* 1 0 6* 4* 2* 8 6* 4* 3 2 1 0 2 4 6 7
K=25 *int=3 B=33 i=20749703) 0 3 5 4 3 2 1 0 3 2 5 7 6 5 3* 2 1 0 2 5 7 6 4* 3 2 4 7 8 7 5* 4 3 2 1 0 2 4 7 6
K=25 *int=3 B=33 i=20795369) 0 3 5 4 3 2 1 0 2* 5 6 5 4 3 5 7 6 5 4 2* 1 0 2 5 7 8 7 6 5 3* 2 1 0 2 5 4 7 6 7
K=25 *int=2 B=34 i=20802172) 0 3 5 4 3 2 1 0 2* 5 7 6 5 4 3 2 1 0 2 5 7 6 5 4 3 2 5 4 7 8 7 5* 4 3 2 1 0 2 4 7 6
K=25 *int=2 B=34 i=20802219) 0 3 5 4 3 2 1 0 2* 5 7 6 5 4 3 2 1 0 2 5 7 6 5 4 3 2 4* 7 8 7 6 5 4 3 2 1 0 2 4 7 6
K=25 *int=3 B=33 i=20802236) 0 3 5 4 3 2 1 0 2* 5 7 6 5 4 3 2 1 0 2 5 7 6 5 4 3 2 4* 7 8 6* 5 4 3 2 1 0 2 4 6
K=25 *int=3 B=33 i=20802387) 0 3 5 4 3 2 1 0 2* 5 7 6 5 4 3 2 1 0 2 5 7 6 4* 3 2 4 7 8 7 5* 4 3 2 1 0 2 4 7 6
K=25 *int=4 B=32 i=20804433) 0 3 5 4 3 2 1 0 2* 5 7 6 4* 3 2 1 0 2 4 6* 5 4 3 2 4 8 6* 5 4 3 2 1 0 2 4 6 7
K=25 *int=4 B=32 i=20804539) 0 3 5 4 3 2 1 0 2* 5 7 6 4* 3 2 1 0 2 7 6 4* 3 2 4 7 8 7 5* 4 3 2 1 0 2 4 7 6
K=25 *int=5 B=31 i=20804615) 0 3 5 4 3 2 1 0 2* 5 7 6 4* 3 2 1 0 2 6* 4* 3 2 4 8 7 5* 4 3 2 1 0 2 4 7 6
K=25 *int=5 B=31 i=20804630) 0 3 5 4 3 2 1 0 2* 5 7 6 4* 3 2 1 0 2 6* 4* 3 2 4 8 6* 5 4 3 2 1 0 2 4 6 7
K=25 *int=6 B=30 i=20804650) 0 3 5 4 3 2 1 0 2* 5 7 6 4* 3 2 1 0 2 6* 4* 3 2 8 6* 4* 3 2 1 0 2 4 6 7
K=25 *int=7 B=29 i=20804677) 0 3 5 4 3 2 1 0 2* 5 7 6 4* 3 2 1 0 2 6* 4* 3 8 6* 4* 2* 1 0 2 4 6 7
K=25 *int=7 B=29 i=20804807) 0 3 5 4 3 2 1 0 2* 5 7 6 4* 3 2 1 0 6* 4* 2* 8 6* 4* 3 2 1 0 2 4 6 7
K=25 *int=5 B=31 i=20807017) 0 3 5 4 3 2 1 0 2* 5 6* 4* 3 2 1 0 2 6 4* 3 2 4 7 8 7 5* 4 3 2 1 0 2 4 7 6
K=25 *int=1 B=35 i=20864092) 0 3 5 4 3 2 1 3 5 7 6 5 4 3 2 0* 3 5 4 3 5 7 6 5 7 8 7 6 5 4 3 2 1 0 3 5 4 3 2 5 7 6 7
K=25 *int=7 B=29 i=20955117) 0 3 5 4 3 2 5 7 6 5 3* 1* 0 7 8 7 5* 3* 1* 0 7 5* 3* 2 5 4 7 8 7 6 7
K=25 *int=8 B=28 i=21027378) 0 3 5 4 3 1* 0 3 5 7 6 4* 2* 1 0 6* 4* 2* 8 6* 4* 3 2 1 0 2 4 6 7
K=25 *int=10 B=26 i=21039795) 0 3 5 4 3 1* 3 5 6 4* 2* 0* 6* 4* 2* 8 6* 4* 3 1* 0 1 4 6 7
K=25 *int=9 B=27 i=21041075) 0 3 5 4 3 1* 3 5 7 6 4* 2* 0* 6* 4* 2* 8 6* 4* 3 2 1 0 2 4 6 7
K=25 *int=10 B=26 i=21041083) 0 3 5 4 3 1* 3 5 7 6 4* 2* 0* 6* 4* 2* 8 6* 4* 3 1* 0 4 6 7
K=25 *int=7 B=29 i=21086194) 0 3 5 4 7 5* 3* 2 1 0 2* 4* 6* 8 7 5* 3* 2 1 0 2 5 4 3 2 4 6 5 6 7 6
K=25 *int=4 B=32 i=21091850) 0 3 5 4 2* 1 0 2 5 7 6 5 3* 2 1 0 2 5 7 6 4* 3 2 4 7 8 7 5* 4 3 2 1 0 2 4 7 6
K=25 *int=1 B=35 i=21149471) 0 3 5 6 5 4 3 2 1 3 5 7 6 5 4 3 2 0* 3 5 4 3 5 7 6 5 7 8 7 6 5 4 3 2 1 0 3 5 4 5 7 6 7
K=25 *int=1 B=35 i=21221075) 0 3 5 6 4* 3 2 1 0 2 4 3 2 4 6 7 6 5 4 3 2 1 0 2 4 6 8 7 6 5 4 3 2 1 0 4 6 5 4 6 8 7 6
K=25 *int=1 B=35 i=21222065) 0 3 5 6 4* 3 2 1 0 2 4 3 2 4 6 8 7 6 5 4 3 2 1 0 2 4 6 8 7 6 5 4 3 2 1 4 6 5 4 6 8 7 6
K=25 *int=3 B=33 i=21250928) 0 3 5 7 6 5 4 3 2 1 0 2 3 5 4 2* 5 7 6 5 7 8 7 6 4* 3 2 1 0 2 4 3 2 4 6* 5 4 6 7
K=25 *int=7 B=29 i=21257477) 0 3 5 7 6 5 4 3 2 1 0 3 2 5 3* 7 5* 7 8 6* 4* 2* 1 0 2 3* 2 5* 4 7 6
K=25 *int=2 B=34 i=21263590) 0 3 5 7 6 5 4 3 2 1 0 2* 5 4 3 2 5 7 6 5 4 7 8 7 6 5 4 3 2 1 0 2 4 3 2 4 6* 5 4 6 7
K=25 *int=2 B=34 i=21263625) 0 3 5 7 6 5 4 3 2 1 0 2* 5 4 3 2 5 7 6 5 4 7 8 7 5* 4 3 2 1 0 2 4 3 2 4 7 6 5 4 6 7
K=25 *int=3 B=33 i=21263628) 0 3 5 7 6 5 4 3 2 1 0 2* 5 4 3 2 5 7 6 5 4 7 8 7 5* 4 3 2 1 0 2 4 3 2 4 7 5* 4 7
K=25 *int=3 B=33 i=21263684) 0 3 5 7 6 5 4 3 2 1 0 2* 5 4 3 2 5 7 6 5 7 8 7 6 4* 3 2 1 0 2 4 3 2 4 6* 5 4 6 7
K=25 *int=4 B=32 i=21264098) 0 3 5 7 6 5 4 3 2 1 0 2* 5 4 3 5 7 6 5 7 8 7 6 5 4 2* 1 0 2 5 3* 2 7 5* 4 7 6
K=25 *int=4 B=32 i=21264136) 0 3 5 7 6 5 4 3 2 1 0 2* 5 4 3 5 7 6 5 7 8 7 6 4* 2* 1 0 2 4 3 2 4 6* 5 4 6 7
K=25 *int=5 B=31 i=21264153) 0 3 5 7 6 5 4 3 2 1 0 2* 5 4 3 5 7 6 5 7 8 7 6 4* 2* 1 0 2 3* 2 7 5* 4 7 6
K=25 *int=5 B=31 i=21264159) 0 3 5 7 6 5 4 3 2 1 0 2* 5 4 3 5 7 6 5 7 8 7 6 4* 2* 1 0 2 3* 2 6* 5 4 6 7
K=25 *int=5 B=31 i=21264173) 0 3 5 7 6 5 4 3 2 1 0 2* 5 4 3 5 7 6 5 7 8 7 6 4* 2* 1 0 4 2* 4 6* 5 4 6 7
K=25 *int=6 B=30 i=21264219) 0 3 5 7 6 5 4 3 2 1 0 2* 5 4 3 5 7 6 5 7 8 6* 4* 2* 1 0 2 3* 2 5* 4 7 6
K=25 *int=7 B=29 i=21264485) 0 3 5 7 6 5 4 3 2 1 0 2* 5 4 3 5 6* 5 8 6* 4* 2* 1 0 2 3* 2 5* 4 7 6
K=25 *int=7 B=29 i=21264603) 0 3 5 7 6 5 4 3 2 1 0 2* 5 4 3 7 5* 7 8 6* 4* 2* 1 0 2 3* 2 5* 4 7 6
K=25 *int=3 B=33 i=21266846) 0 3 5 7 6 5 4 3 2 1 0 2* 5 7 6 4* 3 2 4 6* 8 7 6 5 4 3 2 1 0 2 4 3 4 6 5 4 6 7 6
K=25 *int=4 B=32 i=21285367) 0 3 5 7 6 5 4 3 1* 0 3 5 4 2* 5 7 6 5 7 8 7 6 4* 3 2 1 0 2 4 3 2 4 6* 5 4 6 7
K=25 *int=8 B=28 i=21289501) 0 3 5 7 6 5 4 2* 1 0 2 5 3* 7 5* 7 8 6* 4* 2* 1 0 2 3* 2 5* 4 7 6
K=25 *int=1 B=35 i=21293911) 0 3 5 7 6 4* 3 2 1 0 2 4 3 2 4 6 8 7 6 5 4 3 2 1 0 2 4 6 8 7 6 5 4 3 2 4 6 5 4 6 8 7 6
K=25 *int=9 B=27 i=21300812) 0 3 5 7 6 4* 2* 1 0 2 3* 7 5* 7 8 6* 4* 2* 1 0 2 3* 2 5* 4 7 6
K=25 *int=1 B=35 i=21324766) 0 3 5 8 7 6 4* 3 2 1 0 2 4 3 2 4 6 8 7 6 5 4 3 2 1 2 4 6 8 7 6 5 4 3 2 4 6 5 4 6 8 7 6
K=25 *int=10 B=26 i=21330728) 0 3 5 8 6* 4* 3 1* 0 3* 1* 5* 3* 7* 5* 4 2* 1 2 4 7 6 5 4 6
K=25 *int=10 B=26 i=21332890) 0 3 5 6* 4* 2* 1 0 2 3* 5* 7 8 6* 4* 2* 1 0 2 3* 2 5* 4 7 6
K=25 *int=1 B=35 i=21381801) 0 3 6 5 4 3 2 1 3 5 7 6 5 4 3 2 0* 3 5 4 3 5 7 6 5 7 8 7 6 5 4 3 2 1 0 3 5 4 3 5 7 6 7
K=25 *int=10 B=26 i=21468584) 0 3 6 5 8 6* 4* 3 1* 0 3* 1* 5* 3* 7* 5* 4 2* 1 4 7 6 5 4 6
K=25 *int=10 B=26 i=21473470) 0 3 6 5 6* 4* 2* 1 0 2 3* 5* 7 8 6* 4* 2* 1 0 2 3* 5* 4 7 6
K=25 *int=3 B=33 i=21599267) 0 3 1* 0 3 5 4 3 5 7 6 5 4 3 1* 0 3 2 5 4 7 8 7 5* 4 3 2 1 0 2 4 7 6 5 4 3 2 4 6
K=25 *int=3 B=33 i=21600329) 0 3 1* 0 3 5 4 2* 5 7 6 5 4 3 2 1 0 2 5 7 8 7 6 5 4 3 2 1 0 2 4* 7 6 5 4 3 2 4 7
K=25 *int=8 B=28 i=21654986) 0 3 1* 5 3* 5 7 6 4* 2* 0* 7 8 7 6 4* 2* 1 0 2 4 7 5* 4 3 2 4 7 6
K=25 *int=8 B=28 i=21654996) 0 3 1* 5 3* 5 7 6 4* 2* 0* 7 8 7 6 4* 2* 1 0 2 4 6* 5 4 3 2 4 6 7
K=25 *int=9 B=27 i=21655009) 0 3 1* 5 3* 5 7 6 4* 2* 0* 7 8 7 6 4* 2* 1 0 2 6* 4* 3 2 4 6 7
K=25 *int=10 B=26 i=21655028) 0 3 1* 5 3* 5 7 6 4* 2* 0* 7 8 7 6 4* 2* 1 0 6* 4* 2* 4 6 7
K=25 *int=9 B=27 i=21655048) 0 3 1* 5 3* 5 7 6 4* 2* 0* 7 8 6* 4* 2* 1 0 2 4 5* 4 3 2 4 7 6
K=25 *int=10 B=26 i=21655342) 0 3 1* 5 3* 5 8 6* 4* 2* 0* 8 6* 4* 2* 1 2 4 5* 4 3 2 4 7 6
K=25 *int=10 B=26 i=21655473) 0 3 1* 5 3* 5 6* 4* 2* 0* 8 6* 4* 2* 1 0 2 4 5* 4 3 2 4 7 6
K=25 *int=10 B=26 i=21665787) 0 3 1* 3* 5 7 6 4* 2* 0* 7 8 7 6 4* 2* 1 0 6* 4* 2* 4 3 6 7
K=25 *int=0 B=36 i=21690518) 0 4 3 2 1 0 2 4 3 2 4 5 4 6 7 6 5 4 3 2 1 0 2 4 3 2 4 6 5 4 6 8 7 6 5 4 3 2 1 0 2 4 3 2 6
K=25 *int=0 B=36 i=21692439) 0 4 3 2 1 0 2 4 3 2 4 5 4 6 8 7 6 5 4 3 2 1 0 2 4 3 2 4 6 5 4 6 8 7 6 5 4 3 2 1 2 4 3 2 6
K=25 *int=0 B=36 i=21703217) 0 4 3 2 1 0 2 4 3 2 4 6 5 4 6 7 6 5 4 3 2 1 0 2 4 3 2 4 6 5 4 6 8 7 6 5 4 3 2 1 0 2 4 3 6
K=25 *int=0 B=36 i=21704898) 0 4 3 2 1 0 2 4 3 2 4 6 5 4 6 8 7 6 5 4 3 2 1 0 2 4 3 2 4 6 5 4 6 8 7 6 5 4 3 2 1 2 4 3 6
K=25 *int=0 B=36 i=21725148) 0 4 3 2 1 0 2 4 5 4 3 2 1 0 2 4 6 5 4 3 2 4 6 7 6 5 4 3 2 1 0 2 4 6 8 7 6 5 4 3 2 1 0 2 6
K=25 *int=0 B=36 i=21725373) 0 4 3 2 1 0 2 4 5 4 3 2 1 0 2 4 6 5 4 3 2 4 6 8 7 6 5 4 3 2 1 0 2 4 6 8 7 6 5 4 3 2 1 2 6
K=25 *int=0 B=36 i=21746082) 0 4 3 2 1 0 2 4 5 4 3 2 4 6 7 6 5 4 3 2 1 0 2 4 6 8 7 6 5 4 3 2 1 0 2 4 6 5 4 3 2 6 8 7 6
K=25 *int=0 B=36 i=21748383) 0 4 3 2 1 0 2 4 5 4 3 2 4 6 8 7 6 5 4 3 2 1 0 2 4 6 8 7 6 5 4 3 2 1 2 4 6 5 4 3 2 6 8 7 6
K=25 *int=1 B=35 i=21749525) 0 4 3 2 1 0 2 4 5 4 3 2 4 7 6 5 4 3 2 1 0 2 4 6* 8 7 6 5 4 3 2 1 0 2 4 6 5 4 3 2 6 7 6
K=25 *int=0 B=36 i=21783424) 0 4 3 2 1 0 2 4 6 5 4 3 2 1 0 2 4 6 5 4 3 2 4 6 7 6 5 4 3 2 1 0 2 4 6 8 7 6 5 4 3 2 1 0 6
K=25 *int=1 B=35 i=21783471) 0 4 3 2 1 0 2 4 6 5 4 3 2 1 0 2 4 6 5 4 3 2 4 6 7 6 5 4 3 2 4 6 8 7 6 5 4 3 1* 0 1 3 6
K=25 *int=0 B=36 i=21783676) 0 4 3 2 1 0 2 4 6 5 4 3 2 1 0 2 4 6 5 4 3 2 4 6 8 7 6 5 4 3 2 1 0 2 4 6 8 7 6 5 4 3 2 1 6
K=25 *int=0 B=36 i=21795603) 0 4 3 2 1 0 2 4 6 5 4 3 2 4 6 7 6 5 4 3 2 1 0 2 4 6 8 7 6 5 4 3 2 1 0 2 4 6 5 4 3 6 8 7 6
K=25 *int=0 B=36 i=21798078) 0 4 3 2 1 0 2 4 6 5 4 3 2 4 6 8 7 6 5 4 3 2 1 0 2 4 6 8 7 6 5 4 3 2 1 2 4 6 5 4 3 6 8 7 6
K=25 *int=0 B=36 i=21812037) 0 4 3 2 1 0 2 4 6 7 6 5 4 3 2 1 0 2 4 6 5 4 3 2 4 6 8 7 6 5 4 3 2 1 0 2 4 6 8 7 6 5 4 3 6
K=25 *int=0 B=36 i=21818784) 0 4 3 2 1 0 2 4 6 8 7 6 5 4 3 2 1 0 2 4 6 5 4 3 2 4 6 8 7 6 5 4 3 2 1 2 4 6 8 7 6 5 4 3 6
K=25 *int=0 B=36 i=21820704) 0 4 3 2 1 0 2 4 7 6 5 4 3 2 1 0 2 4 6 5 4 3 2 4 6 8 7 6 5 4 3 2 1 0 2 4 6 8 7 6 5 4 3 2 6
K=25 *int=0 B=36 i=21831173) 0 4 3 2 1 0 2 4 8 7 6 5 4 3 2 1 0 2 4 6 5 4 3 2 4 6 8 7 6 5 4 3 2 1 2 4 6 8 7 6 5 4 3 2 6
K=25 *int=1 B=35 i=22032301) 0 4 3 2 1 3 5 7 6 5 4 3 2 0* 3 5 4 3 5 7 6 5 7 8 7 6 5 4 3 2 1 0 3 5 4 3 2 3 5 7 6 5 7
K=25 *int=1 B=35 i=22152502) 0 4 3 2 4 5 4 3 2 1 0 2 4 6 7 6 5 4 3 2 1 0 2 4 6 5 4 3 2 4 6 7 8 6* 5 4 3 2 1 0 2 6 7
K=25 *int=0 B=36 i=22152519) 0 4 3 2 4 5 4 3 2 1 0 2 4 6 7 6 5 4 3 2 1 0 2 4 6 5 4 3 2 4 6 8 7 6 5 4 3 2 1 0 2 6 8 7 6
K=25 *int=0 B=36 i=22154420) 0 4 3 2 4 5 4 3 2 1 0 2 4 6 8 7 6 5 4 3 2 1 0 2 4 6 5 4 3 2 4 6 8 7 6 5 4 3 2 1 2 6 8 7 6
K=25 *int=0 B=36 i=22180831) 0 4 3 2 4 5 4 6 7 6 5 4 3 2 1 0 2 4 3 2 4 6 5 4 6 8 7 6 5 4 3 2 1 0 2 4 3 2 4 6 5 6 8 7 6
K=25 *int=0 B=36 i=22187646) 0 4 3 2 4 5 4 6 8 7 6 5 4 3 2 1 0 2 4 3 2 4 6 5 4 6 8 7 6 5 4 3 2 1 2 4 3 2 4 6 5 6 8 7 6
K=25 *int=1 B=35 i=22213521) 0 4 3 2 4 6 5 4 3 2 1 0 2 4 6 7 6 5 4 3 2 1 0 2 4 6 5 4 3 2 4 6 7 8 6* 5 4 3 2 1 0 6 7
K=25 *int=0 B=36 i=22213536) 0 4 3 2 4 6 5 4 3 2 1 0 2 4 6 7 6 5 4 3 2 1 0 2 4 6 5 4 3 2 4 6 8 7 6 5 4 3 2 1 0 6 8 7 6
K=25 *int=0 B=36 i=22215807) 0 4 3 2 4 6 5 4 3 2 1 0 2 4 6 8 7 6 5 4 3 2 1 0 2 4 6 5 4 3 2 4 6 8 7 6 5 4 3 2 1 6 8 7 6
K=25 *int=0 B=36 i=22231298) 0 4 3 2 4 6 5 4 6 7 6 5 4 3 2 1 0 2 4 3 2 4 6 5 4 6 8 7 6 5 4 3 2 1 0 2 4 3 4 6 5 6 8 7 6
K=25 *int=1 B=35 i=22235890) 0 4 3 2 4 6 5 4 6 8 7 6 5 4 3 2 1 0 2 4 3 2 1 4 6 5 4 6 8 7 6 5 4 2* 1 4 3 6 5 6 8 7 6
K=25 *int=0 B=36 i=22236038) 0 4 3 2 4 6 5 4 6 8 7 6 5 4 3 2 1 0 2 4 3 2 4 6 5 4 6 8 7 6 5 4 3 2 1 2 4 3 4 6 5 6 8 7 6
K=25 *int=0 B=36 i=22245672) 0 4 3 2 4 6 7 6 5 4 3 2 1 0 2 4 6 8 7 6 5 4 3 2 1 0 2 4 6 5 4 3 2 4 6 8 7 6 5 4 3 6 8 7 6
K=25 *int=0 B=36 i=22254875) 0 4 3 2 4 6 8 7 6 5 4 3 2 1 0 2 4 6 8 7 6 5 4 3 2 1 2 4 6 5 4 3 2 4 6 8 7 6 5 4 3 6 8 7 6
K=25 *int=0 B=36 i=22259208) 0 4 3 2 4 7 6 5 4 3 2 1 0 2 4 6 8 7 6 5 4 3 2 1 0 2 4 6 5 4 3 2 4 6 8 7 6 5 4 3 2 6 8 7 6
K=25 *int=0 B=36 i=22271652) 0 4 3 2 4 8 7 6 5 4 3 2 1 0 2 4 6 8 7 6 5 4 3 2 1 2 4 6 5 4 3 2 4 6 8 7 6 5 4 3 2 6 8 7 6
K=25 *int=0 B=36 i=22702060) 0 4 5 4 3 2 1 0 2 4 3 2 4 6 5 4 6 7 6 5 4 3 2 1 0 2 4 3 2 4 6 5 4 6 8 7 6 5 4 3 2 1 0 2 6
K=25 *int=0 B=36 i=22703362) 0 4 5 4 3 2 1 0 2 4 3 2 4 6 5 4 6 8 7 6 5 4 3 2 1 0 2 4 3 2 4 6 5 4 6 8 7 6 5 4 3 2 1 2 6
K=25 *int=7 B=29 i=22720753) 0 4 5 4 3 2 1 0 2 4 3 7 6 4* 2* 1 0 6* 4* 2* 8 6* 4* 3 2 1 0 2 6 5 7
K=25 *int=0 B=36 i=22725564) 0 4 5 4 3 2 1 0 2 4 6 5 4 3 2 4 6 7 6 5 4 3 2 1 0 2 4 6 8 7 6 5 4 3 2 1 0 2 4 6 5 6 8 7 6
K=25 *int=0 B=36 i=22726376) 0 4 5 4 3 2 1 0 2 4 6 5 4 3 2 4 6 8 7 6 5 4 3 2 1 0 2 4 6 8 7 6 5 4 3 2 1 2 4 6 5 6 8 7 6
K=25 *int=0 B=36 i=22733838) 0 4 5 4 3 2 1 0 2 4 6 7 6 5 4 3 2 1 0 2 4 6 5 4 3 2 4 6 8 7 6 5 4 3 2 1 0 2 4 6 8 7 6 5 6
K=25 *int=0 B=36 i=22738636) 0 4 5 4 3 2 1 0 2 4 6 8 7 6 5 4 3 2 1 0 2 4 6 5 4 3 2 4 6 8 7 6 5 4 3 2 1 2 4 6 8 7 6 5 6
K=25 *int=0 B=36 i=22821508) 0 4 5 4 3 2 4 6 7 6 5 4 3 2 1 0 2 4 6 8 7 6 5 4 3 2 1 0 2 4 6 5 4 3 2 4 6 8 7 6 5 6 8 7 6
K=25 *int=0 B=36 i=22830603) 0 4 5 4 3 2 4 6 8 7 6 5 4 3 2 1 0 2 4 6 8 7 6 5 4 3 2 1 2 4 6 5 4 3 2 4 6 8 7 6 5 6 8 7 6
K=25 *int=0 B=36 i=22896210) 0 4 5 4 6 7 6 5 4 3 2 1 0 2 4 3 2 4 6 5 4 6 8 7 6 5 4 3 2 1 0 2 4 3 2 4 6 5 4 6 8 7 6 5 6
K=25 *int=0 B=36 i=22906774) 0 4 5 4 6 8 7 6 5 4 3 2 1 0 2 4 3 2 4 6 5 4 6 8 7 6 5 4 3 2 1 2 4 3 2 4 6 5 4 6 8 7 6 5 6
K=25 *int=0 B=36 i=22994379) 0 4 6 5 4 3 2 1 0 2 4 3 2 4 6 5 4 6 7 6 5 4 3 2 1 0 2 4 3 2 4 6 5 4 6 8 7 6 5 4 3 2 1 0 6
K=25 *int=0 B=36 i=22995989) 0 4 6 5 4 3 2 1 0 2 4 3 2 4 6 5 4 6 8 7 6 5 4 3 2 1 0 2 4 3 2 4 6 5 4 6 8 7 6 5 4 3 2 1 6
K=25 *int=3 B=33 i=22999692) 0 4 6 5 4 3 2 1 0 2 4 3 2 4 6 7 5* 4 3 2 1 0 2 4* 7 8 7 6 5 3* 2 1 0 3 5 7 6 5 7
K=25 *int=0 B=36 i=23009930) 0 4 6 5 4 3 2 1 0 2 4 6 5 4 3 2 4 6 7 6 5 4 3 2 1 0 2 4 6 8 7 6 5 4 3 2 1 0 4 6 5 6 8 7 6
K=25 *int=0 B=36 i=23010600) 0 4 6 5 4 3 2 1 0 2 4 6 5 4 3 2 4 6 8 7 6 5 4 3 2 1 0 2 4 6 8 7 6 5 4 3 2 1 4 6 5 6 8 7 6
K=25 *int=0 B=36 i=23014868) 0 4 6 5 4 3 2 1 0 2 4 6 7 6 5 4 3 2 1 0 2 4 6 5 4 3 2 4 6 8 7 6 5 4 3 2 1 0 4 6 8 7 6 5 6
K=25 *int=0 B=36 i=23020488) 0 4 6 5 4 3 2 1 0 2 4 6 8 7 6 5 4 3 2 1 0 2 4 6 5 4 3 2 4 6 8 7 6 5 4 3 2 1 4 6 8 7 6 5 6
K=25 *int=0 B=36 i=23066810) 0 4 6 5 4 3 2 4 6 7 6 5 4 3 2 1 0 2 4 6 8 7 6 5 4 3 2 1 0 2 4 6 5 4 3 4 6 8 7 6 5 6 8 7 6
K=25 *int=0 B=36 i=23074331) 0 4 6 5 4 3 2 4 6 8 7 6 5 4 3 2 1 0 2 4 6 8 7 6 5 4 3 2 1 2 4 6 5 4 3 4 6 8 7 6 5 6 8 7 6
K=25 *int=10 B=26 i=23103130) 0 4 6 5 4 3 1* 3* 6 5 8 6* 4* 2* 0* 8 6* 4* 2* 1 4 3 5* 7 6
K=25 *int=10 B=26 i=23103297) 0 4 6 5 4 3 1* 3* 6 5 6* 4* 2* 0* 8 6* 4* 2* 1 0 4 3 5* 7 6
K=25 *int=0 B=36 i=23104734) 0 4 6 5 4 6 7 6 5 4 3 2 1 0 2 4 3 2 4 6 5 4 6 8 7 6 5 4 3 2 1 0 2 4 3 4 6 5 4 6 8 7 6 5 6
K=25 *int=0 B=36 i=23111089) 0 4 6 5 4 6 8 7 6 5 4 3 2 1 0 2 4 3 2 4 6 5 4 6 8 7 6 5 4 3 2 1 2 4 3 4 6 5 4 6 8 7 6 5 6
K=25 *int=5 B=31 i=23116161) 0 4 6 5 4 2* 1 0 2 3* 6 7 5* 4 2* 5 7 8 7 6 5 4 3 1* 0 1 3 5 4 3 5 7 6 5 7
K=25 *int=3 B=33 i=23135558) 0 4 6 7 6 5 4 3 2 1 0 2 4 3 2 4 6 5 4 3 6 7 8 6* 4* 2* 1 0 2 3 6 5 4 3 5 7 6 5 7
K=25 *int=0 B=36 i=23136072) 0 4 6 7 6 5 4 3 2 1 0 2 4 3 2 4 6 5 4 6 8 7 6 5 4 3 2 1 0 2 4 3 2 4 6 5 4 6 8 7 6 5 4 3 6
K=25 *int=0 B=36 i=23139373) 0 4 6 7 6 5 4 3 2 1 0 2 4 6 5 4 3 2 4 6 8 7 6 5 4 3 2 1 0 2 4 6 8 7 6 5 4 3 4 6 5 6 8 7 6
K=25 *int=0 B=36 i=23141352) 0 4 6 7 6 5 4 3 2 1 0 2 4 6 8 7 6 5 4 3 2 1 0 2 4 6 5 4 3 2 4 6 8 7 6 5 4 3 4 6 8 7 6 5 6
K=25 *int=10 B=26 i=23169116) 0 4 6 7 5* 3* 2 1 0 2* 4* 6* 8 7 5* 3* 2 1 0 2* 4* 3 6* 5 6
K=25 *int=0 B=36 i=23174256) 0 4 6 8 7 6 5 4 3 2 1 0 2 4 3 2 4 6 5 4 6 8 7 6 5 4 3 2 1 2 4 3 2 4 6 5 4 6 8 7 6 5 4 3 6
K=25 *int=7 B=29 i=23176174) 0 4 6 8 7 6 5 4 3 2 1 0 2 4 3 6 4* 2* 1 8 6* 4* 2* 1 8 6* 4* 3 6 5 7
K=25 *int=0 B=36 i=23177036) 0 4 6 8 7 6 5 4 3 2 1 0 2 4 6 5 4 3 2 4 6 8 7 6 5 4 3 2 1 2 4 6 8 7 6 5 4 3 4 6 5 6 8 7 6
K=25 *int=0 B=36 i=23178334) 0 4 6 8 7 6 5 4 3 2 1 0 2 4 6 8 7 6 5 4 3 2 1 2 4 6 5 4 3 2 4 6 8 7 6 5 4 3 4 6 8 7 6 5 6
K=25 *int=0 B=36 i=23191720) 0 4 7 6 5 4 3 2 1 0 2 4 3 2 4 6 5 4 6 8 7 6 5 4 3 2 1 0 2 4 3 2 4 6 5 4 6 8 7 6 5 4 3 2 6
K=25 *int=0 B=36 i=23196583) 0 4 7 6 5 4 3 2 1 0 2 4 6 5 4 3 2 4 6 8 7 6 5 4 3 2 1 0 2 4 6 8 7 6 5 4 3 2 4 6 5 6 8 7 6
K=25 *int=0 B=36 i=23198128) 0 4 7 6 5 4 3 2 1 0 2 4 6 8 7 6 5 4 3 2 1 0 2 4 6 5 4 3 2 4 6 8 7 6 5 4 3 2 4 6 8 7 6 5 6
K=25 *int=5 B=31 i=23221102) 0 4 7 6 5 4 2* 1 0 4 2* 6* 4* 3 6 5 7 8 7 6 5 4 2* 1 0 2 3 5 4 3 5 7 6 5 7
K=25 *int=10 B=26 i=23239627) 0 4 7 5* 3* 2 1 0 2* 4* 6* 8 7 5* 3* 2 1 0 2* 4* 3 2 6* 5 6
K=25 *int=0 B=36 i=23244798) 0 4 8 7 6 5 4 3 2 1 0 2 4 3 2 4 6 5 4 6 8 7 6 5 4 3 2 1 2 4 3 2 4 6 5 4 6 8 7 6 5 4 3 2 6
K=25 *int=0 B=36 i=23247411) 0 4 8 7 6 5 4 3 2 1 0 2 4 6 5 4 3 2 4 6 8 7 6 5 4 3 2 1 2 4 6 8 7 6 5 4 3 2 4 6 5 6 8 7 6
K=25 *int=0 B=36 i=23248253) 0 4 8 7 6 5 4 3 2 1 0 2 4 6 8 7 6 5 4 3 2 1 2 4 6 5 4 3 2 4 6 8 7 6 5 4 3 2 4 6 8 7 6 5 6
K=25 *int=10 B=26 i=23254442) 0 4 2* 1 6 4* 2* 0* 6* 4* 2* 6 4* 7 8 7 6 5 3* 1* 0 1 3 5 7
K=25 *int=10 B=26 i=23254619) 0 4 2* 1 7 6 4* 2* 0* 6* 4* 2* 6 4* 7 8 7 6 5 3* 1* 0 3 5 7
K=25 *int=0 B=36 i=23268594) 0 5 4 3 2 1 0 2 4 3 2 4 6 5 4 6 7 6 5 4 3 2 1 0 2 4 3 2 4 6 5 4 6 8 7 6 5 4 3 2 1 0 2 4 6
K=25 *int=0 B=36 i=23269411) 0 5 4 3 2 1 0 2 4 3 2 4 6 5 4 6 8 7 6 5 4 3 2 1 0 2 4 3 2 4 6 5 4 6 8 7 6 5 4 3 2 1 2 4 6
K=25 *int=0 B=36 i=23283613) 0 5 4 3 2 1 0 2 4 6 5 4 3 2 4 6 7 6 5 4 3 2 1 0 2 4 6 8 7 6 5 4 3 2 1 0 2 4 6 5 4 6 8 7 6
K=25 *int=0 B=36 i=23284633) 0 5 4 3 2 1 0 2 4 6 5 4 3 2 4 6 8 7 6 5 4 3 2 1 0 2 4 6 8 7 6 5 4 3 2 1 2 4 6 5 4 6 8 7 6
K=25 *int=0 B=36 i=23291051) 0 5 4 3 2 1 0 2 4 6 7 6 5 4 3 2 1 0 2 4 6 5 4 3 2 4 6 8 7 6 5 4 3 2 1 0 2 4 6 8 7 6 5 4 6
K=25 *int=0 B=36 i=23295008) 0 5 4 3 2 1 0 2 4 6 8 7 6 5 4 3 2 1 0 2 4 6 5 4 3 2 4 6 8 7 6 5 4 3 2 1 2 4 6 8 7 6 5 4 6
K=25 *int=8 B=28 i=23319770) 0 5 4 3 2 1 0 2 4* 3 7 6 4* 2* 1 0 6* 4* 2* 8 6* 4* 3 2 1 0 2 6 7
K=25 *int=1 B=35 i=23390207) 0 5 4 3 2 1 3 5 7 6 5 4 3 2 0* 3 5 4 3 5 7 6 5 7 8 7 6 5 4 3 2 1 0 3 5 4 3 2 5 7 6 5 7
K=25 *int=0 B=36 i=23440026) 0 5 4 3 2 4 6 7 6 5 4 3 2 1 0 2 4 6 8 7 6 5 4 3 2 1 0 2 4 6 5 4 3 2 4 6 8 7 6 5 4 6 8 7 6
K=25 *int=0 B=36 i=23445239) 0 5 4 3 2 4 6 8 7 6 5 4 3 2 1 0 2 4 6 8 7 6 5 4 3 2 1 2 4 6 5 4 3 2 4 6 8 7 6 5 4 6 8 7 6
K=25 *int=0 B=36 i=23605667) 0 5 4 6 7 6 5 4 3 2 1 0 2 4 3 2 4 6 5 4 6 8 7 6 5 4 3 2 1 0 2 4 3 2 4 6 5 4 6 8 7 6 5 4 6
K=25 *int=0 B=36 i=23621811) 0 5 4 6 8 7 6 5 4 3 2 1 0 2 4 3 2 4 6 5 4 6 8 7 6 5 4 3 2 1 2 4 3 2 4 6 5 4 6 8 7 6 5 4 6
K=25 *int=1 B=35 i=23641305) 0 5 4 7 5* 4 3 2 1 0 2 4 3 2 4 7 6 5 4 6 8 7 6 5 4 3 2 1 0 2 4 3 2 4 6 5 4 6 8 7 6 5 6
K=25 *int=8 B=28 i=23645908) 0 5 4 7 5* 3* 2 1 0 2* 4* 6* 8 7 5* 3* 2 1 0 2 5 4 3 2 4 6* 5 6 7
K=25 *int=1 B=35 i=23688884) 0 5 6 5 4 3 2 1 3 5 7 6 5 4 3 2 0* 3 5 4 3 5 7 6 5 7 8 7 6 5 4 3 2 1 0 3 5 4 5 7 6 5 7
K=25 *int=3 B=33 i=23756556) 0 5 7 6 5 4 3 2 1 0 2 4* 3 2 4 5 7 6 5 7 8 7 6 5 4 3 2 1 0 2 4* 3 2 4 7 5* 4 7 6
K=25 *int=3 B=33 i=23761628) 0 5 7 6 5 4 3 2 1 0 2* 5 4 3 2 5 7 6 5 4 7 8 7 5* 4 3 2 1 0 2 4 3 2 4 7 5* 4 5 7
K=25 *int=1 B=35 i=23794881) 0 5 7 8 6* 5 4 3 2 1 0 2 4 6 5 4 3 2 1 2 4 6 5 4 3 2 4 6 8 7 6 5 4 3 2 4 6 8 7 6 5 4 6
K=25 *int=0 B=36 i=23816059) 0 6 5 4 3 2 1 0 2 4 3 2 4 6 5 4 6 7 6 5 4 3 2 1 0 2 4 3 2 4 6 5 4 6 8 7 6 5 4 3 2 1 0 4 6
K=25 *int=0 B=36 i=23817066) 0 6 5 4 3 2 1 0 2 4 3 2 4 6 5 4 6 8 7 6 5 4 3 2 1 0 2 4 3 2 4 6 5 4 6 8 7 6 5 4 3 2 1 4 6
K=25 *int=0 B=36 i=23823750) 0 6 5 4 3 2 1 0 2 4 6 5 4 3 2 4 6 7 6 5 4 3 2 1 0 2 4 6 8 7 6 5 4 3 2 1 0 4 6 5 4 6 8 7 6
K=25 *int=0 B=36 i=23823828) 0 6 5 4 3 2 1 0 2 4 6 5 4 3 2 4 6 8 7 6 5 4 3 2 1 0 2 4 6 8 7 6 5 4 3 2 1 4 6 5 4 6 8 7 6
K=25 *int=0 B=36 i=23824042) 0 6 5 4 3 2 1 0 2 4 6 7 6 5 4 3 2 1 0 2 4 6 5 4 3 2 4 6 8 7 6 5 4 3 2 1 0 4 6 8 7 6 5 4 6
K=25 *int=0 B=36 i=23827996) 0 6 5 4 3 2 1 0 2 4 6 8 7 6 5 4 3 2 1 0 2 4 6 5 4 3 2 4 6 8 7 6 5 4 3 2 1 4 6 8 7 6 5 4 6
K=25 *int=1 B=35 i=23857085) 0 6 5 4 3 2 1 3 5 7 6 5 4 3 2 0* 3 5 4 3 5 7 6 5 7 8 7 6 5 4 3 2 1 0 3 5 4 3 5 7 6 5 7
K=25 *int=0 B=36 i=23870187) 0 6 5 4 3 2 4 6 7 6 5 4 3 2 1 0 2 4 6 8 7 6 5 4 3 2 1 0 2 4 6 5 4 3 4 6 8 7 6 5 4 6 8 7 6
K=25 *int=0 B=36 i=23873424) 0 6 5 4 3 2 4 6 8 7 6 5 4 3 2 1 0 2 4 6 8 7 6 5 4 3 2 1 2 4 6 5 4 3 4 6 8 7 6 5 4 6 8 7 6
K=25 *int=0 B=36 i=23907264) 0 6 5 4 6 7 6 5 4 3 2 1 0 2 4 3 2 4 6 5 4 6 8 7 6 5 4 3 2 1 0 2 4 3 4 6 5 4 6 8 7 6 5 4 6
K=25 *int=0 B=36 i=23912726) 0 6 5 4 6 8 7 6 5 4 3 2 1 0 2 4 3 2 4 6 5 4 6 8 7 6 5 4 3 2 1 2 4 3 4 6 5 4 6 8 7 6 5 4 6
K=25 *int=0 B=36 i=23946303) 0 6 7 6 5 4 3 2 1 0 2 4 3 2 4 6 5 4 6 8 7 6 5 4 3 2 1 0 2 4 3 2 4 6 5 4 6 8 7 6 5 4 3 4 6
K=25 *int=0 B=36 i=23948681) 0 6 7 6 5 4 3 2 1 0 2 4 6 5 4 3 2 4 6 8 7 6 5 4 3 2 1 0 2 4 6 8 7 6 5 4 3 4 6 5 4 6 8 7 6
K=25 *int=0 B=36 i=23950384) 0 6 7 6 5 4 3 2 1 0 2 4 6 8 7 6 5 4 3 2 1 0 2 4 6 5 4 3 2 4 6 8 7 6 5 4 3 4 6 8 7 6 5 4 6
K=25 *int=0 B=36 i=23973099) 0 6 8 7 6 5 4 3 2 1 0 2 4 3 2 4 6 5 4 6 8 7 6 5 4 3 2 1 2 4 3 2 4 6 5 4 6 8 7 6 5 4 3 4 6
K=25 *int=0 B=36 i=23975168) 0 6 8 7 6 5 4 3 2 1 0 2 4 6 5 4 3 2 4 6 8 7 6 5 4 3 2 1 2 4 6 8 7 6 5 4 3 4 6 5 4 6 8 7 6
K=25 *int=0 B=36 i=23976187) 0 6 8 7 6 5 4 3 2 1 0 2 4 6 8 7 6 5 4 3 2 1 2 4 6 5 4 3 2 4 6 8 7 6 5 4 3 4 6 8 7 6 5 4 6
K=25 *int=0 B=36 i=23985884) 0 7 6 5 4 3 2 1 0 2 4 3 2 4 6 5 4 6 8 7 6 5 4 3 2 1 0 2 4 3 2 4 6 5 4 6 8 7 6 5 4 3 2 4 6
K=25 *int=0 B=36 i=23987829) 0 7 6 5 4 3 2 1 0 2 4 6 5 4 3 2 4 6 8 7 6 5 4 3 2 1 0 2 4 6 8 7 6 5 4 3 2 4 6 5 4 6 8 7 6
K=25 *int=0 B=36 i=23987966) 0 7 6 5 4 3 2 1 0 2 4 6 8 7 6 5 4 3 2 1 0 2 4 6 5 4 3 2 4 6 8 7 6 5 4 3 2 4 6 8 7 6 5 4 6
K=25 *int=0 B=36 i=24021244) 0 8 7 6 5 4 3 2 1 0 2 4 3 2 4 6 5 4 6 8 7 6 5 4 3 2 1 2 4 3 2 4 6 5 4 6 8 7 6 5 4 3 2 4 6
K=25 *int=0 B=36 i=24022386) 0 8 7 6 5 4 3 2 1 0 2 4 6 5 4 3 2 4 6 8 7 6 5 4 3 2 1 2 4 6 8 7 6 5 4 3 2 4 6 5 4 6 8 7 6
K=25 *int=0 B=36 i=24022493) 0 8 7 6 5 4 3 2 1 0 2 4 6 8 7 6 5 4 3 2 1 2 4 6 5 4 3 2 4 6 8 7 6 5 4 3 2 4 6 8 7 6 5 4 6
K=25 *int=10 B=26 i=24027235) 0 1* 4 3 6 4* 2* 0* 6* 4* 2* 8 6* 4* 3 1* 0 1 3 6 5 4 3 5 7
K=25 *int=10 B=26 i=24027359) 0 1* 4 3 7 6 4* 2* 0* 6* 4* 2* 8 6* 4* 3 1* 0 3 6 5 4 3 5 7
K=25 *int=0 B=36 i=24072103) 1 0 1 2 1 3 4 3 2 1 3 5 6 5 4 3 5 7 8 7 6 5 4 3 2 1 0 1 3 2 1 3 5 4 3 5 7 6 5 4 3 2 1 3 5
K=25 *int=0 B=36 i=24075725) 1 0 1 2 1 3 4 3 2 1 3 5 7 6 5 4 3 5 7 8 7 6 5 4 3 2 1 0 1 3 2 1 3 5 4 3 5 7 6 5 4 3 2 3 5
K=25 *int=0 B=36 i=24092657) 1 0 1 2 1 3 4 3 5 6 5 4 3 2 1 3 5 7 8 7 6 5 4 3 2 1 0 1 3 5 7 6 5 4 3 2 1 3 5 4 3 5 7 6 5
K=25 *int=0 B=36 i=24095314) 1 0 1 2 1 3 4 3 5 6 5 7 8 7 6 5 4 3 2 1 0 1 3 5 4 3 2 1 3 5 7 6 5 4 3 2 1 3 5 7 6 5 4 3 5
K=25 *int=0 B=36 i=24100973) 1 0 1 2 1 3 4 3 5 7 6 5 4 3 2 1 3 5 7 8 7 6 5 4 3 2 1 0 1 3 5 7 6 5 4 3 2 3 5 4 3 5 7 6 5
K=25 *int=0 B=36 i=24103188) 1 0 1 2 1 3 4 3 5 7 6 5 7 8 7 6 5 4 3 2 1 0 1 3 5 4 3 2 1 3 5 7 6 5 4 3 2 3 5 7 6 5 4 3 5
K=25 *int=1 B=35 i=24109644) 1 0 1 2 1 3 4 3 6 5 8 6* 5 4 3 2 1 0 1 3 5 4 3 2 1 3 5 8 7 6 5 4 3 2 1 3 5 7 6 5 4 3 5
K=25 *int=0 B=36 i=24167397) 1 0 1 2 1 3 5 4 3 2 1 3 5 6 5 4 3 5 7 8 7 6 5 4 3 2 1 0 1 3 2 1 3 5 4 3 5 7 6 5 4 3 2 1 5
K=25 *int=0 B=36 i=24172010) 1 0 1 2 1 3 5 4 3 2 1 3 5 7 6 5 4 3 5 7 8 7 6 5 4 3 2 1 0 1 3 2 1 3 5 4 3 5 7 6 5 4 3 2 5
K=25 *int=7 B=29 i=24182886) 1 0 1 2 1 3 5 4 3 2 5 7 6 5 3* 1* 0 7 8 7 5* 3* 1* 0 7 5* 3* 2 5 4 6
K=25 *int=0 B=36 i=24185328) 1 0 1 2 1 3 5 4 3 5 6 5 4 3 2 1 3 5 7 8 7 6 5 4 3 2 1 0 1 3 5 7 6 5 4 3 2 1 3 5 4 5 7 6 5
K=25 *int=0 B=36 i=24188021) 1 0 1 2 1 3 5 4 3 5 6 5 7 8 7 6 5 4 3 2 1 0 1 3 5 4 3 2 1 3 5 7 6 5 4 3 2 1 3 5 7 6 5 4 5
K=25 *int=0 B=36 i=24192924) 1 0 1 2 1 3 5 4 3 5 7 6 5 4 3 2 1 3 5 7 8 7 6 5 4 3 2 1 0 1 3 5 7 6 5 4 3 2 3 5 4 5 7 6 5
K=25 *int=0 B=36 i=24194564) 1 0 1 2 1 3 5 4 3 5 7 6 5 7 8 7 6 5 4 3 2 1 0 1 3 5 4 3 2 1 3 5 7 6 5 4 3 2 3 5 7 6 5 4 5
K=25 *int=0 B=36 i=24210140) 1 0 1 2 1 3 5 6 5 4 3 2 1 3 5 7 6 5 4 3 5 7 8 7 6 5 4 3 2 1 0 1 3 2 1 3 5 4 3 5 7 6 5 4 5
K=25 *int=0 B=36 i=24226430) 1 0 1 2 1 3 5 7 6 5 4 3 2 1 3 5 7 6 5 4 3 5 7 8 7 6 5 4 3 2 1 0 1 3 2 3 5 4 3 5 7 6 5 4 5
K=25 *int=0 B=36 i=24239961) 1 0 1 2 1 3 6 5 4 3 2 1 3 5 7 6 5 4 3 5 7 8 7 6 5 4 3 2 1 0 1 3 2 1 3 5 4 3 5 7 6 5 4 3 5
K=25 *int=0 B=36 i=24264696) 1 0 1 2 1 3 7 6 5 4 3 2 1 3 5 7 6 5 4 3 5 7 8 7 6 5 4 3 2 1 0 1 3 2 3 5 4 3 5 7 6 5 4 3 5
K=25 *int=1 B=35 i=24317742) 1 0 1 2 1 4 3 6 4* 3 2 1 3 6 5 7 8 7 6 5 4 3 2 1 0 1 3 5 7 6 5 4 3 2 1 3 5 4 3 5 7 6 5
K=25 *int=0 B=36 i=24548261) 1 0 1 3 2 1 3 4 3 2 1 3 5 6 5 4 3 5 7 8 7 6 5 4 3 2 1 0 1 3 2 1 3 5 4 3 5 7 6 5 4 3 2 1 3
K=25 *int=0 B=36 i=24549796) 1 0 1 3 2 1 3 4 3 2 1 3 5 7 6 5 4 3 5 7 8 7 6 5 4 3 2 1 0 1 3 2 1 3 5 4 3 5 7 6 5 4 3 2 3
K=25 *int=0 B=36 i=24572288) 1 0 1 3 2 1 3 4 3 5 6 5 4 3 2 1 3 5 7 8 7 6 5 4 3 2 1 0 1 3 5 7 6 5 4 3 2 1 3 5 4 3 5 7 6
K=25 *int=0 B=36 i=24575879) 1 0 1 3 2 1 3 4 3 5 6 5 7 8 7 6 5 4 3 2 1 0 1 3 5 4 3 2 1 3 5 7 6 5 4 3 2 1 3 5 7 6 5 4 3
K=25 *int=3 B=33 i=24581777) 1 0 1 3 2 1 3 4 3 5 7 6 5 4 3 2 1 0 3 5 4 7 8 7 5* 3* 1* 0 3 2 4 7 6 5 4 3 2 4 6
K=25 *int=0 B=36 i=24582859) 1 0 1 3 2 1 3 4 3 5 7 6 5 4 3 2 1 3 5 7 8 7 6 5 4 3 2 1 0 1 3 5 7 6 5 4 3 2 3 5 4 3 5 7 6
K=25 *int=0 B=36 i=24585388) 1 0 1 3 2 1 3 4 3 5 7 6 5 7 8 7 6 5 4 3 2 1 0 1 3 5 4 3 2 1 3 5 7 6 5 4 3 2 3 5 7 6 5 4 3
K=25 *int=1 B=35 i=24593191) 1 0 1 3 2 1 3 4 3 6 5 8 6* 5 4 3 2 1 0 1 3 5 4 3 2 1 3 5 8 7 6 5 4 3 2 1 3 5 7 6 5 4 3
K=25 *int=0 B=36 i=24636036) 1 0 1 3 2 1 3 5 4 3 2 1 3 5 6 5 4 3 5 7 8 7 6 5 4 3 2 1 0 1 3 2 1 3 5 4 3 5 7 6 5 4 3 2 1
K=25 *int=1 B=35 i=24636061) 1 0 1 3 2 1 3 5 4 3 2 1 3 5 6 5 4 3 5 7 8 7 6 5 4 3 2 1 0 1 3 2 1 3 5 7 6 4* 3 2 1 4 6
K=25 *int=0 B=36 i=24637867) 1 0 1 3 2 1 3 5 4 3 2 1 3 5 7 6 5 4 3 5 7 8 7 6 5 4 3 2 1 0 1 3 2 1 3 5 4 3 5 7 6 5 4 3 2
K=25 *int=1 B=35 i=24637891) 1 0 1 3 2 1 3 5 4 3 2 1 3 5 7 6 5 4 3 5 7 8 7 6 5 4 3 2 1 0 1 3 2 1 3 5 7 6 4* 3 2 4 6
K=25 *int=0 B=36 i=24649538) 1 0 1 3 2 1 3 5 4 3 5 6 5 4 3 2 1 3 5 7 8 7 6 5 4 3 2 1 0 1 3 5 7 6 5 4 3 2 1 3 5 4 5 7 6
K=25 *int=0 B=36 i=24652893) 1 0 1 3 2 1 3 5 4 3 5 6 5 7 8 7 6 5 4 3 2 1 0 1 3 5 4 3 2 1 3 5 7 6 5 4 3 2 1 3 5 7 6 5 4
K=25 *int=1 B=35 i=24658350) 1 0 1 3 2 1 3 5 4 3 5 7 6 5 4 3 2 1 3 5 7 8 7 6 5 4 3 2 1 0 1 3 2 5 7 6 5 3* 2 5 4 7 6
K=25 *int=0 B=36 i=24658375) 1 0 1 3 2 1 3 5 4 3 5 7 6 5 4 3 2 1 3 5 7 8 7 6 5 4 3 2 1 0 1 3 5 7 6 5 4 3 2 3 5 4 5 7 6
K=25 *int=0 B=36 i=24660206) 1 0 1 3 2 1 3 5 4 3 5 7 6 5 7 8 7 6 5 4 3 2 1 0 1 3 5 4 3 2 1 3 5 7 6 5 4 3 2 3 5 7 6 5 4
K=25 *int=0 B=36 i=24675042) 1 0 1 3 2 1 3 5 6 5 4 3 2 1 3 5 7 6 5 4 3 5 7 8 7 6 5 4 3 2 1 0 1 3 2 1 3 5 4 3 5 7 6 5 4
K=25 *int=0 B=36 i=24689404) 1 0 1 3 2 1 3 5 7 6 5 4 3 2 1 3 5 7 6 5 4 3 5 7 8 7 6 5 4 3 2 1 0 1 3 2 3 5 4 3 5 7 6 5 4
K=25 *int=0 B=36 i=24700367) 1 0 1 3 2 1 3 6 5 4 3 2 1 3 5 7 6 5 4 3 5 7 8 7 6 5 4 3 2 1 0 1 3 2 1 3 5 4 3 5 7 6 5 4 3
K=25 *int=1 B=35 i=24700380) 1 0 1 3 2 1 3 6 5 4 3 2 1 3 5 7 6 5 4 3 5 7 8 7 6 5 4 3 2 1 0 1 3 2 1 3 5 7 6 4* 3 4 6
K=25 *int=0 B=36 i=24722174) 1 0 1 3 2 1 3 7 6 5 4 3 2 1 3 5 7 6 5 4 3 5 7 8 7 6 5 4 3 2 1 0 1 3 2 3 5 4 3 5 7 6 5 4 3
K=25 *int=1 B=35 i=24722184) 1 0 1 3 2 1 3 7 6 5 4 3 2 1 3 5 7 6 5 4 3 5 7 8 7 6 5 4 3 2 1 0 1 3 2 3 5 7 6 4* 3 4 6
K=25 *int=0 B=36 i=24852297) 1 0 1 3 4 3 2 1 3 5 4 3 5 6 5 7 8 7 6 5 4 3 2 1 0 1 3 5 4 3 2 1 3 5 7 6 5 4 3 2 1 3 5 7 6
K=25 *int=0 B=36 i=24854069) 1 0 1 3 4 3 2 1 3 5 4 3 5 7 6 5 7 8 7 6 5 4 3 2 1 0 1 3 5 4 3 2 1 3 5 7 6 5 4 3 2 3 5 7 6
K=25 *int=0 B=36 i=24862711) 1 0 1 3 4 3 2 1 3 5 6 5 4 3 2 1 3 5 7 6 5 4 3 5 7 8 7 6 5 4 3 2 1 0 1 3 2 1 3 5 4 3 5 7 6
K=25 *int=0 B=36 i=24872080) 1 0 1 3 4 3 2 1 3 5 7 6 5 4 3 2 1 3 5 7 6 5 4 3 5 7 8 7 6 5 4 3 2 1 0 1 3 2 3 5 4 3 5 7 6
K=25 *int=0 B=36 i=24973780) 1 0 1 3 5 4 3 2 1 3 5 4 3 5 6 5 7 8 7 6 5 4 3 2 1 0 1 3 5 4 3 2 1 3 5 7 6 5 4 3 2 1 5 7 6
K=25 *int=0 B=36 i=24975033) 1 0 1 3 5 4 3 2 1 3 5 4 3 5 7 6 5 7 8 7 6 5 4 3 2 1 0 1 3 5 4 3 2 1 3 5 7 6 5 4 3 2 5 7 6
K=25 *int=0 B=36 i=24982188) 1 0 1 3 5 4 3 2 1 3 5 6 5 4 3 2 1 3 5 7 6 5 4 3 5 7 8 7 6 5 4 3 2 1 0 1 3 2 1 3 5 4 5 7 6
K=25 *int=1 B=35 i=24992983) 1 0 1 3 5 4 3 2 1 3 5 7 6 5 4 3 2 1 0 3 5 7 6 5 4 3 5 7 8 7 6 5 4 3 1* 0 3 2 5 4 5 7 6
K=25 *int=0 B=36 i=24993625) 1 0 1 3 5 4 3 2 1 3 5 7 6 5 4 3 2 1 3 5 7 6 5 4 3 5 7 8 7 6 5 4 3 2 1 0 1 3 2 3 5 4 5 7 6
K=25 *int=0 B=36 i=25040781) 1 0 1 3 5 6 5 4 3 2 1 3 5 4 3 5 7 6 5 7 8 7 6 5 4 3 2 1 0 1 3 5 4 3 2 1 3 5 7 6 5 4 5 7 6
K=25 *int=0 B=36 i=25060560) 1 0 1 3 5 7 6 5 4 3 2 1 3 5 4 3 5 7 6 5 7 8 7 6 5 4 3 2 1 0 1 3 5 4 3 2 3 5 7 6 5 4 5 7 6
K=25 *int=0 B=36 i=25070277) 1 0 1 3 6 5 4 3 2 1 3 5 4 3 5 7 6 5 7 8 7 6 5 4 3 2 1 0 1 3 5 4 3 2 1 3 5 7 6 5 4 3 5 7 6
K=25 *int=0 B=36 i=25103726) 1 0 1 3 7 6 5 4 3 2 1 3 5 4 3 5 7 6 5 7 8 7 6 5 4 3 2 1 0 1 3 5 4 3 2 3 5 7 6 5 4 3 5 7 6
K=25 *int=0 B=36 i=25121964) 1 0 1 4 3 2 1 3 5 4 3 5 6 5 7 8 7 6 5 4 3 2 1 0 1 3 5 4 3 2 1 3 5 7 6 5 4 3 2 1 3 5 7 6 5
K=25 *int=0 B=36 i=25124979) 1 0 1 4 3 2 1 3 5 4 3 5 7 6 5 7 8 7 6 5 4 3 2 1 0 1 3 5 4 3 2 1 3 5 7 6 5 4 3 2 3 5 7 6 5
K=25 *int=0 B=36 i=25132391) 1 0 1 4 3 2 1 3 5 6 5 4 3 2 1 3 5 7 6 5 4 3 5 7 8 7 6 5 4 3 2 1 0 1 3 2 1 3 5 4 3 5 7 6 5
K=25 *int=0 B=36 i=25140492) 1 0 1 4 3 2 1 3 5 7 6 5 4 3 2 1 3 5 7 6 5 4 3 5 7 8 7 6 5 4 3 2 1 0 1 3 2 3 5 4 3 5 7 6 5
K=25 *int=0 B=36 i=25359108) 1 0 1 5 4 3 2 1 3 5 4 3 5 6 5 7 8 7 6 5 4 3 2 1 0 1 3 5 4 3 2 1 3 5 7 6 5 4 3 2 1 5 7 6 5
K=25 *int=0 B=36 i=25361586) 1 0 1 5 4 3 2 1 3 5 4 3 5 7 6 5 7 8 7 6 5 4 3 2 1 0 1 3 5 4 3 2 1 3 5 7 6 5 4 3 2 5 7 6 5
K=25 *int=0 B=36 i=25364786) 1 0 1 5 4 3 2 1 3 5 6 5 4 3 2 1 3 5 7 6 5 4 3 5 7 8 7 6 5 4 3 2 1 0 1 3 2 1 3 5 4 5 7 6 5
K=25 *int=1 B=35 i=25372417) 1 0 1 5 4 3 2 1 3 5 7 6 5 4 3 2 1 0 3 5 7 6 5 4 3 5 7 8 7 6 5 4 3 1* 0 3 2 5 4 5 7 6 5
K=25 *int=0 B=36 i=25372844) 1 0 1 5 4 3 2 1 3 5 7 6 5 4 3 2 1 3 5 7 6 5 4 3 5 7 8 7 6 5 4 3 2 1 0 1 3 2 3 5 4 5 7 6 5
K=25 *int=0 B=36 i=25433020) 1 0 1 5 6 5 4 3 2 1 3 5 4 3 5 7 6 5 7 8 7 6 5 4 3 2 1 0 1 3 5 4 3 2 1 3 5 7 6 5 4 5 7 6 5
K=25 *int=0 B=36 i=25448701) 1 0 1 5 7 6 5 4 3 2 1 3 5 4 3 5 7 6 5 7 8 7 6 5 4 3 2 1 0 1 3 5 4 3 2 3 5 7 6 5 4 5 7 6 5
K=25 *int=0 B=36 i=25457594) 1 0 1 6 5 4 3 2 1 3 5 4 3 5 7 6 5 7 8 7 6 5 4 3 2 1 0 1 3 5 4 3 2 1 3 5 7 6 5 4 3 5 7 6 5
K=25 *int=0 B=36 i=25486951) 1 0 1 7 6 5 4 3 2 1 3 5 4 3 5 7 6 5 7 8 7 6 5 4 3 2 1 0 1 3 5 4 3 2 3 5 7 6 5 4 3 5 7 6 5
K=25 *int=0 B=36 i=26326392) 1 0 2 3 2 1 0 2 4 5 4 3 2 4 6 7 6 5 4 3 2 1 0 2 4 6 8 7 6 5 4 3 2 1 0 2 4 6 5 4 3 2 4 6 8
K=25 *int=0 B=36 i=26327409) 1 0 2 3 2 1 0 2 4 5 4 3 2 4 6 8 7 6 5 4 3 2 1 0 2 4 6 8 7 6 5 4 3 2 1 2 4 6 5 4 3 2 4 6 8
K=25 *int=1 B=35 i=26327894) 1 0 2 3 2 1 0 2 4 5 4 3 2 4 7 6 5 4 3 2 1 0 2 4 6* 8 7 6 5 4 3 2 1 0 2 4 6 5 4 3 2 4 6
K=25 *int=0 B=36 i=26352855) 1 0 2 3 2 1 0 2 4 6 5 4 3 2 4 6 7 6 5 4 3 2 1 0 2 4 6 8 7 6 5 4 3 2 1 0 2 4 6 5 4 3 4 6 8
K=25 *int=0 B=36 i=26354127) 1 0 2 3 2 1 0 2 4 6 5 4 3 2 4 6 8 7 6 5 4 3 2 1 0 2 4 6 8 7 6 5 4 3 2 1 2 4 6 5 4 3 4 6 8
K=25 *int=0 B=36 i=26623968) 1 0 2 3 2 4 5 4 3 2 1 0 2 4 6 7 6 5 4 3 2 1 0 2 4 6 5 4 3 2 4 6 8 7 6 5 4 3 2 1 0 2 4 6 8
K=25 *int=0 B=36 i=26624785) 1 0 2 3 2 4 5 4 3 2 1 0 2 4 6 8 7 6 5 4 3 2 1 0 2 4 6 5 4 3 2 4 6 8 7 6 5 4 3 2 1 2 4 6 8
K=25 *int=0 B=36 i=26644748) 1 0 2 3 2 4 5 4 6 7 6 5 4 3 2 1 0 2 4 3 2 4 6 5 4 6 8 7 6 5 4 3 2 1 0 2 4 3 2 4 6 5 4 6 8
K=25 *int=0 B=36 i=26648012) 1 0 2 3 2 4 5 4 6 8 7 6 5 4 3 2 1 0 2 4 3 2 4 6 5 4 6 8 7 6 5 4 3 2 1 2 4 3 2 4 6 5 4 6 8
K=25 *int=0 B=36 i=26677739) 1 0 2 3 2 4 6 5 4 3 2 1 0 2 4 6 7 6 5 4 3 2 1 0 2 4 6 5 4 3 2 4 6 8 7 6 5 4 3 2 1 0 4 6 8
K=25 *int=0 B=36 i=26678704) 1 0 2 3 2 4 6 5 4 3 2 1 0 2 4 6 8 7 6 5 4 3 2 1 0 2 4 6 5 4 3 2 4 6 8 7 6 5 4 3 2 1 4 6 8
K=25 *int=0 B=36 i=26692020) 1 0 2 3 2 4 6 5 4 6 7 6 5 4 3 2 1 0 2 4 3 2 4 6 5 4 6 8 7 6 5 4 3 2 1 0 2 4 3 4 6 5 4 6 8
K=25 *int=0 B=36 i=26694768) 1 0 2 3 2 4 6 5 4 6 8 7 6 5 4 3 2 1 0 2 4 3 2 4 6 5 4 6 8 7 6 5 4 3 2 1 2 4 3 4 6 5 4 6 8
K=25 *int=0 B=36 i=26703375) 1 0 2 3 2 4 6 7 6 5 4 3 2 1 0 2 4 6 8 7 6 5 4 3 2 1 0 2 4 6 5 4 3 2 4 6 8 7 6 5 4 3 4 6 8
K=25 *int=0 B=36 i=26712564) 1 0 2 3 2 4 6 8 7 6 5 4 3 2 1 0 2 4 6 8 7 6 5 4 3 2 1 2 4 6 5 4 3 2 4 6 8 7 6 5 4 3 4 6 8
K=25 *int=0 B=36 i=26717680) 1 0 2 3 2 4 7 6 5 4 3 2 1 0 2 4 6 8 7 6 5 4 3 2 1 0 2 4 6 5 4 3 2 4 6 8 7 6 5 4 3 2 4 6 8
K=25 *int=0 B=36 i=26730074) 1 0 2 3 2 4 8 7 6 5 4 3 2 1 0 2 4 6 8 7 6 5 4 3 2 1 2 4 6 5 4 3 2 4 6 8 7 6 5 4 3 2 4 6 8
K=25 *int=1 B=35 i=26766654) 1 0 2 3 2 5 4 7 5* 4 3 2 1 0 2 4 3 2 4 7 6 5 4 6 8 7 6 5 4 3 2 1 0 2 4 3 2 4 6 5 4 6 8
K=25 *int=0 B=36 i=27286607) 1 0 2 4 3 2 1 0 2 4 5 4 3 2 4 6 7 6 5 4 3 2 1 0 2 4 6 8 7 6 5 4 3 2 1 0 2 4 6 5 4 3 2 6 8
K=25 *int=0 B=36 i=27287995) 1 0 2 4 3 2 1 0 2 4 5 4 3 2 4 6 8 7 6 5 4 3 2 1 0 2 4 6 8 7 6 5 4 3 2 1 2 4 6 5 4 3 2 6 8
K=25 *int=1 B=35 i=27288604) 1 0 2 4 3 2 1 0 2 4 5 4 3 2 4 7 6 5 4 3 2 1 0 2 4 6* 8 7 6 5 4 3 2 1 0 2 4 6 5 4 3 2 6
K=25 *int=0 B=36 i=27319844) 1 0 2 4 3 2 1 0 2 4 6 5 4 3 2 4 6 7 6 5 4 3 2 1 0 2 4 6 8 7 6 5 4 3 2 1 0 2 4 6 5 4 3 6 8
K=25 *int=0 B=36 i=27321443) 1 0 2 4 3 2 1 0 2 4 6 5 4 3 2 4 6 8 7 6 5 4 3 2 1 0 2 4 6 8 7 6 5 4 3 2 1 2 4 6 5 4 3 6 8
K=25 *int=0 B=36 i=27465978) 1 0 2 4 3 2 4 5 4 3 2 1 0 2 4 6 7 6 5 4 3 2 1 0 2 4 6 5 4 3 2 4 6 8 7 6 5 4 3 2 1 0 2 6 8
K=25 *int=0 B=36 i=27466710) 1 0 2 4 3 2 4 5 4 3 2 1 0 2 4 6 8 7 6 5 4 3 2 1 0 2 4 6 5 4 3 2 4 6 8 7 6 5 4 3 2 1 2 6 8
K=25 *int=0 B=36 i=27482615) 1 0 2 4 3 2 4 5 4 6 7 6 5 4 3 2 1 0 2 4 3 2 4 6 5 4 6 8 7 6 5 4 3 2 1 0 2 4 3 2 4 6 5 6 8
K=25 *int=0 B=36 i=27486700) 1 0 2 4 3 2 4 5 4 6 8 7 6 5 4 3 2 1 0 2 4 3 2 4 6 5 4 6 8 7 6 5 4 3 2 1 2 4 3 2 4 6 5 6 8
K=25 *int=0 B=36 i=27511210) 1 0 2 4 3 2 4 6 5 4 3 2 1 0 2 4 6 7 6 5 4 3 2 1 0 2 4 6 5 4 3 2 4 6 8 7 6 5 4 3 2 1 0 6 8
K=25 *int=0 B=36 i=27512127) 1 0 2 4 3 2 4 6 5 4 3 2 1 0 2 4 6 8 7 6 5 4 3 2 1 0 2 4 6 5 4 3 2 4 6 8 7 6 5 4 3 2 1 6 8
K=25 *int=0 B=36 i=27521073) 1 0 2 4 3 2 4 6 5 4 6 7 6 5 4 3 2 1 0 2 4 3 2 4 6 5 4 6 8 7 6 5 4 3 2 1 0 2 4 3 4 6 5 6 8
K=25 *int=1 B=35 i=27524268) 1 0 2 4 3 2 4 6 5 4 6 8 7 6 5 4 3 2 1 0 2 4 3 2 1 4 6 5 4 6 8 7 6 5 4 2* 1 4 3 6 5 6 8
K=25 *int=0 B=36 i=27524392) 1 0 2 4 3 2 4 6 5 4 6 8 7 6 5 4 3 2 1 0 2 4 3 2 4 6 5 4 6 8 7 6 5 4 3 2 1 2 4 3 4 6 5 6 8
K=25 *int=0 B=36 i=27532388) 1 0 2 4 3 2 4 6 7 6 5 4 3 2 1 0 2 4 6 8 7 6 5 4 3 2 1 0 2 4 6 5 4 3 2 4 6 8 7 6 5 4 3 6 8
K=25 *int=0 B=36 i=27539128) 1 0 2 4 3 2 4 6 8 7 6 5 4 3 2 1 0 2 4 6 8 7 6 5 4 3 2 1 2 4 6 5 4 3 2 4 6 8 7 6 5 4 3 6 8
K=25 *int=0 B=36 i=27542159) 1 0 2 4 3 2 4 7 6 5 4 3 2 1 0 2 4 6 8 7 6 5 4 3 2 1 0 2 4 6 5 4 3 2 4 6 8 7 6 5 4 3 2 6 8
K=25 *int=0 B=36 i=27550745) 1 0 2 4 3 2 4 8 7 6 5 4 3 2 1 0 2 4 6 8 7 6 5 4 3 2 1 2 4 6 5 4 3 2 4 6 8 7 6 5 4 3 2 6 8
K=25 *int=0 B=36 i=27691682) 1 0 2 4 5 4 3 2 1 0 2 4 6 5 4 3 2 4 6 7 6 5 4 3 2 1 0 2 4 6 8 7 6 5 4 3 2 1 0 2 4 6 5 6 8
K=25 *int=0 B=36 i=27692203) 1 0 2 4 5 4 3 2 1 0 2 4 6 5 4 3 2 4 6 8 7 6 5 4 3 2 1 0 2 4 6 8 7 6 5 4 3 2 1 2 4 6 5 6 8
K=25 *int=0 B=36 i=27739730) 1 0 2 4 5 4 3 2 4 6 7 6 5 4 3 2 1 0 2 4 6 8 7 6 5 4 3 2 1 0 2 4 6 5 4 3 2 4 6 8 7 6 5 6 8
K=25 *int=0 B=36 i=27743553) 1 0 2 4 5 4 3 2 4 6 8 7 6 5 4 3 2 1 0 2 4 6 8 7 6 5 4 3 2 1 2 4 6 5 4 3 2 4 6 8 7 6 5 6 8
K=25 *int=0 B=36 i=27868104) 1 0 2 4 6 5 4 3 2 1 0 2 4 6 5 4 3 2 4 6 7 6 5 4 3 2 1 0 2 4 6 8 7 6 5 4 3 2 1 0 4 6 5 6 8
K=25 *int=0 B=36 i=27868649) 1 0 2 4 6 5 4 3 2 1 0 2 4 6 5 4 3 2 4 6 8 7 6 5 4 3 2 1 0 2 4 6 8 7 6 5 4 3 2 1 4 6 5 6 8
K=25 *int=0 B=36 i=27898839) 1 0 2 4 6 5 4 3 2 4 6 7 6 5 4 3 2 1 0 2 4 6 8 7 6 5 4 3 2 1 0 2 4 6 5 4 3 4 6 8 7 6 5 6 8
K=25 *int=0 B=36 i=27902853) 1 0 2 4 6 5 4 3 2 4 6 8 7 6 5 4 3 2 1 0 2 4 6 8 7 6 5 4 3 2 1 2 4 6 5 4 3 4 6 8 7 6 5 6 8
K=25 *int=1 B=35 i=27944780) 1 0 2 4 6 7 6 5 4 3 2 1 0 2 4 6 5 4 3 2 4 6 8 7 6 5 4 3 2 1 0 2 4 3 6 8 7 6 4* 3 6 5 8
K=25 *int=0 B=36 i=27944802) 1 0 2 4 6 7 6 5 4 3 2 1 0 2 4 6 5 4 3 2 4 6 8 7 6 5 4 3 2 1 0 2 4 6 8 7 6 5 4 3 4 6 5 6 8
K=25 *int=1 B=35 i=27966931) 1 0 2 4 6 8 7 6 5 4 3 2 1 0 2 4 6 5 4 3 2 4 6 8 7 6 5 4 3 2 1 2 4 3 6 8 7 6 4* 3 6 5 8
K=25 *int=0 B=36 i=27966951) 1 0 2 4 6 8 7 6 5 4 3 2 1 0 2 4 6 5 4 3 2 4 6 8 7 6 5 4 3 2 1 2 4 6 8 7 6 5 4 3 4 6 5 6 8
K=25 *int=0 B=36 i=27978421) 1 0 2 4 7 6 5 4 3 2 1 0 2 4 6 5 4 3 2 4 6 8 7 6 5 4 3 2 1 0 2 4 6 8 7 6 5 4 3 2 4 6 5 6 8
K=25 *int=0 B=36 i=28013044) 1 0 2 4 8 7 6 5 4 3 2 1 0 2 4 6 5 4 3 2 4 6 8 7 6 5 4 3 2 1 2 4 6 8 7 6 5 4 3 2 4 6 5 6 8
K=25 *int=0 B=36 i=28033020) 1 0 2 5 4 3 2 1 0 2 4 6 5 4 3 2 4 6 7 6 5 4 3 2 1 0 2 4 6 8 7 6 5 4 3 2 1 0 2 4 6 5 4 6 8
K=25 *int=0 B=36 i=28033731) 1 0 2 5 4 3 2 1 0 2 4 6 5 4 3 2 4 6 8 7 6 5 4 3 2 1 0 2 4 6 8 7 6 5 4 3 2 1 2 4 6 5 4 6 8
K=25 *int=0 B=36 i=28100910) 1 0 2 5 4 3 2 4 6 7 6 5 4 3 2 1 0 2 4 6 8 7 6 5 4 3 2 1 0 2 4 6 5 4 3 2 4 6 8 7 6 5 4 6 8
K=25 *int=0 B=36 i=28104076) 1 0 2 5 4 3 2 4 6 8 7 6 5 4 3 2 1 0 2 4 6 8 7 6 5 4 3 2 1 2 4 6 5 4 3 2 4 6 8 7 6 5 4 6 8
K=25 *int=0 B=36 i=28311204) 1 0 2 6 5 4 3 2 1 0 2 4 6 5 4 3 2 4 6 7 6 5 4 3 2 1 0 2 4 6 8 7 6 5 4 3 2 1 0 4 6 5 4 6 8
K=25 *int=0 B=36 i=28311886) 1 0 2 6 5 4 3 2 1 0 2 4 6 5 4 3 2 4 6 8 7 6 5 4 3 2 1 0 2 4 6 8 7 6 5 4 3 2 1 4 6 5 4 6 8
K=25 *int=0 B=36 i=28342431) 1 0 2 6 5 4 3 2 4 6 7 6 5 4 3 2 1 0 2 4 6 8 7 6 5 4 3 2 1 0 2 4 6 5 4 3 4 6 8 7 6 5 4 6 8
K=25 *int=0 B=36 i=28345071) 1 0 2 6 5 4 3 2 4 6 8 7 6 5 4 3 2 1 0 2 4 6 8 7 6 5 4 3 2 1 2 4 6 5 4 3 4 6 8 7 6 5 4 6 8
K=25 *int=0 B=36 i=28389257) 1 0 2 6 7 6 5 4 3 2 1 0 2 4 6 5 4 3 2 4 6 8 7 6 5 4 3 2 1 0 2 4 6 8 7 6 5 4 3 4 6 5 4 6 8
K=25 *int=0 B=36 i=28406985) 1 0 2 6 8 7 6 5 4 3 2 1 0 2 4 6 5 4 3 2 4 6 8 7 6 5 4 3 2 1 2 4 6 8 7 6 5 4 3 4 6 5 4 6 8
K=25 *int=0 B=36 i=28416476) 1 0 2 7 6 5 4 3 2 1 0 2 4 6 5 4 3 2 4 6 8 7 6 5 4 3 2 1 0 2 4 6 8 7 6 5 4 3 2 4 6 5 4 6 8
K=25 *int=0 B=36 i=28443601) 1 0 2 8 7 6 5 4 3 2 1 0 2 4 6 5 4 3 2 4 6 8 7 6 5 4 3 2 1 2 4 6 8 7 6 5 4 3 2 4 6 5 4 6 8
K=25 *int=2 B=34 i=29052383) 1 0 3 2 5 7 6 5 3* 2 1 0 2 5 4 3 2 4 7 6 5 4 6* 8 7 6 5 4 3 2 1 0 2 4 3 2 4 6 5 4 6
K=25 *int=1 B=35 i=29065328) 1 0 3 2 5 3* 2 1 0 2 5 4 6 7 6 5 4 3 2 1 0 2 4 6 5 4 3 2 4 6 8 7 6 5 4 3 2 1 0 2 4 6 8
K=25 *int=1 B=35 i=29065441) 1 0 3 2 5 3* 2 1 0 2 5 4 6 8 7 6 5 4 3 2 1 0 2 4 6 5 4 3 2 4 6 8 7 6 5 4 3 2 1 2 4 6 8
K=25 *int=2 B=34 i=29599266) 1 0 3 5 4 3 1* 0 3 2 5 4 7 5* 4 3 2 1 0 2 4 7 6 5 4 3 2 4 6 8 7 6 5 4 3 2 1 0 2 4 6
K=25 *int=8 B=28 i=29605454) 1 0 3 5 4 3 1* 0 3 5 7 6 4* 2* 1 0 6* 4* 2* 8 6* 4* 3 2 1 0 2 4 6
K=25 *int=10 B=26 i=29617067) 1 0 3 5 4 3 1* 3 5 6 4* 2* 0* 6* 4* 2* 8 6* 4* 3 1* 0 1 4 6
K=25 *int=9 B=27 i=29618517) 1 0 3 5 4 3 1* 3 5 7 6 4* 2* 0* 6* 4* 2* 8 6* 4* 3 2 1 0 2 4 6
K=25 *int=10 B=26 i=29618524) 1 0 3 5 4 3 1* 3 5 7 6 4* 2* 0* 6* 4* 2* 8 6* 4* 3 1* 0 4 6
K=25 *int=2 B=34 i=29719404) 1 0 3 5 7 6 5 4 3 2 1 0 2* 5 4 3 2 5 7 6 5 4 7 8 7 5* 4 3 2 1 0 2 4 3 2 4 7 6 5 4 6
K=25 *int=2 B=34 i=29728636) 1 0 3 5 7 6 5 4 3 1* 0 3 2 5 4 3 2 5 7 6 5 4 7 8 7 5* 4 3 2 1 0 2 4 3 2 4 7 6 5 4 6
K=25 *int=3 B=33 i=29729807) 1 0 3 5 7 6 5 4 3 1* 0 3 5 4 2* 5 7 6 5 4 7 8 7 5* 4 3 2 1 0 2 4 3 2 4 7 6 5 4 6
K=25 *int=4 B=32 i=29729827) 1 0 3 5 7 6 5 4 3 1* 0 3 5 4 2* 5 7 6 5 4 7 8 7 5* 3* 2 1 0 2 3 2 4 7 6 5 4 6
K=25 *int=5 B=31 i=29729843) 1 0 3 5 7 6 5 4 3 1* 0 3 5 4 2* 5 7 6 5 4 7 8 7 5* 3* 2 1 0 2* 4 7 6 5 4 6
K=25 *int=5 B=31 i=29729855) 1 0 3 5 7 6 5 4 3 1* 0 3 5 4 2* 5 7 6 5 4 7 8 7 5* 3* 1* 0 3 2 4 7 6 5 4 6
K=25 *int=3 B=33 i=29729911) 1 0 3 5 7 6 5 4 3 1* 0 3 5 4 2* 5 7 6 5 7 8 7 6 4* 3 2 1 0 2 4 3 2 4 6 7 6 5 4 6
K=25 *int=4 B=32 i=29729916) 1 0 3 5 7 6 5 4 3 1* 0 3 5 4 2* 5 7 6 5 7 8 7 6 4* 3 2 1 0 2 4 3 2 4 6* 5 4 6
K=25 *int=8 B=28 i=29744505) 1 0 3 5 7 8 6* 4* 3 1* 0 3* 2 5* 3* 2 1 2 7* 5* 4 3 2 4 7 6 5 4 6
K=25 *int=1 B=35 i=29874185) 1 0 3 1* 0 3 2 4 5 4 3 2 4 6 7 6 5 4 3 2 1 0 2 4 6 8 7 6 5 4 3 2 1 0 2 4 6 5 4 3 2 4 6
K=25 *int=1 B=35 i=29874290) 1 0 3 1* 0 3 2 4 5 4 3 2 4 6 8 7 6 5 4 3 2 1 0 2 4 6 8 7 6 5 4 3 2 1 2 4 6 5 4 3 2 4 6
K=25 *int=1 B=35 i=29874500) 1 0 3 1* 0 3 2 4 6 5 4 3 2 4 6 7 6 5 4 3 2 1 0 2 4 6 8 7 6 5 4 3 2 1 0 2 4 6 5 4 3 4 6
K=25 *int=1 B=35 i=29874584) 1 0 3 1* 0 3 2 4 6 5 4 3 2 4 6 8 7 6 5 4 3 2 1 0 2 4 6 8 7 6 5 4 3 2 1 2 4 6 5 4 3 4 6
K=25 *int=3 B=33 i=29880017) 1 0 3 1* 0 3 5 4 2* 5 7 6 5 4 3 2 1 0 2 5 7 8 7 6 5 4 3 2 1 0 2 4* 7 6 5 4 3 2 4
K=25 *int=4 B=32 i=29889433) 1 0 3 1* 0 5 3* 2 5 7 6 4* 3 2 1 0 2 4 7 8 7 5* 4 3 2 1 0 2 4 7 6 5 4 3 2 4 6
K=25 *int=5 B=31 i=29892295) 1 0 3 1* 0 5 3* 5 7 6 4* 2* 1 0 2 4 7 8 7 5* 4 3 2 1 0 2 4 7 6 5 4 3 2 4 6
K=25 *int=6 B=30 i=29978175) 1 0 3 1* 5 3* 5 7 6 4* 2* 0* 2 4 7 8 7 5* 4 3 2 1 0 2 4 7 6 5 4 3 2 4 6
K=25 *int=7 B=29 i=29978193) 1 0 3 1* 5 3* 5 7 6 4* 2* 0* 2 4 7 8 7 5* 4 3 1* 0 4 7 6 5 4 3 2 4 6
K=25 *int=7 B=29 i=29978285) 1 0 3 1* 5 3* 5 7 6 4* 2* 0* 4 7 8 7 5* 4 2* 1 0 2 4 7 6 5 4 3 2 4 6
K=25 *int=7 B=29 i=29978325) 1 0 3 1* 5 3* 5 7 6 4* 2* 0* 7 8 7 6 4* 2* 1 0 2 4 6 7 6 5 4 3 2 4 6
K=25 *int=8 B=28 i=29978336) 1 0 3 1* 5 3* 5 7 6 4* 2* 0* 7 8 7 6 4* 2* 1 0 2 4 6* 5 4 3 2 4 6
K=25 *int=9 B=27 i=29978348) 1 0 3 1* 5 3* 5 7 6 4* 2* 0* 7 8 7 6 4* 2* 1 0 2 6* 4* 3 2 4 6
K=25 *int=10 B=26 i=29978365) 1 0 3 1* 5 3* 5 7 6 4* 2* 0* 7 8 7 6 4* 2* 1 0 6* 4* 2* 4 6
K=25 *int=8 B=28 i=29978477) 1 0 3 1* 5 3* 5 7 8 6* 4* 2* 0* 6 4* 2* 1 2 4 6 8 7 6 5 4 3 2 4 6
K=25 *int=10 B=26 i=29998193) 1 0 3 1* 3* 5 7 6 4* 2* 0* 7 8 7 6 4* 2* 1 0 6* 4* 2* 4 3 6
K=25 *int=10 B=26 i=30984652) 1 0 1* 4 3 6 4* 2* 0* 6* 4* 2* 8 6* 4* 3 1* 0 1 3 6 5 4 3 5
K=25 *int=10 B=26 i=30985931) 1 0 1* 4 3 7 6 4* 2* 0* 6* 4* 2* 8 6* 4* 3 1* 0 3 6 5 4 3 5
K=25 *int=0 B=36 i=31055263) 1 2 1 0 1 3 2 1 3 4 3 5 6 5 4 3 2 1 3 5 7 8 7 6 5 4 3 2 1 0 1 3 5 7 6 5 4 3 2 1 3 5 4 3 5
K=25 *int=0 B=36 i=31059035) 1 2 1 0 1 3 2 1 3 4 3 5 7 6 5 4 3 2 1 3 5 7 8 7 6 5 4 3 2 1 0 1 3 5 7 6 5 4 3 2 3 5 4 3 5
K=25 *int=0 B=36 i=31071607) 1 2 1 0 1 3 2 1 3 5 4 3 5 6 5 4 3 2 1 3 5 7 8 7 6 5 4 3 2 1 0 1 3 5 7 6 5 4 3 2 1 3 5 4 5
K=25 *int=1 B=35 i=31074679) 1 2 1 0 1 3 2 1 3 5 4 3 5 7 6 5 4 3 2 1 3 5 7 8 7 6 5 4 3 2 1 0 1 3 2 5 7 6 5 3* 2 5 4
K=25 *int=0 B=36 i=31074697) 1 2 1 0 1 3 2 1 3 5 4 3 5 7 6 5 4 3 2 1 3 5 7 8 7 6 5 4 3 2 1 0 1 3 5 7 6 5 4 3 2 3 5 4 5
K=25 *int=0 B=36 i=31204353) 1 2 1 0 1 3 4 3 2 1 3 5 4 3 5 6 5 7 8 7 6 5 4 3 2 1 0 1 3 5 4 3 2 1 3 5 7 6 5 4 3 2 1 3 5
K=25 *int=0 B=36 i=31205108) 1 2 1 0 1 3 4 3 2 1 3 5 4 3 5 7 6 5 7 8 7 6 5 4 3 2 1 0 1 3 5 4 3 2 1 3 5 7 6 5 4 3 2 3 5
K=25 *int=0 B=36 i=31210373) 1 2 1 0 1 3 4 3 2 1 3 5 6 5 4 3 2 1 3 5 7 6 5 4 3 5 7 8 7 6 5 4 3 2 1 0 1 3 2 1 3 5 4 3 5
K=25 *int=0 B=36 i=31216755) 1 2 1 0 1 3 4 3 2 1 3 5 7 6 5 4 3 2 1 3 5 7 6 5 4 3 5 7 8 7 6 5 4 3 2 1 0 1 3 2 3 5 4 3 5
K=25 *int=0 B=36 i=31335496) 1 2 1 0 1 3 5 4 3 2 1 3 5 4 3 5 6 5 7 8 7 6 5 4 3 2 1 0 1 3 5 4 3 2 1 3 5 7 6 5 4 3 2 1 5
K=25 *int=0 B=36 i=31336373) 1 2 1 0 1 3 5 4 3 2 1 3 5 4 3 5 7 6 5 7 8 7 6 5 4 3 2 1 0 1 3 5 4 3 2 1 3 5 7 6 5 4 3 2 5
K=25 *int=0 B=36 i=31341810) 1 2 1 0 1 3 5 4 3 2 1 3 5 6 5 4 3 2 1 3 5 7 6 5 4 3 5 7 8 7 6 5 4 3 2 1 0 1 3 2 1 3 5 4 5
K=25 *int=1 B=35 i=31349379) 1 2 1 0 1 3 5 4 3 2 1 3 5 7 6 5 4 3 2 1 0 3 5 7 6 5 4 3 5 7 8 7 6 5 4 3 1* 0 3 2 5 4 5
K=25 *int=0 B=36 i=31349862) 1 2 1 0 1 3 5 4 3 2 1 3 5 7 6 5 4 3 2 1 3 5 7 6 5 4 3 5 7 8 7 6 5 4 3 2 1 0 1 3 2 3 5 4 5
K=25 *int=0 B=36 i=31396701) 1 2 1 0 1 3 5 6 5 4 3 2 1 3 5 4 3 5 7 6 5 7 8 7 6 5 4 3 2 1 0 1 3 5 4 3 2 1 3 5 7 6 5 4 5
K=25 *int=0 B=36 i=31419961) 1 2 1 0 1 3 5 7 6 5 4 3 2 1 3 5 4 3 5 7 6 5 7 8 7 6 5 4 3 2 1 0 1 3 5 4 3 2 3 5 7 6 5 4 5
K=25 *int=0 B=36 i=31432950) 1 2 1 0 1 3 6 5 4 3 2 1 3 5 4 3 5 7 6 5 7 8 7 6 5 4 3 2 1 0 1 3 5 4 3 2 1 3 5 7 6 5 4 3 5
K=25 *int=0 B=36 i=31467986) 1 2 1 0 1 3 7 6 5 4 3 2 1 3 5 4 3 5 7 6 5 7 8 7 6 5 4 3 2 1 0 1 3 5 4 3 2 3 5 7 6 5 4 3 5
K=25 *int=7 B=29 i=31578939) 1 2 1 0 1 4 3 6 4* 2* 1 8 6* 4* 2* 1 0 1 8 6* 4* 3 2 1 3 6 5 4 3 5 8
K=25 *int=0 B=36 i=32943228) 1 2 1 3 4 3 2 1 0 1 3 5 6 5 4 3 2 1 3 5 4 3 5 7 6 5 7 8 7 6 5 4 3 2 1 0 1 3 5 4 3 2 1 3 5
K=25 *int=0 B=36 i=32946947) 1 2 1 3 4 3 2 1 0 1 3 5 7 6 5 4 3 2 1 3 5 4 3 5 7 6 5 7 8 7 6 5 4 3 2 1 0 1 3 5 4 3 2 3 5
K=25 *int=0 B=36 i=32991495) 1 2 1 3 4 3 2 1 3 5 6 5 4 3 5 7 8 7 6 5 4 3 2 1 0 1 3 2 1 3 5 4 3 5 7 6 5 4 3 2 1 3 5 7 8
K=25 *int=0 B=36 i=32998071) 1 2 1 3 4 3 2 1 3 5 7 6 5 4 3 5 7 8 7 6 5 4 3 2 1 0 1 3 2 1 3 5 4 3 5 7 6 5 4 3 2 3 5 7 8
K=25 *int=0 B=36 i=33072236) 1 2 1 3 4 3 5 6 5 4 3 2 1 0 1 3 2 1 3 5 4 3 5 7 6 5 4 3 2 1 3 5 7 8 7 6 5 4 3 2 1 0 1 3 5
K=25 *int=0 B=36 i=33076492) 1 2 1 3 4 3 5 6 5 4 3 2 1 3 5 7 8 7 6 5 4 3 2 1 0 1 3 5 7 6 5 4 3 2 1 3 5 4 3 5 7 6 5 7 8
K=25 *int=0 B=36 i=33084195) 1 2 1 3 4 3 5 6 5 7 8 7 6 5 4 3 2 1 0 1 3 5 4 3 2 1 3 5 7 6 5 4 3 2 1 3 5 7 6 5 4 3 5 7 8
K=25 *int=0 B=36 i=33097301) 1 2 1 3 4 3 5 7 6 5 4 3 2 1 0 1 3 2 1 3 5 4 3 5 7 6 5 4 3 2 1 3 5 7 8 7 6 5 4 3 2 1 0 3 5
K=25 *int=0 B=36 i=33101929) 1 2 1 3 4 3 5 7 6 5 4 3 2 1 3 5 7 8 7 6 5 4 3 2 1 0 1 3 5 7 6 5 4 3 2 3 5 4 3 5 7 6 5 7 8
K=25 *int=0 B=36 i=33106381) 1 2 1 3 4 3 5 7 6 5 7 8 7 6 5 4 3 2 1 0 1 3 5 4 3 2 1 3 5 7 6 5 4 3 2 3 5 7 6 5 4 3 5 7 8
K=25 *int=0 B=36 i=33109356) 1 2 1 3 4 3 5 7 8 7 6 5 4 3 2 1 0 1 3 2 1 3 5 4 3 5 7 6 5 4 3 2 1 3 5 7 8 7 6 5 4 3 2 3 5
K=25 *int=0 B=36 i=33112040) 1 2 1 3 4 3 5 8 7 6 5 4 3 2 1 0 1 3 2 1 3 5 4 3 5 7 6 5 4 3 2 1 3 5 7 8 7 6 5 4 3 2 1 3 5
K=25 *int=1 B=35 i=33112171) 1 2 1 3 4 3 5 8 7 6 5 4 3 2 1 0 1 3 2 1 3 5 4 3 5 7* 6 5 4 3 2 1 3 5 7 6 5 4 3 2 3 5 8
K=25 *int=1 B=35 i=33133444) 1 2 1 3 4 3 6 5 8 6* 5 4 3 2 1 0 1 3 5 4 3 2 1 3 5 8 7 6 5 4 3 2 1 3 5 7 6 5 4 3 5 7 8
K=25 *int=0 B=36 i=33324158) 1 2 1 3 5 4 3 2 1 0 1 3 5 6 5 4 3 2 1 3 5 4 3 5 7 6 5 7 8 7 6 5 4 3 2 1 0 1 3 5 4 3 2 1 5
K=25 *int=0 B=36 i=33328900) 1 2 1 3 5 4 3 2 1 0 1 3 5 7 6 5 4 3 2 1 3 5 4 3 5 7 6 5 7 8 7 6 5 4 3 2 1 0 1 3 5 4 3 2 5
K=25 *int=0 B=36 i=33358986) 1 2 1 3 5 4 3 2 1 3 5 6 5 4 3 5 7 8 7 6 5 4 3 2 1 0 1 3 2 1 3 5 4 3 5 7 6 5 4 3 2 1 5 7 8
K=25 *int=0 B=36 i=33366578) 1 2 1 3 5 4 3 2 1 3 5 7 6 5 4 3 5 7 8 7 6 5 4 3 2 1 0 1 3 2 1 3 5 4 3 5 7 6 5 4 3 2 5 7 8
K=25 *int=0 B=36 i=33400862) 1 2 1 3 5 4 3 5 6 5 4 3 2 1 0 1 3 2 1 3 5 4 3 5 7 6 5 4 3 2 1 3 5 7 8 7 6 5 4 3 2 1 0 1 5
K=25 *int=0 B=36 i=33403783) 1 2 1 3 5 4 3 5 6 5 4 3 2 1 3 5 7 8 7 6 5 4 3 2 1 0 1 3 5 7 6 5 4 3 2 1 3 5 4 5 7 6 5 7 8
K=25 *int=0 B=36 i=33410676) 1 2 1 3 5 4 3 5 6 5 7 8 7 6 5 4 3 2 1 0 1 3 5 4 3 2 1 3 5 7 6 5 4 3 2 1 3 5 7 6 5 4 5 7 8
K=25 *int=0 B=36 i=33422634) 1 2 1 3 5 4 3 5 7 6 5 4 3 2 1 0 1 3 2 1 3 5 4 3 5 7 6 5 4 3 2 1 3 5 7 8 7 6 5 4 3 2 1 0 5
K=25 *int=0 B=36 i=33425420) 1 2 1 3 5 4 3 5 7 6 5 4 3 2 1 3 5 7 8 7 6 5 4 3 2 1 0 1 3 5 7 6 5 4 3 2 3 5 4 5 7 6 5 7 8
K=25 *int=0 B=36 i=33428716) 1 2 1 3 5 4 3 5 7 6 5 7 8 7 6 5 4 3 2 1 0 1 3 5 4 3 2 1 3 5 7 6 5 4 3 2 3 5 7 6 5 4 5 7 8
K=25 *int=0 B=36 i=33431585) 1 2 1 3 5 4 3 5 7 8 7 6 5 4 3 2 1 0 1 3 2 1 3 5 4 3 5 7 6 5 4 3 2 1 3 5 7 8 7 6 5 4 3 2 5
K=25 *int=0 B=36 i=33433215) 1 2 1 3 5 4 3 5 8 7 6 5 4 3 2 1 0 1 3 2 1 3 5 4 3 5 7 6 5 4 3 2 1 3 5 7 8 7 6 5 4 3 2 1 5
K=25 *int=1 B=35 i=33433366) 1 2 1 3 5 4 3 5 8 7 6 5 4 3 2 1 0 1 3 2 1 3 5 4 3 5 7* 6 5 4 3 2 1 3 5 7 6 5 4 3 2 5 8
K=25 *int=0 B=36 i=33485121) 1 2 1 3 5 6 5 4 3 2 1 0 1 3 5 7 6 5 4 3 2 1 3 5 4 3 5 7 6 5 7 8 7 6 5 4 3 2 1 0 1 3 5 4 5
K=25 *int=0 B=36 i=33494102) 1 2 1 3 5 6 5 4 3 2 1 3 5 7 6 5 4 3 5 7 8 7 6 5 4 3 2 1 0 1 3 2 1 3 5 4 3 5 7 6 5 4 5 7 8
K=25 *int=0 B=36 i=33507444) 1 2 1 3 5 6 5 4 3 5 7 8 7 6 5 4 3 2 1 0 1 3 2 1 3 5 4 3 5 7 6 5 4 3 2 1 3 5 7 8 7 6 5 4 5
K=25 *int=1 B=35 i=33508717) 1 2 1 3 5 6 5 4 3 5 8 7 6 5 4 3 2 1 0 1 3 2 1 3 5 4 3 5 7* 6 5 4 3 2 1 3 5 7 6 5 4 5 8
K=25 *int=0 B=36 i=33553260) 1 2 1 3 5 7 6 5 4 3 2 1 0 1 3 5 7 6 5 4 3 2 1 3 5 4 3 5 7 6 5 7 8 7 6 5 4 3 2 1 0 3 5 4 5
K=25 *int=0 B=36 i=33558876) 1 2 1 3 5 7 6 5 4 3 2 1 3 5 7 6 5 4 3 5 7 8 7 6 5 4 3 2 1 0 1 3 2 3 5 4 3 5 7 6 5 4 5 7 8
K=25 *int=0 B=36 i=33565000) 1 2 1 3 5 7 6 5 4 3 5 7 8 7 6 5 4 3 2 1 0 1 3 2 1 3 5 4 3 5 7 6 5 4 3 2 3 5 7 8 7 6 5 4 5
K=25 *int=1 B=35 i=33576799) 1 2 1 3 5 7 8 7 6 5 4 3 2 1 0 1 3 5 7 6 5 4 3 2 1 3 5 4 3 2 5 7 6 5 7 8 7 6 5 3* 2 5 4
K=25 *int=0 B=36 i=33576863) 1 2 1 3 5 7 8 7 6 5 4 3 2 1 0 1 3 5 7 6 5 4 3 2 1 3 5 4 3 5 7 6 5 7 8 7 6 5 4 3 2 3 5 4 5
K=25 *int=0 B=36 i=33583791) 1 2 1 3 5 8 7 6 5 4 3 2 1 0 1 3 5 7 6 5 4 3 2 1 3 5 4 3 5 7 6 5 7 8 7 6 5 4 3 2 1 3 5 4 5
K=25 *int=0 B=36 i=33599582) 1 2 1 3 6 5 4 3 2 1 0 1 3 5 7 6 5 4 3 2 1 3 5 4 3 5 7 6 5 7 8 7 6 5 4 3 2 1 0 1 3 5 4 3 5
K=25 *int=0 B=36 i=33611414) 1 2 1 3 6 5 4 3 2 1 3 5 7 6 5 4 3 5 7 8 7 6 5 4 3 2 1 0 1 3 2 1 3 5 4 3 5 7 6 5 4 3 5 7 8
K=25 *int=0 B=36 i=33629725) 1 2 1 3 6 5 4 3 5 7 8 7 6 5 4 3 2 1 0 1 3 2 1 3 5 4 3 5 7 6 5 4 3 2 1 3 5 7 8 7 6 5 4 3 5
K=25 *int=1 B=35 i=33630814) 1 2 1 3 6 5 4 3 5 8 7 6 5 4 3 2 1 0 1 3 2 1 3 5 4 3 5 7* 6 5 4 3 2 1 3 5 7 6 5 4 3 5 8
K=25 *int=0 B=36 i=33694284) 1 2 1 3 7 6 5 4 3 2 1 0 1 3 5 7 6 5 4 3 2 1 3 5 4 3 5 7 6 5 7 8 7 6 5 4 3 2 1 0 3 5 4 3 5
K=25 *int=0 B=36 i=33699658) 1 2 1 3 7 6 5 4 3 2 1 3 5 7 6 5 4 3 5 7 8 7 6 5 4 3 2 1 0 1 3 2 3 5 4 3 5 7 6 5 4 3 5 7 8
K=25 *int=0 B=36 i=33706178) 1 2 1 3 7 6 5 4 3 5 7 8 7 6 5 4 3 2 1 0 1 3 2 1 3 5 4 3 5 7 6 5 4 3 2 3 5 7 8 7 6 5 4 3 5
K=25 *int=0 B=36 i=33716670) 1 2 1 3 7 8 7 6 5 4 3 2 1 0 1 3 5 7 6 5 4 3 2 1 3 5 4 3 5 7 6 5 7 8 7 6 5 4 3 2 3 5 4 3 5
K=25 *int=0 B=36 i=33723864) 1 2 1 3 8 7 6 5 4 3 2 1 0 1 3 5 7 6 5 4 3 2 1 3 5 4 3 5 7 6 5 7 8 7 6 5 4 3 2 1 3 5 4 3 5
K=25 *int=3 B=33 i=33942039) 1 2 1 4 3 6 8 7 6 4* 3 2 1 0 1 3 6 8 7 5* 4 3 2 1 3 5 4 3 2 3 5* 8 7 6 5 4 3 5 8
K=25 *int=1 B=35 i=33943801) 1 2 1 4 3 6 4* 3 2 1 0 1 3 2 1 3 6 5 4 3 5 7 6 5 4 3 2 1 3 5 7 8 7 6 5 4 3 2 1 0 1 3 5
K=25 *int=1 B=35 i=33946632) 1 2 1 4 3 6 4* 3 2 1 3 6 5 7 8 7 6 5 4 3 2 1 0 1 3 5 7 6 5 4 3 2 1 3 5 4 3 5 7 6 5 7 8
K=25 *int=8 B=28 i=35195893) 1 2 3 1* 4 6 5 4 3 6 8 7 6 4* 2* 1 0 1* 3* 5* 8 7 6 4* 2* 1 4 3 8
K=25 *int=2 B=34 i=35371337) 1 2 4 3 2 1 4 6 5 4 6 8 7 6 5 4 2* 1 0 1 4 3 2 1 3 6 5 4 3 5* 8 7 6 5 4 3 2 1 3 5 8
K=25 *int=2 B=34 i=35462960) 1 2 4 3 2 4 6 5 4 6 8 7 6 5 4 3 2 1 0 1* 4 3 2 1 4 6 5 4 3 6 8 7 6 4* 3 2 1 3 6 5 8
K=25 *int=2 B=34 i=35692669) 1 2 4 3 1* 4 6 5 4 6 8 7 6 5 4 3 2 1 0 1 4 3 2 1 3 6 5 4 3 5* 8 7 6 5 4 3 2 1 3 5 8
K=25 *int=3 B=33 i=35692913) 1 2 4 3 1* 4 6 5 4 6 8 7 6 5 3* 2 1 0 1 3 2 1 3 6 5 4 3 5* 8 7 6 5 4 3 2 1 3 5 8
K=25 *int=3 B=33 i=35692950) 1 2 4 3 1* 4 6 5 4 6 8 7 6 5 3* 2 1 0 1 3 2 1 3 5* 4 3 5 6 8 7 6 5 4 3 2 1 3 5 8
K=25 *int=4 B=32 i=35692966) 1 2 4 3 1* 4 6 5 4 6 8 7 6 5 3* 2 1 0 1 3 2 1 3 5* 4 3 5 8 6* 5 4 3 2 1 3 5 8
K=25 *int=4 B=32 i=35693318) 1 2 4 3 1* 4 6 5 4 6 8 7 5* 3* 2 1 0 1 3 2 1 3 5 4 3 5* 8 7 6 5 4 3 2 1 3 5 8
K=25 *int=5 B=31 i=35704992) 1 2 4 3 1* 4 5* 4 8 7 5* 3* 2 1 0 1 3 2 1 3 5 4 3 5* 8 7 6 5 4 3 2 1 3 5 8
K=25 *int=5 B=31 i=35713381) 1 2 4 3 1* 6 4* 6 8 7 5* 3* 2 1 0 1 3 2 1 3 5 4 3 5* 8 7 6 5 4 3 2 1 3 5 8
K=25 *int=1 B=35 i=35980244) 1 2 4 6 5 4 3 2 4 6 8 7 6 5 4 3 2 1 0 1* 4 6 8 7 6 5 4 3 2 1 4 6 5 4 3 4 6 8 7 6 5 6 8
K=25 *int=2 B=34 i=36012205) 1 2 4 6 5 4 3 1* 4 6 8 7 6 5 4 3 2 1 0 1 4 6 8 7 6 5 4 3 2 1 3* 6 5 4 3 6 8 7 6 5 8
K=25 *int=8 B=28 i=36012621) 1 2 4 6 5 4 3 1* 4 6 8 7 5* 3* 2 1 0 1 7* 5* 3* 2 1 3 4* 3 6* 5 8
K=25 *int=9 B=27 i=36049831) 1 2 4 6 5 3* 1* 6 8 7 5* 3* 2 1 0 1 7* 5* 3* 2 1 3 4* 3 6* 5 8
K=25 *int=1 B=35 i=36089770) 1 2 4 6 8 7 6 5 4 3 1* 0 1 2 4 6 5 4 3 2 4 6 8 7 6 5 4 3 2 1 2 4 6 8 7 6 5 4 3 4 6 5 8
K=25 *int=3 B=33 i=36090632) 1 2 4 6 8 7 6 5 4 3 1* 0 1 4 6 5 4 2* 1 4 3 6 5 8 6* 5 4 3 2 1 3 5 8 7 6 5 4 3 5
K=25 *int=4 B=32 i=36092433) 1 2 4 6 8 7 6 5 4 3 1* 0 4 6 5 4 3 1* 4 6 8 7 6 5 3* 2 1 3 5* 8 7 6 5 4 3 5 8
K=25 *int=5 B=31 i=36092848) 1 2 4 6 8 7 6 5 4 3 1* 0 4 6 5 3* 1* 6 8 7 6 5 3* 2 1 3 5* 8 7 6 5 4 3 5 8
K=25 *int=6 B=30 i=36095196) 1 2 4 6 8 7 6 5 3* 1* 0 6 5 3* 1* 6 8 7 6 5 3* 2 1 3 5* 8 7 6 5 4 3 5 8
K=25 *int=7 B=29 i=36095512) 1 2 4 6 8 7 6 5 3* 1* 0 5* 3* 1* 8 7 6 5 3* 2 1 3 5* 8 7 6 5 4 3 5 8
K=25 *int=7 B=29 i=36095536) 1 2 4 6 8 7 6 5 3* 1* 0 5* 3* 1* 8 7 5* 3* 2 1 3 5 6 8 7 6 5 4 3 5 8
K=25 *int=8 B=28 i=36095546) 1 2 4 6 8 7 6 5 3* 1* 0 5* 3* 1* 8 7 5* 3* 2 1 3 5 8 6* 5 4 3 5 8
K=25 *int=9 B=27 i=36095583) 1 2 4 6 8 7 6 5 3* 1* 0 5* 3* 1* 7* 5* 3* 2 1 3 5 6* 5 4 3 5 8
K=25 *int=7 B=29 i=36099301) 1 2 4 6 8 7 5* 3* 1* 0 5 3* 1* 6 8 7 6 5 3* 2 1 3 5* 8 7 6 5 4 3 5 8
K=25 *int=10 B=26 i=36144609) 1 2 4 7 8 6* 5 3* 1* 0 5* 3* 1* 7* 5* 3* 2 3 5 6* 5 4 3 5 8
K=25 *int=1 B=35 i=36156818) 1 2 4 8 7 6 5 4 3 1* 0 1 2 4 6 5 4 3 2 4 6 8 7 6 5 4 3 2 1 2 4 6 8 7 6 5 4 3 2 4 6 5 8
K=25 *int=10 B=26 i=36166932) 1 2 4 8 6* 5 3* 1* 0 5* 3* 1* 7* 5* 3* 2 1 3 5 6* 5 4 3 5 8
K=25 *int=10 B=26 i=36167446) 1 2 4 5* 3* 1* 8 7 5* 3* 2 1 0 1 7* 5* 3* 2 1 3 4* 3 6* 5 8
K=25 *int=10 B=26 i=36391534) 1 2 5 4 5* 3* 1* 8 7 5* 3* 2 1 0 1 7* 5* 3* 2 1 3 4* 6* 5 8
K=25 *int=1 B=35 i=36560876) 1 2 6 5 4 3 2 4 6 8 7 6 5 4 3 2 1 0 1* 4 6 8 7 6 5 4 3 2 1 4 6 5 4 3 4 6 8 7 6 5 4 6 8
K=25 *int=1 B=35 i=36660488) 1 2 6 8 7 6 5 4 3 1* 0 1 2 4 6 5 4 3 2 4 6 8 7 6 5 4 3 2 1 2 4 6 8 7 6 5 4 3 4 6 5 4 8
K=25 *int=8 B=28 i=36664650) 1 2 6 8 7 6 5 3* 1* 0 5* 3* 1* 8 7 5* 3* 2 1 5 3* 6 8 7 6 5 4 3 8
K=25 *int=1 B=35 i=36704447) 1 2 8 7 6 5 4 3 1* 0 1 2 4 6 5 4 3 2 4 6 8 7 6 5 4 3 2 1 2 4 6 8 7 6 5 4 3 2 4 6 5 4 8
K=25 *int=10 B=26 i=36741647) 1 2 0* 4 2* 4* 7 6 5 3* 1* 0 7 8 7 5* 3* 1* 0 7 5* 3* 2 3 5
K=25 *int=10 B=26 i=36752183) 1 2 0* 5 4 2* 4* 7 6 5 3* 1* 0 7 8 7 5* 3* 1* 0 7 5* 3* 2 5
K=25 *int=0 B=36 i=36785833) 1 3 2 1 0 1 3 2 1 3 4 3 5 6 5 4 3 2 1 3 5 7 8 7 6 5 4 3 2 1 0 1 3 5 7 6 5 4 3 2 1 3 5 4 3
K=25 *int=0 B=36 i=36787783) 1 3 2 1 0 1 3 2 1 3 4 3 5 7 6 5 4 3 2 1 3 5 7 8 7 6 5 4 3 2 1 0 1 3 5 7 6 5 4 3 2 3 5 4 3
K=25 *int=0 B=36 i=36796011) 1 3 2 1 0 1 3 2 1 3 5 4 3 5 6 5 4 3 2 1 3 5 7 8 7 6 5 4 3 2 1 0 1 3 5 7 6 5 4 3 2 1 3 5 4
K=25 *int=0 B=36 i=36797763) 1 3 2 1 0 1 3 2 1 3 5 4 3 5 7 6 5 4 3 2 1 3 5 7 8 7 6 5 4 3 2 1 0 1 3 5 7 6 5 4 3 2 3 5 4
K=25 *int=0 B=36 i=36886721) 1 3 2 1 0 1 3 4 3 2 1 3 5 4 3 5 6 5 7 8 7 6 5 4 3 2 1 0 1 3 5 4 3 2 1 3 5 7 6 5 4 3 2 1 3
K=25 *int=0 B=36 i=36887902) 1 3 2 1 0 1 3 4 3 2 1 3 5 4 3 5 7 6 5 7 8 7 6 5 4 3 2 1 0 1 3 5 4 3 2 1 3 5 7 6 5 4 3 2 3
K=25 *int=0 B=36 i=36894514) 1 3 2 1 0 1 3 4 3 2 1 3 5 6 5 4 3 2 1 3 5 7 6 5 4 3 5 7 8 7 6 5 4 3 2 1 0 1 3 2 1 3 5 4 3
K=25 *int=0 B=36 i=36902051) 1 3 2 1 0 1 3 4 3 2 1 3 5 7 6 5 4 3 2 1 3 5 7 6 5 4 3 5 7 8 7 6 5 4 3 2 1 0 1 3 2 3 5 4 3
K=25 *int=3 B=33 i=37010632) 1 3 2 1 0 1 3 4 6 5 3* 2 1 3 6 8 7 6 4* 3 2 1 0 1 3 6 8 7 5* 4 3 2 1 3 5 4 3 6 8
K=25 *int=0 B=36 i=37044491) 1 3 2 1 0 1 3 5 4 3 2 1 3 5 4 3 5 6 5 7 8 7 6 5 4 3 2 1 0 1 3 5 4 3 2 1 3 5 7 6 5 4 3 2 1
K=25 *int=1 B=35 i=37044517) 1 3 2 1 0 1 3 5 4 3 2 1 3 5 4 3 5 6 5 7 8 7 6 5 4 3 2 1 0 1 3 5 4 3 5 7 6 5 4 2* 1 2 4
K=25 *int=0 B=36 i=37045571) 1 3 2 1 0 1 3 5 4 3 2 1 3 5 4 3 5 7 6 5 7 8 7 6 5 4 3 2 1 0 1 3 5 4 3 2 1 3 5 7 6 5 4 3 2
K=25 *int=0 B=36 i=37051448) 1 3 2 1 0 1 3 5 4 3 2 1 3 5 6 5 4 3 2 1 3 5 7 6 5 4 3 5 7 8 7 6 5 4 3 2 1 0 1 3 2 1 3 5 4
K=25 *int=1 B=35 i=37060055) 1 3 2 1 0 1 3 5 4 3 2 1 3 5 7 6 5 4 3 2 1 0 3 5 7 6 5 4 3 5 7 8 7 6 5 4 3 1* 0 3 2 5 4
K=25 *int=0 B=36 i=37060565) 1 3 2 1 0 1 3 5 4 3 2 1 3 5 7 6 5 4 3 2 1 3 5 7 6 5 4 3 5 7 8 7 6 5 4 3 2 1 0 1 3 2 3 5 4
K=25 *int=3 B=33 i=37062921) 1 3 2 1 0 1 3 5 4 3 2 1 3 5 7 6 4* 3 2 4 6* 8 7 6 5 4 3 1* 0 1 2 4 6 5 4 3 2 4 6
K=25 *int=3 B=33 i=37090985) 1 3 2 1 0 1 3 5 4 3 5 7 6 5 4 2* 1 0 2 4* 7 8 6* 5 4 3 2 1 0 2 4 6 5 4 3 2 4 6 8
K=25 *int=0 B=36 i=37114631) 1 3 2 1 0 1 3 5 6 5 4 3 2 1 3 5 4 3 5 7 6 5 7 8 7 6 5 4 3 2 1 0 1 3 5 4 3 2 1 3 5 7 6 5 4
K=25 *int=0 B=36 i=37139898) 1 3 2 1 0 1 3 5 7 6 5 4 3 2 1 3 5 4 3 5 7 6 5 7 8 7 6 5 4 3 2 1 0 1 3 5 4 3 2 3 5 7 6 5 4
K=25 *int=0 B=36 i=37153196) 1 3 2 1 0 1 3 6 5 4 3 2 1 3 5 4 3 5 7 6 5 7 8 7 6 5 4 3 2 1 0 1 3 5 4 3 2 1 3 5 7 6 5 4 3
K=25 *int=0 B=36 i=37190831) 1 3 2 1 0 1 3 7 6 5 4 3 2 1 3 5 4 3 5 7 6 5 7 8 7 6 5 4 3 2 1 0 1 3 5 4 3 2 3 5 7 6 5 4 3
K=25 *int=3 B=33 i=37371714) 1 3 2 1 0 3 4 3 5 7 6 5 4 3 1* 0 3 5 4 2* 5 7 6 5 7 8 7 6 4* 3 2 1 0 2 4 3 2 4 6
K=25 *int=2 B=34 i=37547872) 1 3 2 1 0 3 5 4 3 5 7 6 5 4 3 1* 0 3 2 5 4 5 7 8 6* 5 4 3 2 1 0 2 4 6 5 4 3 2 4 6 8
K=25 *int=2 B=34 i=37547927) 1 3 2 1 0 3 5 4 3 5 7 6 5 4 3 1* 0 3 2 5 4 7 8 7 5* 4 3 2 1 0 2 4 7 6 5 4 3 2 4 6 8
K=25 *int=3 B=33 i=37548032) 1 3 2 1 0 3 5 4 3 5 7 6 5 4 3 1* 0 3 2 5 4 7* 5* 4 3 2 1 0 2 4 7 6 5 4 3 2 4 6 8
K=25 *int=3 B=33 i=37548142) 1 3 2 1 0 3 5 4 3 5 7 6 5 4 3 1* 0 3 2 4* 7 8 6* 5 4 3 2 1 0 2 4 6 5 4 3 2 4 6 8
K=25 *int=3 B=33 i=37552165) 1 3 2 1 0 3 5 4 3 5 8 7 6 5 4 3 1* 0 3 2 5 4 7* 5* 4 3 2 1 2 4 7 6 5 4 3 2 4 6 8
K=25 *int=7 B=29 i=37574603) 1 3 2 1 0 3 5 4 3 1* 5 6 5 3* 5 7 6 4* 2* 0* 7 8 7 6 4* 2* 1 0 2 4 6
K=25 *int=8 B=28 i=37574672) 1 3 2 1 0 3 5 4 3 1* 5 6 5 3* 5 7 8 6* 4* 2* 0* 6 4* 2* 1 2 4 6 8
K=25 *int=4 B=32 i=37579770) 1 3 2 1 0 3 5 4 5 7 6 5 3* 1* 0 3 2 4* 7 8 6* 5 4 3 2 1 0 2 4 6 5 4 3 2 4 6 8
K=25 *int=7 B=29 i=37593500) 1 3 2 1 0 3 5 4 7 5* 3* 2 1 0 2* 4* 6* 8 7 5* 3* 2 1 0 2 5 4 3 2 4 6
K=25 *int=4 B=32 i=37594150) 1 3 2 1 0 3 5 4 7 5* 3* 1* 0 3 2 4 5 4 6* 8 7 6 5 4 3 2 1 0 2 4 6 5 4 3 2 4 6
K=25 *int=5 B=31 i=37594477) 1 3 2 1 0 3 5 4 7 5* 3* 1* 0 3 2 4* 7 8 6* 5 4 3 2 1 0 2 4 6 5 4 3 2 4 6 8
K=25 *int=5 B=31 i=37594536) 1 3 2 1 0 3 5 4 7 5* 3* 1* 0 3 2 4* 6* 8 7 6 5 4 3 2 1 0 2 4 6 5 4 3 2 4 6
K=25 *int=6 B=30 i=37594558) 1 3 2 1 0 3 5 4 7 5* 3* 1* 0 3 2 4* 6* 8 7 5* 4 3 2 1 0 2 4 5 4 3 2 4 6
K=25 *int=7 B=29 i=37594565) 1 3 2 1 0 3 5 4 7 5* 3* 1* 0 3 2 4* 6* 8 7 5* 4 3 2 1 0 2 4* 3 2 4 6
K=25 *int=7 B=29 i=37594584) 1 3 2 1 0 3 5 4 7 5* 3* 1* 0 3 2 4* 6* 8 7 5* 3* 2 1 0 2 5 4 3 2 4 6
K=25 *int=10 B=26 i=37631339) 1 3 2 1 0 3 5 6 4* 3 1* 3* 5* 7 8 6* 4* 2* 0* 6 4* 2* 1 4 6
K=25 *int=10 B=26 i=37703174) 1 3 2 1 0 3 6 4* 3 1* 3* 5* 7 8 6* 4* 2* 0* 6 4* 2* 1 4 3 6
K=25 *int=5 B=31 i=37722396) 1 3 2 1 0 3 4* 7 6 5 3* 1* 0 3 2 4* 7 8 6* 5 4 3 2 1 0 2 4 6 5 4 3 2 4 6 8
K=25 *int=0 B=36 i=37837985) 1 3 2 1 3 4 3 2 1 0 1 3 5 6 5 4 3 2 1 3 5 4 3 5 7 6 5 7 8 7 6 5 4 3 2 1 0 1 3 5 4 3 2 1 3
K=25 *int=0 B=36 i=37841180) 1 3 2 1 3 4 3 2 1 0 1 3 5 7 6 5 4 3 2 1 3 5 4 3 5 7 6 5 7 8 7 6 5 4 3 2 1 0 1 3 5 4 3 2 3
K=25 *int=0 B=36 i=37867588) 1 3 2 1 3 4 3 2 1 3 5 6 5 4 3 5 7 8 7 6 5 4 3 2 1 0 1 3 2 1 3 5 4 3 5 7 6 5 4 3 2 1 3 7 8
K=25 *int=0 B=36 i=37869698) 1 3 2 1 3 4 3 2 1 3 5 7 6 5 4 3 5 7 8 7 6 5 4 3 2 1 0 1 3 2 1 3 5 4 3 5 7 6 5 4 3 2 3 7 8
K=25 *int=0 B=36 i=37928929) 1 3 2 1 3 4 3 5 6 5 4 3 2 1 0 1 3 2 1 3 5 4 3 5 7 6 5 4 3 2 1 3 5 7 8 7 6 5 4 3 2 1 0 1 3
K=25 *int=0 B=36 i=37934281) 1 3 2 1 3 4 3 5 6 5 4 3 2 1 3 5 7 8 7 6 5 4 3 2 1 0 1 3 5 7 6 5 4 3 2 1 3 5 4 3 5 7 6 7 8
K=25 *int=0 B=36 i=37943348) 1 3 2 1 3 4 3 5 6 5 7 8 7 6 5 4 3 2 1 0 1 3 5 4 3 2 1 3 5 7 6 5 4 3 2 1 3 5 7 6 5 4 3 7 8
K=25 *int=3 B=33 i=37956301) 1 3 2 1 3 4 3 5 6 8 7 5* 4 3 2 1 0 1 3 5 4 2* 1 4 6 5 4 6 8 7 6 5 4 2* 1 4 3 6 8
K=25 *int=0 B=36 i=37959301) 1 3 2 1 3 4 3 5 7 6 5 4 3 2 1 0 1 3 2 1 3 5 4 3 5 7 6 5 4 3 2 1 3 5 7 8 7 6 5 4 3 2 1 0 3
K=25 *int=0 B=36 i=37965185) 1 3 2 1 3 4 3 5 7 6 5 4 3 2 1 3 5 7 8 7 6 5 4 3 2 1 0 1 3 5 7 6 5 4 3 2 3 5 4 3 5 7 6 7 8
K=25 *int=0 B=36 i=37970327) 1 3 2 1 3 4 3 5 7 6 5 7 8 7 6 5 4 3 2 1 0 1 3 5 4 3 2 1 3 5 7 6 5 4 3 2 3 5 7 6 5 4 3 7 8
K=25 *int=0 B=36 i=37973473) 1 3 2 1 3 4 3 5 7 8 7 6 5 4 3 2 1 0 1 3 2 1 3 5 4 3 5 7 6 5 4 3 2 1 3 5 7 8 7 6 5 4 3 2 3
K=25 *int=0 B=36 i=37976532) 1 3 2 1 3 4 3 5 8 7 6 5 4 3 2 1 0 1 3 2 1 3 5 4 3 5 7 6 5 4 3 2 1 3 5 7 8 7 6 5 4 3 2 1 3
K=25 *int=1 B=35 i=37976686) 1 3 2 1 3 4 3 5 8 7 6 5 4 3 2 1 0 1 3 2 1 3 5 4 3 5 7* 6 5 4 3 2 1 3 5 7 6 5 4 3 2 3 8
K=25 *int=3 B=33 i=37990285) 1 3 2 1 3 4 3 6 5 4 6 8 7 6 5 3* 2 1 0 1 3 2 1 3* 6 5 4 6 8 7 6 5 3* 2 1 3 4 6 8
K=25 *int=1 B=35 i=38000165) 1 3 2 1 3 4 3 6 5 8 6* 5 4 3 2 1 0 1 3 5 4 3 2 1 3 5 8 7 6 5 4 3 2 1 3 5 7 6 5 4 3 7 8
K=25 *int=3 B=33 i=38060676) 1 3 2 1 3 4 5 3* 6 8 7 6 5 4 3 2 1 0 1 3 2 1 3 4 6 5 3* 6 8 7 6 5 4 2* 1 2 4 6 8
K=25 *int=7 B=29 i=38073660) 1 3 2 1 3 4 6 5 4 3 6 8 7 6 4* 2* 1 0 1* 3* 5* 8 7 6 4* 2* 1 4 3 6 8
K=25 *int=2 B=34 i=38093418) 1 3 2 1 3 4 6 5 3* 6 8 7 6 5 4 3 2 1 0 1 3 2 1 3 4 3 6 5 4 6 8 7 6 5 3* 2 1 3 4 6 8
K=25 *int=2 B=34 i=38093507) 1 3 2 1 3 4 6 5 3* 6 8 7 6 5 4 3 2 1 0 1 3 2 1 3 4 6 5 3* 6 8 7 6 5 4 3 2 1 3 4 6 8
K=25 *int=3 B=33 i=38093519) 1 3 2 1 3 4 6 5 3* 6 8 7 6 5 4 3 2 1 0 1 3 2 1 3 4 6 5 3* 6 8 7 6 5 4 2* 1 4 6 8
K=25 *int=3 B=33 i=38093602) 1 3 2 1 3 4 6 5 3* 6 8 7 6 5 4 3 2 1 0 1 3 2 1 3* 6 5 4 6 8 7 6 5 3* 2 1 3 4 6 8
K=25 *int=4 B=32 i=38093878) 1 3 2 1 3 4 6 5 3* 6 8 7 6 5 4 2* 1 0 1 2 1 3* 6 5 4 6 8 7 6 5 3* 2 1 3 4 6 8
K=25 *int=4 B=32 i=38094043) 1 3 2 1 3 4 6 5 3* 6 8 7 6 5 4 2* 1 0 1* 4 3 4 6 5 4 6 8 7 6 5 4 2* 1 4 3 6 8
K=25 *int=5 B=31 i=38094196) 1 3 2 1 3 4 6 5 3* 6 8 7 6 5 4 2* 1 0 1* 3* 6 5 4 6 8 7 6 5 4 2* 1 4 3 6 8
K=25 *int=5 B=31 i=38094206) 1 3 2 1 3 4 6 5 3* 6 8 7 6 5 4 2* 1 0 1* 3* 6 5 4 6 8 7 6 5 3* 2 1 3 4 6 8
K=25 *int=6 B=30 i=38094231) 1 3 2 1 3 4 6 5 3* 6 8 7 6 5 4 2* 1 0 1* 3* 6 5 6 8 7 6 4* 2* 1 4 3 6 8
K=25 *int=7 B=29 i=38094248) 1 3 2 1 3 4 6 5 3* 6 8 7 6 5 4 2* 1 0 1* 3* 6 5 8 6* 4* 2* 1 4 3 6 8
K=25 *int=7 B=29 i=38094282) 1 3 2 1 3 4 6 5 3* 6 8 7 6 5 4 2* 1 0 1* 3* 5* 8 7 6 4* 2* 1 4 3 6 8
K=25 *int=5 B=31 i=38094315) 1 3 2 1 3 4 6 5 3* 6 8 7 6 5 4 2* 0* 2 1 3* 6 5 4 6 8 7 6 5 3* 2 1 3 4 6 8
K=25 *int=7 B=29 i=38111674) 1 3 2 1 3 4 6 8 7 5* 3* 2 1 0 1 7* 5* 3* 2 1 3 4* 3 2 3 6* 5 4 3 6 8
K=25 *int=10 B=26 i=38126777) 1 3 2 1 3 4 7 5* 3* 2 0* 2* 4* 6* 8 7 5* 3* 1* 0 5 3* 2 3 6
K=25 *int=10 B=26 i=38127000) 1 3 2 1 3 4 7 5* 3* 2 7* 5* 3* 1* 0 1 2* 4* 6* 5 3* 2 3 6 8
K=25 *int=8 B=28 i=38130765) 1 3 2 1 3 4 8 7 5* 3* 2 1 0 1 7* 5* 3* 2 1 3 4* 6* 5 3* 2 3 4 6 8
K=25 *int=0 B=36 i=38135948) 1 3 2 1 3 5 4 3 2 1 0 1 3 5 6 5 4 3 2 1 3 5 4 3 5 7 6 5 7 8 7 6 5 4 3 2 1 0 1 3 5 4 3 2 1
K=25 *int=0 B=36 i=38139854) 1 3 2 1 3 5 4 3 2 1 0 1 3 5 7 6 5 4 3 2 1 3 5 4 3 5 7 6 5 7 8 7 6 5 4 3 2 1 0 1 3 5 4 3 2
K=25 *int=0 B=36 i=38156302) 1 3 2 1 3 5 4 3 2 1 3 5 6 5 4 3 5 7 8 7 6 5 4 3 2 1 0 1 3 2 1 3 5 4 3 5 7 6 5 4 3 2 1 7 8
K=25 *int=0 B=36 i=38158760) 1 3 2 1 3 5 4 3 2 1 3 5 7 6 5 4 3 5 7 8 7 6 5 4 3 2 1 0 1 3 2 1 3 5 4 3 5 7 6 5 4 3 2 7 8
K=25 *int=3 B=33 i=38171558) 1 3 2 1 3 5 4 3 2 5 6 8 7 5* 3* 1* 0 1 2 5 4 3 2 4 6 5 4 6 8 7 6 5 4 3 2 1 2 4 8
K=25 *int=0 B=36 i=38182542) 1 3 2 1 3 5 4 3 5 6 5 4 3 2 1 0 1 3 2 1 3 5 4 3 5 7 6 5 4 3 2 1 3 5 7 8 7 6 5 4 3 2 1 0 1
K=25 *int=0 B=36 i=38186094) 1 3 2 1 3 5 4 3 5 6 5 4 3 2 1 3 5 7 8 7 6 5 4 3 2 1 0 1 3 5 7 6 5 4 3 2 1 3 5 4 5 7 6 7 8
K=25 *int=0 B=36 i=38194129) 1 3 2 1 3 5 4 3 5 6 5 7 8 7 6 5 4 3 2 1 0 1 3 5 4 3 2 1 3 5 7 6 5 4 3 2 1 3 5 7 6 5 4 7 8
K=25 *int=7 B=29 i=38197542) 1 3 2 1 3 5 4 3 5 6 5 8 7 6 4* 2* 1 0 1* 3* 5* 8 7 6 4* 2* 1 2 4 6 8
K=25 *int=3 B=33 i=38203143) 1 3 2 1 3 5 4 3 5 6 8 7 6 5 4 3 2 1 0 1 3 2 5* 3* 1* 5 4 6 8 7 6 5 4 3 2 1 4 6 8
K=25 *int=4 B=32 i=38203748) 1 3 2 1 3 5 4 3 5 6 8 7 5* 4 3 2 1 0 1 3 2 1 3 5 4 3 5* 8 7 6 4* 2* 1 2 4 6 8
K=25 *int=5 B=31 i=38203980) 1 3 2 1 3 5 4 3 5 6 8 7 5* 4 3 2 1 0 1 3 2 1 5 3* 5* 8 7 6 4* 2* 1 2 4 6 8
K=25 *int=2 B=34 i=38204244) 1 3 2 1 3 5 4 3 5 6 8 7 5* 4 3 2 1 0 1 3 2 5 4 3 1* 4 6 5 4 6 8 7 6 5 4 3 2 1 4 6 8
K=25 *int=3 B=33 i=38204397) 1 3 2 1 3 5 4 3 5 6 8 7 5* 4 3 2 1 0 1 3 2 5 3* 1* 6 5 4 6 8 7 6 5 4 3 2 1 4 6 8
K=25 *int=4 B=32 i=38204426) 1 3 2 1 3 5 4 3 5 6 8 7 5* 4 3 2 1 0 1 3 2 5 3* 1* 5* 4 8 7 6 5 4 3 2 1 4 6 8
K=25 *int=5 B=31 i=38204436) 1 3 2 1 3 5 4 3 5 6 8 7 5* 4 3 2 1 0 1 3 2 5 3* 1* 5* 4 8 7 5* 4 3 2 1 4 8
K=25 *int=5 B=31 i=38204450) 1 3 2 1 3 5 4 3 5 6 8 7 5* 4 3 2 1 0 1 3 2 5 3* 1* 5* 8 7 6 4* 3 2 1 4 6 8
K=25 *int=2 B=34 i=38204703) 1 3 2 1 3 5 4 3 5 6 8 7 5* 4 3 2 1 0 1 3 5 4 2* 1 2 4 6 5 4 6 8 7 6 5 4 3 2 1 4 6 8
K=25 *int=3 B=33 i=38204755) 1 3 2 1 3 5 4 3 5 6 8 7 5* 4 3 2 1 0 1 3 5 4 2* 1 4 6 5 4 6 8 7 6 5 4 2* 1 4 6 8
K=25 *int=6 B=30 i=38205177) 1 3 2 1 3 5 4 3 5 6 8 7 5* 4 3 2 1 0 3 1* 5 3* 5* 8 7 6 4* 2* 1 2 4 6 8
K=25 *int=7 B=29 i=38205336) 1 3 2 1 3 5 4 3 5 6 8 7 5* 4 2* 1 0 1* 5 3* 5* 8 7 6 4* 2* 1 2 4 6 8
K=25 *int=0 B=36 i=38207414) 1 3 2 1 3 5 4 3 5 7 6 5 4 3 2 1 0 1 3 2 1 3 5 4 3 5 7 6 5 4 3 2 1 3 5 7 8 7 6 5 4 3 2 1 0
K=25 *int=1 B=35 i=38207501) 1 3 2 1 3 5 4 3 5 7 6 5 4 3 2 1 0 1 3 2 1 3 5 4 3 5 7 6 5 4 3 5 7 8 7 6 5 4 2* 1 0 2 4
K=25 *int=2 B=34 i=38209847) 1 3 2 1 3 5 4 3 5 7 6 5 4 3 2 1 0 3 5 7 8 7 6 5 4 3 1* 0 3 2 5 4 7 5* 4 3 2 4 7 6 8
K=25 *int=1 B=35 i=38210720) 1 3 2 1 3 5 4 3 5 7 6 5 4 3 2 1 3 5 7 8 7 6 5 4 3 2 1 0 1 3 2 5 7 6 5 3* 2 5 4 7 6 7 8
K=25 *int=0 B=36 i=38210758) 1 3 2 1 3 5 4 3 5 7 6 5 4 3 2 1 3 5 7 8 7 6 5 4 3 2 1 0 1 3 5 7 6 5 4 3 2 3 5 4 5 7 6 7 8
K=25 *int=0 B=36 i=38214512) 1 3 2 1 3 5 4 3 5 7 6 5 7 8 7 6 5 4 3 2 1 0 1 3 5 4 3 2 1 3 5 7 6 5 4 3 2 3 5 7 6 5 4 7 8
K=25 *int=2 B=34 i=38216248) 1 3 2 1 3 5 4 3 5 7 6 8 7 5* 4 3 2 1 0 1 3 5 4 2* 1 2 4 6 5 4 6 8 7 6 5 4 3 2 4 6 8
K=25 *int=3 B=33 i=38217177) 1 3 2 1 3 5 4 3 5 7 6 7* 5* 4 3 2 1 0 1 3 5 4 2* 1 2 4 6 5 4 6 7 6 5 4 3 2 4 6 8
K=25 *int=0 B=36 i=38217585) 1 3 2 1 3 5 4 3 5 7 8 7 6 5 4 3 2 1 0 1 3 2 1 3 5 4 3 5 7 6 5 4 3 2 1 3 5 7 8 7 6 5 4 3 2
K=25 *int=3 B=33 i=38218576) 1 3 2 1 3 5 4 3 5 7 8 6* 5 4 3 2 1 0 1 3 2 5* 3* 2 1 2 5 4 6 8 7 6 5 4 3 2 4 6 8
K=25 *int=4 B=32 i=38218604) 1 3 2 1 3 5 4 3 5 7 8 6* 5 4 3 2 1 0 1 3 2 5* 3* 1* 5 4 6 8 7 6 5 4 3 2 4 6 8
K=25 *int=2 B=34 i=38218659) 1 3 2 1 3 5 4 3 5 7 8 6* 5 4 3 2 1 0 1 3 6 5 4 2* 1 2 4 6 5 4 6 8 7 6 5 4 3 2 4 6 8
K=25 *int=3 B=33 i=38218755) 1 3 2 1 3 5 4 3 5 7 8 6* 5 4 3 2 1 0 1 3 5* 4 2* 1 2 4 5 4 6 8 7 6 5 4 3 2 4 6 8
K=25 *int=4 B=32 i=38218782) 1 3 2 1 3 5 4 3 5 7 8 6* 5 4 3 2 1 0 1 3 5* 4 2* 1 2 4* 6 8 7 6 5 4 3 2 4 6 8
K=25 *int=5 B=31 i=38218791) 1 3 2 1 3 5 4 3 5 7 8 6* 5 4 3 2 1 0 1 3 5* 4 2* 1 2 4* 6 8 7 5* 4 3 2 4 8
K=25 *int=5 B=31 i=38218803) 1 3 2 1 3 5 4 3 5 7 8 6* 5 4 3 2 1 0 1 3 5* 4 2* 1 2 4* 8 6* 5 4 3 2 4 6 8
K=25 *int=0 B=36 i=38219407) 1 3 2 1 3 5 4 3 5 8 7 6 5 4 3 2 1 0 1 3 2 1 3 5 4 3 5 7 6 5 4 3 2 1 3 5 7 8 7 6 5 4 3 2 1
K=25 *int=1 B=35 i=38219460) 1 3 2 1 3 5 4 3 5 8 7 6 5 4 3 2 1 0 1 3 2 1 3 5 4 3 5 7 6 5 4 3 5 7 8 7 6 5 4 2* 1 2 4
K=25 *int=1 B=35 i=38219578) 1 3 2 1 3 5 4 3 5 8 7 6 5 4 3 2 1 0 1 3 2 1 3 5 4 3 5 7* 6 5 4 3 2 1 3 5 7 6 5 4 3 2 8
K=25 *int=4 B=32 i=38220940) 1 3 2 1 3 5 4 3 5 8 7 6 5 4 3 2 1 0 1 3 5 7* 6 5 4 2* 1 2 4* 6* 5 4 3 2 4 6 8
K=25 *int=5 B=31 i=38221033) 1 3 2 1 3 5 4 3 5 8 7 6 5 4 3 2 1 0 1 3 7* 5* 4 2* 1 2 4* 6* 5 4 3 2 4 6 8
K=25 *int=4 B=32 i=38222094) 1 3 2 1 3 5 4 3 5 8 6* 5 4 3 2 1 0 1 3 2 5* 3* 1* 5 4 6 8 7 6 5 4 3 2 1 4 6 8
K=25 *int=6 B=30 i=38233038) 1 3 2 1 3 5 4 3 8 7 5* 4 3 2 1 0 1 3 7* 5* 4 2* 1 2 4* 6* 5 4 3 2 4 6 8
K=25 *int=8 B=28 i=38233182) 1 3 2 1 3 5 4 3 5* 8 7 6 4* 2* 1 0 1* 3* 5* 8 7 6 4* 2* 1 2 4 6 8
K=25 *int=8 B=28 i=38255515) 1 3 2 1 3 5 4 7 5* 3* 2 1 0 7* 5* 3* 1* 0 3 2 4* 6* 5 4 3 2 4 6 8
K=25 *int=8 B=28 i=38256450) 1 3 2 1 3 5 4 7 5* 3* 2 0* 2* 4* 6* 8 7 5* 3* 2 1 0 2 5 4 3 2 4 6
K=25 *int=9 B=27 i=38256461) 1 3 2 1 3 5 4 7 5* 3* 2 0* 2* 4* 6* 8 7 5* 3* 1* 0 5 4 3 2 4 6
K=25 *int=10 B=26 i=38256465) 1 3 2 1 3 5 4 7 5* 3* 2 0* 2* 4* 6* 8 7 5* 3* 1* 0 5 3* 2 6
K=25 *int=8 B=28 i=38256667) 1 3 2 1 3 5 4 7 5* 3* 2 7* 5* 3* 1* 0 1 2 3 2 4* 6* 5 4 3 2 4 6 8
K=25 *int=9 B=27 i=38256710) 1 3 2 1 3 5 4 7 5* 3* 2 7* 5* 3* 1* 0 1 2* 4* 6* 5 4 3 2 4 6 8
K=25 *int=10 B=26 i=38256717) 1 3 2 1 3 5 4 7 5* 3* 2 7* 5* 3* 1* 0 1 2* 4* 6* 5 3* 2 6 8
K=25 *int=7 B=29 i=38258627) 1 3 2 1 3 5 4 8 7 5* 3* 2 1 0 1 3 7* 5* 4 2* 1 2 4* 6* 5 4 3 2 4 6 8
K=25 *int=7 B=29 i=38258851) 1 3 2 1 3 5 4 8 7 5* 3* 2 1 0 1 7* 5* 3* 2 1 3 2 4* 6* 5 4 3 2 4 6 8
K=25 *int=8 B=28 i=38259017) 1 3 2 1 3 5 4 8 7 5* 3* 2 1 0 7* 5* 3* 1* 3 2 4* 6* 5 4 3 2 4 6 8
K=25 *int=0 B=36 i=38264728) 1 3 2 1 3 5 6 5 4 3 2 1 0 1 3 5 7 6 5 4 3 2 1 3 5 4 3 5 7 6 5 7 8 7 6 5 4 3 2 1 0 1 3 5 4
K=25 *int=0 B=36 i=38269750) 1 3 2 1 3 5 6 5 4 3 2 1 3 5 7 6 5 4 3 5 7 8 7 6 5 4 3 2 1 0 1 3 2 1 3 5 4 3 5 7 6 5 4 7 8
K=25 *int=0 B=36 i=38280699) 1 3 2 1 3 5 6 5 4 3 5 7 8 7 6 5 4 3 2 1 0 1 3 2 1 3 5 4 3 5 7 6 5 4 3 2 1 3 5 7 8 7 6 5 4
K=25 *int=1 B=35 i=38282008) 1 3 2 1 3 5 6 5 4 3 5 8 7 6 5 4 3 2 1 0 1 3 2 1 3 5 4 3 5 7* 6 5 4 3 2 1 3 5 7 6 5 4 8
K=25 *int=2 B=34 i=38301707) 1 3 2 1 3 5 6 4* 3 2 4 6 8 7 6 5 4 3 1* 0 1 2 4 3 2 4 6 5 4 6 8 7 6 5 4 3 2 1 4 6 8
K=25 *int=8 B=28 i=38304034) 1 3 2 1 3 5 6 4* 3 6 8 7 6 4* 2* 1 0 1* 3* 5* 8 7 6 4* 2* 1 4 6 8
K=25 *int=9 B=27 i=38304692) 1 3 2 1 3 5 6 4* 3 8 6* 4* 2* 1 0 1* 3* 5* 8 7 6 4* 2* 1 4 6 8
K=25 *int=10 B=26 i=38304704) 1 3 2 1 3 5 6 4* 3 8 6* 4* 2* 1 0 1* 3* 5* 7* 6 4* 2* 1 4 6
K=25 *int=0 B=36 i=38310657) 1 3 2 1 3 5 7 6 5 4 3 2 1 0 1 3 5 7 6 5 4 3 2 1 3 5 4 3 5 7 6 5 7 8 7 6 5 4 3 2 1 0 3 5 4
K=25 *int=0 B=36 i=38314042) 1 3 2 1 3 5 7 6 5 4 3 2 1 3 5 7 6 5 4 3 5 7 8 7 6 5 4 3 2 1 0 1 3 2 3 5 4 3 5 7 6 5 4 7 8
K=25 *int=0 B=36 i=38318164) 1 3 2 1 3 5 7 6 5 4 3 5 7 8 7 6 5 4 3 2 1 0 1 3 2 1 3 5 4 3 5 7 6 5 4 3 2 3 5 7 8 7 6 5 4
K=25 *int=2 B=34 i=38322876) 1 3 2 1 3 5 7 6 4* 3 2 4 6 8 7 6 5 4 3 1* 0 1 2 4 3 2 4 6 5 4 6 8 7 6 5 4 3 2 4 6 8
K=25 *int=0 B=36 i=38326094) 1 3 2 1 3 5 7 8 7 6 5 4 3 2 1 0 1 3 5 7 6 5 4 3 2 1 3 5 4 3 5 7 6 5 7 8 7 6 5 4 3 2 3 5 4
K=25 *int=0 B=36 i=38328971) 1 3 2 1 3 5 8 7 6 5 4 3 2 1 0 1 3 5 7 6 5 4 3 2 1 3 5 4 3 5 7 6 5 7 8 7 6 5 4 3 2 1 3 5 4
K=25 *int=3 B=33 i=38331345) 1 3 2 1 3 5 8 7 6 4* 3 2 1 0 1 3* 6 8 7 6 5 4 2* 1 2 4 6 5 4 6 8 7 6 5 4 3 2 4 8
K=25 *int=0 B=36 i=38335850) 1 3 2 1 3 6 5 4 3 2 1 0 1 3 5 7 6 5 4 3 2 1 3 5 4 3 5 7 6 5 7 8 7 6 5 4 3 2 1 0 1 3 5 4 3
K=25 *int=0 B=36 i=38343486) 1 3 2 1 3 6 5 4 3 2 1 3 5 7 6 5 4 3 5 7 8 7 6 5 4 3 2 1 0 1 3 2 1 3 5 4 3 5 7 6 5 4 3 7 8
K=25 *int=0 B=36 i=38357029) 1 3 2 1 3 6 5 4 3 5 7 8 7 6 5 4 3 2 1 0 1 3 2 1 3 5 4 3 5 7 6 5 4 3 2 1 3 5 7 8 7 6 5 4 3
K=25 *int=1 B=35 i=38358229) 1 3 2 1 3 6 5 4 3 5 8 7 6 5 4 3 2 1 0 1 3 2 1 3 5 4 3 5 7* 6 5 4 3 2 1 3 5 7 6 5 4 3 8
K=25 *int=2 B=34 i=38363714) 1 3 2 1 3 6 5 4 3 5* 8 7 6 5 4 3 2 1 0 1 3 2 1 3 5 4 3 5 6 8 7 5* 4 3 2 1 3 5 4 6 8
K=25 *int=8 B=28 i=38364140) 1 3 2 1 3 6 5 4 3 5* 8 7 6 4* 2* 1 0 1* 3* 5* 8 7 6 4* 2* 1 4 6 8
K=25 *int=8 B=28 i=38393194) 1 3 2 1 3 6 4* 3 6 8 7 6 4* 2* 1 0 1* 3* 5* 8 7 6 4* 2* 1 4 3 6 8
K=25 *int=9 B=27 i=38393713) 1 3 2 1 3 6 4* 3 8 6* 4* 2* 1 0 1* 3* 5* 8 7 6 4* 2* 1 4 3 6 8
K=25 *int=10 B=26 i=38393726) 1 3 2 1 3 6 4* 3 8 6* 4* 2* 1 0 1* 3* 5* 7* 6 4* 2* 1 4 3 6
K=25 *int=0 B=36 i=38398994) 1 3 2 1 3 7 6 5 4 3 2 1 0 1 3 5 7 6 5 4 3 2 1 3 5 4 3 5 7 6 5 7 8 7 6 5 4 3 2 1 0 3 5 4 3
K=25 *int=0 B=36 i=38402520) 1 3 2 1 3 7 6 5 4 3 2 1 3 5 7 6 5 4 3 5 7 8 7 6 5 4 3 2 1 0 1 3 2 3 5 4 3 5 7 6 5 4 3 7 8
K=25 *int=0 B=36 i=38406547) 1 3 2 1 3 7 6 5 4 3 5 7 8 7 6 5 4 3 2 1 0 1 3 2 1 3 5 4 3 5 7 6 5 4 3 2 3 5 7 8 7 6 5 4 3
K=25 *int=0 B=36 i=38413309) 1 3 2 1 3 7 8 7 6 5 4 3 2 1 0 1 3 5 7 6 5 4 3 2 1 3 5 4 3 5 7 6 5 7 8 7 6 5 4 3 2 3 5 4 3
K=25 *int=0 B=36 i=38415769) 1 3 2 1 3 8 7 6 5 4 3 2 1 0 1 3 5 7 6 5 4 3 2 1 3 5 4 3 5 7 6 5 7 8 7 6 5 4 3 2 1 3 5 4 3
K=25 *int=7 B=29 i=38557411) 1 3 2 1 5 3* 8 7 5* 4 3 2 1 0 1 3 7* 5* 4 2* 1 2 4* 6* 5 4 3 2 4 6 8
K=25 *int=9 B=27 i=38557476) 1 3 2 1 5 3* 5* 8 7 6 4* 2* 1 0 1* 3* 5* 8 7 6 4* 2* 1 2 4 6 8
K=25 *int=9 B=27 i=38565840) 1 3 2 1 6 5 3* 5* 8 7 6 4* 2* 1 0 1* 3* 5* 8 7 6 4* 2* 1 4 6 8
K=25 *int=4 B=32 i=38570463) 1 3 2 1 3* 6 5 4 6 8 7 6 5 3* 2 1 0 1 3 2 1 3* 6 5 4 6 8 7 6 5 3* 2 1 3 4 6 8
K=25 *int=7 B=29 i=38592199) 1 3 2 3 5 4 3 5 6 8 7 5* 4 3 1* 0 3 1* 5 3* 5* 8 7 6 4* 2* 1 2 4 6 8
K=25 *int=9 B=27 i=38597994) 1 3 2 3 5 4 7 5* 3* 1* 0 7* 5* 3* 1* 0 3 2 4* 6* 5 4 3 2 4 6 8
K=25 *int=9 B=27 i=38598193) 1 3 2 3 5 4 8 7 5* 3* 1* 0 7* 5* 3* 1* 3 2 4* 6* 5 4 3 2 4 6 8
K=25 *int=2 B=34 i=38828095) 1 3 2 4 6 5 4 3 1* 4 6 8 7 6 5 4 3 2 1 0 1 4 6 8 7 6 5 4 3 2 1 3* 6 5 4 3 6 8 7 6 8
K=25 *int=1 B=35 i=38860827) 1 3 2 4 6 8 7 6 5 4 3 1* 0 1 2 4 6 5 4 3 2 4 6 8 7 6 5 4 3 2 1 2 4 6 8 7 6 5 4 3 4 6 8
K=25 *int=1 B=35 i=38891669) 1 3 2 4 8 7 6 5 4 3 1* 0 1 2 4 6 5 4 3 2 4 6 8 7 6 5 4 3 2 1 2 4 6 8 7 6 5 4 3 2 4 6 8
K=25 *int=7 B=29 i=39045018) 1 3 2 5 3* 1* 0 7 5* 3* 1* 0 7 5* 3* 2 5 4 6 8 7 6 5 4 3 2 1 0 2 4 8
K=25 *int=7 B=29 i=39112258) 1 3 2 6 8 7 6 5 3* 1* 0 5* 3* 1* 8 7 5* 3* 2 1 5 4 6 8 7 6 5 4 3 4 8
K=25 *int=4 B=32 i=39129952) 1 3 2 0* 3 5 4 3 5 7 6 5 4 2* 1 0 2 4* 7 8 6* 5 4 3 2 1 0 2 4 6 5 4 3 2 4 6 8
K=25 *int=0 B=36 i=39204978) 1 3 4 3 2 1 0 1 3 2 1 3 5 4 3 5 6 5 4 3 2 1 3 5 7 8 7 6 5 4 3 2 1 0 1 3 5 7 6 5 4 3 2 1 3
K=25 *int=0 B=36 i=39206274) 1 3 4 3 2 1 0 1 3 2 1 3 5 4 3 5 7 6 5 4 3 2 1 3 5 7 8 7 6 5 4 3 2 1 0 1 3 5 7 6 5 4 3 2 3
K=25 *int=0 B=36 i=39266756) 1 3 4 3 2 1 0 1 3 5 4 3 2 1 3 5 6 5 4 3 2 1 3 5 7 6 5 4 3 5 7 8 7 6 5 4 3 2 1 0 1 3 2 1 3
K=25 *int=1 B=35 i=39269931) 1 3 4 3 2 1 0 1 3 5 4 3 2 1 3 5 7 6 5 4 3 2 1 0 3 5 7 6 5 4 3 5 7 8 7 6 5 4 3 1* 0 3 2
K=25 *int=0 B=36 i=39270209) 1 3 4 3 2 1 0 1 3 5 4 3 2 1 3 5 7 6 5 4 3 2 1 3 5 7 6 5 4 3 5 7 8 7 6 5 4 3 2 1 0 1 3 2 3
K=25 *int=0 B=36 i=39293407) 1 3 4 3 2 1 0 1 3 5 6 5 4 3 2 1 3 5 4 3 5 7 6 5 7 8 7 6 5 4 3 2 1 0 1 3 5 4 3 2 1 3 5 7 6
K=25 *int=0 B=36 i=39308582) 1 3 4 3 2 1 0 1 3 5 7 6 5 4 3 2 1 3 5 4 3 5 7 6 5 7 8 7 6 5 4 3 2 1 0 1 3 5 4 3 2 3 5 7 6
K=25 *int=3 B=33 i=39320518) 1 3 4 3 2 1 0 1 3 6 5 4 3 2 1 3 5* 8 7 6 4* 3 2 1 0 1 3* 6 8 7 6 5 4 3 2 1 3 6 8
K=25 *int=0 B=36 i=39530837) 1 3 4 3 2 1 3 5 4 3 5 6 5 7 8 7 6 5 4 3 2 1 0 1 3 5 4 3 2 1 3 5 7 6 5 4 3 2 1 3 5 7 6 7 8
K=25 *int=0 B=36 i=39535471) 1 3 4 3 2 1 3 5 4 3 5 7 6 5 7 8 7 6 5 4 3 2 1 0 1 3 5 4 3 2 1 3 5 7 6 5 4 3 2 3 5 7 6 7 8
K=25 *int=0 B=36 i=39562151) 1 3 4 3 2 1 3 5 6 5 4 3 2 1 0 1 3 5 7 6 5 4 3 2 1 3 5 4 3 5 7 6 5 7 8 7 6 5 4 3 2 1 0 1 3
K=25 *int=1 B=35 i=39562176) 1 3 4 3 2 1 3 5 6 5 4 3 2 1 0 1 3 5 7 6 5 4 3 2 1 3 5 4 3 5 7 8 6* 5 4 3 2 1 0 1 3 6 8
K=25 *int=0 B=36 i=39565610) 1 3 4 3 2 1 3 5 6 5 4 3 2 1 3 5 7 6 5 4 3 5 7 8 7 6 5 4 3 2 1 0 1 3 2 1 3 5 4 3 5 7 6 7 8
K=25 *int=0 B=36 i=39572351) 1 3 4 3 2 1 3 5 6 5 4 3 5 7 8 7 6 5 4 3 2 1 0 1 3 2 1 3 5 4 3 5 7 6 5 4 3 2 1 3 5 7 8 7 6
K=25 *int=1 B=35 i=39573337) 1 3 4 3 2 1 3 5 6 5 4 3 5 8 7 6 5 4 3 2 1 0 1 3 2 1 3 5 4 3 5 7* 6 5 4 3 2 1 3 5 7 6 8
K=25 *int=0 B=36 i=39592543) 1 3 4 3 2 1 3 5 7 6 5 4 3 2 1 0 1 3 5 7 6 5 4 3 2 1 3 5 4 3 5 7 6 5 7 8 7 6 5 4 3 2 1 0 3
K=25 *int=1 B=35 i=39592565) 1 3 4 3 2 1 3 5 7 6 5 4 3 2 1 0 1 3 5 7 6 5 4 3 2 1 3 5 4 3 5 7 8 6* 5 4 3 2 1 0 3 6 8
K=25 *int=0 B=36 i=39595224) 1 3 4 3 2 1 3 5 7 6 5 4 3 2 1 3 5 7 6 5 4 3 5 7 8 7 6 5 4 3 2 1 0 1 3 2 3 5 4 3 5 7 6 7 8
K=25 *int=0 B=36 i=39598175) 1 3 4 3 2 1 3 5 7 6 5 4 3 5 7 8 7 6 5 4 3 2 1 0 1 3 2 1 3 5 4 3 5 7 6 5 4 3 2 3 5 7 8 7 6
K=25 *int=0 B=36 i=39603529) 1 3 4 3 2 1 3 5 7 8 7 6 5 4 3 2 1 0 1 3 5 7 6 5 4 3 2 1 3 5 4 3 5 7 6 5 7 8 7 6 5 4 3 2 3
K=25 *int=1 B=35 i=39603545) 1 3 4 3 2 1 3 5 7 8 7 6 5 4 3 2 1 0 1 3 5 7 6 5 4 3 2 1 3 5 4 3 5 7 8 6* 5 4 3 2 3 6 8
K=25 *int=0 B=36 i=39605730) 1 3 4 3 2 1 3 5 8 7 6 5 4 3 2 1 0 1 3 5 7 6 5 4 3 2 1 3 5 4 3 5 7 6 5 7 8 7 6 5 4 3 2 1 3
K=25 *int=1 B=35 i=39605747) 1 3 4 3 2 1 3 5 8 7 6 5 4 3 2 1 0 1 3 5 7 6 5 4 3 2 1 3 5 4 3 5 7 8 6* 5 4 3 2 1 3 6 8
K=25 *int=0 B=36 i=39822093) 1 3 4 3 5 6 5 4 3 2 1 0 1 3 2 1 3 5 4 3 5 7 6 5 4 3 2 1 3 5 7 8 7 6 5 4 3 2 1 0 1 3 5 7 6
K=25 *int=0 B=36 i=39834816) 1 3 4 3 5 6 5 4 3 2 1 3 5 7 8 7 6 5 4 3 2 1 0 1 3 5 7 6 5 4 3 2 1 3 5 4 3 5 7 6 5 7 8 7 6
K=25 *int=0 B=36 i=39851875) 1 3 4 3 5 6 5 7 8 7 6 5 4 3 2 1 0 1 3 5 4 3 2 1 3 5 7 6 5 4 3 2 1 3 5 7 6 5 4 3 5 7 8 7 6
K=25 *int=0 B=36 i=39874564) 1 3 4 3 5 7 6 5 4 3 2 1 0 1 3 2 1 3 5 4 3 5 7 6 5 4 3 2 1 3 5 7 8 7 6 5 4 3 2 1 0 3 5 7 6
K=25 *int=0 B=36 i=39886121) 1 3 4 3 5 7 6 5 4 3 2 1 3 5 7 8 7 6 5 4 3 2 1 0 1 3 5 7 6 5 4 3 2 3 5 4 3 5 7 6 5 7 8 7 6
K=25 *int=0 B=36 i=39895609) 1 3 4 3 5 7 6 5 7 8 7 6 5 4 3 2 1 0 1 3 5 4 3 2 1 3 5 7 6 5 4 3 2 3 5 7 6 5 4 3 5 7 8 7 6
K=25 *int=0 B=36 i=39899897) 1 3 4 3 5 7 8 7 6 5 4 3 2 1 0 1 3 2 1 3 5 4 3 5 7 6 5 4 3 2 1 3 5 7 8 7 6 5 4 3 2 3 5 7 6
K=25 *int=0 B=36 i=39904950) 1 3 4 3 5 8 7 6 5 4 3 2 1 0 1 3 2 1 3 5 4 3 5 7 6 5 4 3 2 1 3 5 7 8 7 6 5 4 3 2 1 3 5 7 6
K=25 *int=1 B=35 i=39950707) 1 3 4 3 6 5 8 6* 5 4 3 2 1 0 1 3 5 4 3 2 1 3 5 8 7 6 5 4 3 2 1 3 5 7 6 5 4 3 5 7 8 7 6
K=25 *int=8 B=28 i=40113298) 1 3 4 5 3* 2 6 8 7 6 5 3* 1* 0 5* 3* 1* 8 7 5* 3* 2 1 5 6 8 7 6 8
K=25 *int=2 B=34 i=40149294) 1 3 4 6 5 4 3 2 1 3* 6 8 7 6 5 4 3 2 1 0 1 3 6 8 7 6 5 4 3 2 1 3 5* 4 3 5 6 8 7 6 8
K=25 *int=2 B=34 i=40198366) 1 3 4 6 5 3* 2 1 3 4 6 8 7 6 5 4 3 2 1 0 1 3 6 8 7 6 5 4 3 2 1 3 5* 4 3 5 6 8 7 6 8
K=25 *int=3 B=33 i=40199806) 1 3 4 6 5 3* 2 1 3 6 8 7 6 4* 3 2 1 0 1 3 6 8 7 6 5 4 3 2 1 3 5* 4 3 5 6 8 7 6 8
K=25 *int=3 B=33 i=40199833) 1 3 4 6 5 3* 2 1 3 6 8 7 6 4* 3 2 1 0 1 3 6 8 7 5* 4 3 2 1 3 5 4 3 6 5 6 8 7 6 8
K=25 *int=4 B=32 i=40199841) 1 3 4 6 5 3* 2 1 3 6 8 7 6 4* 3 2 1 0 1 3 6 8 7 5* 4 3 2 1 3 5 4 3 5* 8 7 6 8
K=25 *int=4 B=32 i=40199883) 1 3 4 6 5 3* 2 1 3 6 8 7 6 4* 3 2 1 0 1 3 8 6* 5 4 3 2 1 3 5* 4 3 5 6 8 7 6 8
K=25 *int=5 B=31 i=40200338) 1 3 4 6 5 3* 2 1 3 6 7* 6 4* 3 2 1 0 1 3 6* 5 4 3 2 1 3 5* 4 3 5 6 8 7 6 8
K=25 *int=5 B=31 i=40200905) 1 3 4 6 5 3* 2 1 3 8 6* 4* 3 2 1 0 1 3 8 6* 5 4 3 2 1 3 5* 4 3 5 6 8 7 6 8
K=25 *int=2 B=34 i=40252098) 1 3 4 6 8 7 6 5 3* 2 1 0 1 3 2 4 6 5 4 3 1* 4 6 8 7 6 5 4 3 2 1 4 6 8 7 6 5 4 3 6 8
K=25 *int=8 B=28 i=40253295) 1 3 4 6 8 7 6 5 3* 2 1 0 1 3 6 4* 2* 1 8 6* 4* 2* 1 8 6* 4* 3 6 8
K=25 *int=9 B=27 i=40258251) 1 3 4 6 8 7 5* 3* 2 1 0 1 3 4* 2* 1 8 6* 4* 2* 1 8 6* 4* 3 6 8
K=25 *int=10 B=26 i=40262419) 1 3 4 6 7* 5* 3* 2 1 0 1 3 4* 2* 1 6* 4* 2* 1 8 6* 4* 3 6 8
K=25 *int=10 B=26 i=40290800) 1 3 4 7 6 7* 5* 3* 2 1 0 1 3 4* 2* 1 6* 4* 2* 8 6* 4* 3 6 8
K=25 *int=1 B=35 i=40319223) 1 3 4 2* 1 0 2 4 5 4 6 7 6 5 4 3 2 1 0 2 4 3 2 4 6 5 4 6 8 7 6 5 4 3 2 1 0 2 4 3 2 6 8
K=25 *int=1 B=35 i=40320706) 1 3 4 2* 1 0 2 4 5 4 6 8 7 6 5 4 3 2 1 0 2 4 3 2 4 6 5 4 6 8 7 6 5 4 3 2 1 2 4 3 2 6 8
K=25 *int=1 B=35 i=40330847) 1 3 4 2* 1 0 2 4 6 5 4 6 7 6 5 4 3 2 1 0 2 4 3 2 4 6 5 4 6 8 7 6 5 4 3 2 1 0 2 4 3 6 8
K=25 *int=1 B=35 i=40332155) 1 3 4 2* 1 0 2 4 6 5 4 6 8 7 6 5 4 3 2 1 0 2 4 3 2 4 6 5 4 6 8 7 6 5 4 3 2 1 2 4 3 6 8
K=25 *int=3 B=33 i=40385533) 1 3 4 2* 1 4 6 5 4 6 8 7 6 5 4 2* 1 0 1 4 3 2 1 3 6 5 4 3 5* 8 7 6 5 4 3 2 1 3 8
K=25 *int=4 B=32 i=40404815) 1 3 4 2* 4 6 5 4 6 8 7 6 5 4 3 1* 0 1 4 2* 1 4 6 5 3* 6 8 7 6 5 4 3 2 1 3 6 8
K=25 *int=5 B=31 i=40405112) 1 3 4 2* 4 6 5 4 6 8 7 6 5 3* 1* 0 1 2* 1 4 6 5 3* 6 8 7 6 5 4 3 2 1 3 6 8
K=25 *int=6 B=30 i=40411427) 1 3 4 2* 6 4* 6 8 7 6 5 3* 1* 0 1 2* 1 4 6 5 3* 6 8 7 6 5 4 3 2 1 3 6 8
K=25 *int=7 B=29 i=40411554) 1 3 4 2* 6 4* 6 8 7 5* 3* 1* 0 1 2* 1 4 5 3* 6 8 7 6 5 4 3 2 1 3 6 8
K=25 *int=7 B=29 i=40411582) 1 3 4 2* 6 4* 6 8 7 5* 3* 1* 0 1 2* 1 4* 3 4 6 8 7 6 5 4 3 2 1 3 6 8
K=25 *int=8 B=28 i=40411603) 1 3 4 2* 6 4* 6 8 7 5* 3* 1* 0 1 2* 1 4* 3 6 8 7 6 4* 3 2 1 3 6 8
K=25 *int=9 B=27 i=40411618) 1 3 4 2* 6 4* 6 8 7 5* 3* 1* 0 1 2* 1 4* 3 8 6* 4* 3 2 1 3 6 8
K=25 *int=10 B=26 i=40411867) 1 3 4 2* 6 4* 6 7* 5* 3* 1* 0 1 2* 1 4* 3 6* 4* 3 2 1 3 6 8
K=25 *int=7 B=29 i=40412606) 1 3 4 2* 6 4* 8 6* 5 3* 1* 0 1 2* 1 4 6 5 3* 6 8 7 6 5 4 3 2 1 3 6 8
K=25 *int=10 B=26 i=40434279) 1 3 4 2* 0* 6 4* 2* 6 4* 6* 8 7 5* 3* 1* 0 1 3 4* 3 2 1 3 6
K=25 *int=8 B=28 i=40439409) 1 3 4 2* 4* 6 8 7 5* 3* 1* 0 1 2* 4* 3 1* 4 6 8 7 6 5 4 3 2 1 6 8
K=25 *int=0 B=36 i=40443060) 1 3 5 4 3 2 1 0 1 3 2 1 3 5 4 3 5 6 5 4 3 2 1 3 5 7 8 7 6 5 4 3 2 1 0 1 3 5 7 6 5 4 3 2 1
K=25 *int=0 B=36 i=40444760) 1 3 5 4 3 2 1 0 1 3 2 1 3 5 4 3 5 7 6 5 4 3 2 1 3 5 7 8 7 6 5 4 3 2 1 0 1 3 5 7 6 5 4 3 2
K=25 *int=0 B=36 i=40485706) 1 3 5 4 3 2 1 0 1 3 5 4 3 2 1 3 5 6 5 4 3 2 1 3 5 7 6 5 4 3 5 7 8 7 6 5 4 3 2 1 0 1 3 2 1
K=25 *int=0 B=36 i=40488226) 1 3 5 4 3 2 1 0 1 3 5 4 3 2 1 3 5 7 6 5 4 3 2 1 3 5 7 6 5 4 3 5 7 8 7 6 5 4 3 2 1 0 1 3 2
K=25 *int=0 B=36 i=40509393) 1 3 5 4 3 2 1 0 1 3 5 6 5 4 3 2 1 3 5 4 3 5 7 6 5 7 8 7 6 5 4 3 2 1 0 1 3 5 4 3 2 1 5 7 6
K=25 *int=7 B=29 i=40525117) 1 3 5 4 3 2 1 0 1 3 5 6 4* 2* 1 8 6* 4* 2* 1 0 1 8 6* 4* 3 2 1 4 6 8
K=25 *int=8 B=28 i=40525253) 1 3 5 4 3 2 1 0 1 3 5 6 4* 2* 1 6* 4* 2* 8 6* 4* 3 1* 0 1 2 4 6 8
K=25 *int=0 B=36 i=40527919) 1 3 5 4 3 2 1 0 1 3 5 7 6 5 4 3 2 1 3 5 4 3 5 7 6 5 7 8 7 6 5 4 3 2 1 0 1 3 5 4 3 2 5 7 6
K=25 *int=7 B=29 i=40533369) 1 3 5 4 3 2 1 0 1 3 5 7 6 4* 2* 1 0 6* 4* 2* 8 6* 4* 3 2 1 0 2 4 6 8
K=25 *int=3 B=33 i=40565970) 1 3 5 4 3 2 1 0 3 5 4 7 5* 3* 1* 0 3 2 4 7 6 5 4 3 2 4 6 8 7 6 5 4 3 2 1 0 2 6 8
K=25 *int=3 B=33 i=40596457) 1 3 5 4 3 2 1 0 3 5 7 6 5 4 3 2 1 0 2* 5 7 6 4* 3 2 4 6* 8 7 6 5 4 3 2 1 0 2 4 6
K=25 *int=2 B=34 i=40599993) 1 3 5 4 3 2 1 0 3 5 7 6 5 4 3 1* 0 3 2 5 4 7 6 5 4 3 2 4 6* 8 7 6 5 4 3 2 1 0 2 4 6
K=25 *int=2 B=34 i=40600096) 1 3 5 4 3 2 1 0 3 5 7 6 5 4 3 1* 0 3 2 5 4 7 5* 4 3 2 4 7 6 8 7 6 5 4 3 2 1 0 2 4 6
K=25 *int=3 B=33 i=40600113) 1 3 5 4 3 2 1 0 3 5 7 6 5 4 3 1* 0 3 2 5 4 7 5* 4 3 2 4 7 8 6* 5 4 3 2 1 0 2 4 6
K=25 *int=3 B=33 i=40600269) 1 3 5 4 3 2 1 0 3 5 7 6 5 4 3 1* 0 3 2 5 7 6 4* 3 2 4 6* 8 7 6 5 4 3 2 1 0 2 4 6
K=25 *int=4 B=32 i=40600884) 1 3 5 4 3 2 1 0 3 5 7 6 5 4 3 1* 0 3 5 7 6 5 4 2* 5 7 8 6* 4* 3 2 1 0 2 4 6 8
K=25 *int=4 B=32 i=40600992) 1 3 5 4 3 2 1 0 3 5 7 6 5 4 3 1* 0 3 5 7 6 4* 2* 4 6* 8 7 6 5 4 3 2 1 0 2 4 6
K=25 *int=5 B=31 i=40601001) 1 3 5 4 3 2 1 0 3 5 7 6 5 4 3 1* 0 3 5 7 6 4* 2* 4 6* 8 7 6 5 3* 2 1 0 2 6
K=25 *int=5 B=31 i=40601026) 1 3 5 4 3 2 1 0 3 5 7 6 5 4 3 1* 0 3 5 7 6 4* 2* 7 8 6* 4* 3 2 1 0 2 4 6 8
K=25 *int=5 B=31 i=40601050) 1 3 5 4 3 2 1 0 3 5 7 6 5 4 3 1* 0 3 5 7 6 4* 2* 6* 8 7 6 4* 3 2 1 0 2 4 6
K=25 *int=6 B=30 i=40601182) 1 3 5 4 3 2 1 0 3 5 7 6 5 4 3 1* 0 3 5 6* 4* 2* 8 6* 4* 3 2 1 0 2 4 6 8
K=25 *int=7 B=29 i=40605393) 1 3 5 4 3 2 1 0 3 5 7 6 4* 3 1* 0 3 6* 4* 2* 8 6* 4* 3 2 1 0 2 4 6 8
K=25 *int=7 B=29 i=40624374) 1 3 5 4 3 2 1 0 3 7 5* 4 3 1* 0 3 5 6* 4* 2* 8 6* 4* 3 2 1 0 2 4 6 8
K=25 *int=0 B=36 i=40636483) 1 3 5 4 3 2 1 3 5 4 3 5 6 5 7 8 7 6 5 4 3 2 1 0 1 3 5 4 3 2 1 3 5 7 6 5 4 3 2 1 5 7 6 7 8
K=25 *int=0 B=36 i=40638832) 1 3 5 4 3 2 1 3 5 4 3 5 7 6 5 7 8 7 6 5 4 3 2 1 0 1 3 5 4 3 2 1 3 5 7 6 5 4 3 2 5 7 6 7 8
K=25 *int=0 B=36 i=40656257) 1 3 5 4 3 2 1 3 5 6 5 4 3 2 1 0 1 3 5 7 6 5 4 3 2 1 3 5 4 3 5 7 6 5 7 8 7 6 5 4 3 2 1 0 1
K=25 *int=1 B=35 i=40656278) 1 3 5 4 3 2 1 3 5 6 5 4 3 2 1 0 1 3 5 7 6 5 4 3 2 1 3 5 4 3 5 7 8 6* 5 4 3 2 1 0 1 6 8
K=25 *int=0 B=36 i=40660037) 1 3 5 4 3 2 1 3 5 6 5 4 3 2 1 3 5 7 6 5 4 3 5 7 8 7 6 5 4 3 2 1 0 1 3 2 1 3 5 4 5 7 6 7 8
K=25 *int=0 B=36 i=40667599) 1 3 5 4 3 2 1 3 5 6 5 4 3 5 7 8 7 6 5 4 3 2 1 0 1 3 2 1 3 5 4 3 5 7 6 5 4 3 2 1 5 7 8 7 6
K=25 *int=3 B=33 i=40668443) 1 3 5 4 3 2 1 3 5 6 5 4 3 5 7 8 6* 5 4 2* 1 0 1* 4 6 5 4 3 2 1 4 6 5 4 6 8 7 6 8
K=25 *int=1 B=35 i=40668646) 1 3 5 4 3 2 1 3 5 6 5 4 3 5 8 7 6 5 4 3 2 1 0 1 3 2 1 3 5 4 3 5 7* 6 5 4 3 2 1 5 7 6 8
K=25 *int=3 B=33 i=40677061) 1 3 5 4 3 2 1 3 5 6 5 8 7 6 4* 3 2 1 0 1 3* 6 8 7 6 5 4 2* 1 2 4 6 5 4 6 8 7 6 8
K=25 *int=3 B=33 i=40679938) 1 3 5 4 3 2 1 3 5 6 7 5* 4 3 2 1 0 3 5 4 6 8 7 6 5 3* 1* 0 3 2 4 6 5 4 6 8 7 6 8
K=25 *int=2 B=34 i=40682762) 1 3 5 4 3 2 1 3 5 6 8 7 5* 4 3 2 1 0 1 3 5 4 3 6 8 7 6 5 4 2* 1 2 4 6 5 4 6 8 7 6 8
K=25 *int=2 B=34 i=40682809) 1 3 5 4 3 2 1 3 5 6 8 7 5* 4 3 2 1 0 1 3 5 4 6 8 7 6 5 3* 2 1 3 2 4 6 5 4 6 8 7 6 8
K=25 *int=3 B=33 i=40683049) 1 3 5 4 3 2 1 3 5 6 8 7 5* 4 3 2 1 0 1 5 3* 6 8 7 6 5 4 2* 1 2 4 6 5 4 6 8 7 6 8
K=25 *int=3 B=33 i=40683114) 1 3 5 4 3 2 1 3 5 6 8 7 5* 4 3 2 1 0 3 5 4 6 8 7 6 5 3* 1* 3 2 4 6 5 4 6 8 7 6 8
K=25 *int=0 B=36 i=40689553) 1 3 5 4 3 2 1 3 5 7 6 5 4 3 2 1 0 1 3 5 7 6 5 4 3 2 1 3 5 4 3 5 7 6 5 7 8 7 6 5 4 3 2 1 0
K=25 *int=1 B=35 i=40689573) 1 3 5 4 3 2 1 3 5 7 6 5 4 3 2 1 0 1 3 5 7 6 5 4 3 2 1 3 5 4 3 5 7 8 6* 5 4 3 2 1 0 6 8
K=25 *int=1 B=35 i=40691250) 1 3 5 4 3 2 1 3 5 7 6 5 4 3 2 1 0 3 5 7 6 5 4 3 5 7 8 7 6 5 4 3 1* 0 3 2 5 4 5 7 6 7 8
K=25 *int=4 B=32 i=40691661) 1 3 5 4 3 2 1 3 5 7 6 5 4 3 2 1 0 3 5 7 8 6* 5 4 3 1* 0 5* 3* 2 5 4 6 8 7 6 8
K=25 *int=5 B=31 i=40692077) 1 3 5 4 3 2 1 3 5 7 6 5 4 3 2 1 0 5 7 8 6* 5 3* 1* 0 5* 3* 2 5 4 6 8 7 6 8
K=25 *int=0 B=36 i=40692469) 1 3 5 4 3 2 1 3 5 7 6 5 4 3 2 1 3 5 7 6 5 4 3 5 7 8 7 6 5 4 3 2 1 0 1 3 2 3 5 4 5 7 6 7 8
K=25 *int=3 B=33 i=40694065) 1 3 5 4 3 2 1 3 5 7 6 5 4 3 2 5 7 6 8 7 5* 3* 1* 0 1 2 5 4 3 2 4 6 5 4 6 8 7 6 8
K=25 *int=4 B=32 i=40694164) 1 3 5 4 3 2 1 3 5 7 6 5 4 3 2 5 7 6 7* 5* 3* 1* 0 1 2 5 4 3 2 4 6 5 4 6 7 6 8
K=25 *int=2 B=34 i=40694435) 1 3 5 4 3 2 1 3 5 7 6 5 4 3 2 5 7 8 6* 5 4 3 1* 0 1 2 4 6 5 4 3 2 4 6 5 4 6 8 7 6 8
K=25 *int=3 B=33 i=40694573) 1 3 5 4 3 2 1 3 5 7 6 5 4 3 2 5 7 8 6* 5 3* 1* 0 1 2 6 5 4 3 2 4 6 5 4 6 8 7 6 8
K=25 *int=4 B=32 i=40694593) 1 3 5 4 3 2 1 3 5 7 6 5 4 3 2 5 7 8 6* 5 3* 1* 0 1 2 5* 4 3 2 4 5 4 6 8 7 6 8
K=25 *int=5 B=31 i=40694606) 1 3 5 4 3 2 1 3 5 7 6 5 4 3 2 5 7 8 6* 5 3* 1* 0 1 2 5* 4 3 2 4* 6 8 7 6 8
K=25 *int=5 B=31 i=40694617) 1 3 5 4 3 2 1 3 5 7 6 5 4 3 2 5 7 8 6* 5 3* 1* 0 1 2 5* 3* 2 5 4 6 8 7 6 8
K=25 *int=4 B=32 i=40695281) 1 3 5 4 3 2 1 3 5 7 6 5 4 3 2 0* 2* 5 7 6 4* 3 2 4 6* 8 7 6 5 4 3 2 1 0 2 4 6
K=25 *int=0 B=36 i=40695993) 1 3 5 4 3 2 1 3 5 7 6 5 4 3 5 7 8 7 6 5 4 3 2 1 0 1 3 2 1 3 5 4 3 5 7 6 5 4 3 2 5 7 8 7 6
K=25 *int=2 B=34 i=40696456) 1 3 5 4 3 2 1 3 5 7 6 5 4 3 5 7 8 6* 5 4 2* 1 0 2 1 2 4 6 5 4 3 2 4 6 5 4 6 8 7 6 8
K=25 *int=3 B=33 i=40696523) 1 3 5 4 3 2 1 3 5 7 6 5 4 3 5 7 8 6* 5 4 2* 1 0 1* 4 6 5 4 3 2 4 6 5 4 6 8 7 6 8
K=25 *int=0 B=36 i=40701465) 1 3 5 4 3 2 1 3 5 7 8 7 6 5 4 3 2 1 0 1 3 5 7 6 5 4 3 2 1 3 5 4 3 5 7 6 5 7 8 7 6 5 4 3 2
K=25 *int=1 B=35 i=40701480) 1 3 5 4 3 2 1 3 5 7 8 7 6 5 4 3 2 1 0 1 3 5 7 6 5 4 3 2 1 3 5 4 3 5 7 8 6* 5 4 3 2 6 8
K=25 *int=0 B=36 i=40703445) 1 3 5 4 3 2 1 3 5 8 7 6 5 4 3 2 1 0 1 3 5 7 6 5 4 3 2 1 3 5 4 3 5 7 6 5 7 8 7 6 5 4 3 2 1
K=25 *int=1 B=35 i=40703464) 1 3 5 4 3 2 1 3 5 8 7 6 5 4 3 2 1 0 1 3 5 7 6 5 4 3 2 1 3 5 4 3 5 7 8 6* 5 4 3 2 1 6 8
K=25 *int=2 B=34 i=40704241) 1 3 5 4 3 2 1 3 5 8 7 6 5 4 3 2 1 0 1 3 5 7* 6 5 4 3 2 1 3 5 7 6 4* 3 2 4 6 8 7 6 8
K=25 *int=4 B=32 i=40723584) 1 3 5 4 3 2 1 3 5* 8 7 6 4* 3 2 1 0 1 3* 6 8 7 6 5 4 2* 1 2 4 6 5 4 6 8 7 6 8
K=25 *int=4 B=32 i=40725869) 1 3 5 4 3 2 1 5 6 8 7 5* 3* 2 1 0 1 5 3* 6 8 7 6 5 4 2* 1 2 4 6 5 4 6 8 7 6 8
K=25 *int=6 B=30 i=40737509) 1 3 5 4 3 2 3 5 7 6 5 4 3 1* 0 5 7 8 6* 5 3* 1* 0 5* 3* 2 5 4 6 8 7 6 8
K=25 *int=7 B=29 i=40755759) 1 3 5 4 3 2 5 6 8 7 6 5 3* 1* 0 5* 3* 1* 8 7 5* 3* 2 1 5 4 6 8 7 6 8
K=25 *int=5 B=31 i=40756919) 1 3 5 4 3 2 5 6 8 7 5* 3* 1* 0 1 5 3* 6 8 7 6 5 4 2* 1 2 4 6 5 4 6 8 7 6 8
K=25 *int=4 B=32 i=40757106) 1 3 5 4 3 2 5 6 8 7 5* 3* 1* 0 5 4 3 1* 4 6 8 7 6 5 4 3 2 1 4 6 5 4 6 8 7 6 8
K=25 *int=5 B=31 i=40757262) 1 3 5 4 3 2 5 6 8 7 5* 3* 1* 0 5 3* 1* 6 8 7 6 5 4 3 2 1 4 6 5 4 6 8 7 6 8
K=25 *int=6 B=30 i=40757280) 1 3 5 4 3 2 5 6 8 7 5* 3* 1* 0 5 3* 1* 6 8 7 6 5 3* 2 1 6 5 4 6 8 7 6 8
K=25 *int=7 B=29 i=40757289) 1 3 5 4 3 2 5 6 8 7 5* 3* 1* 0 5 3* 1* 6 8 7 6 5 3* 2 1 5* 4 8 7 6 8
K=25 *int=7 B=29 i=40757302) 1 3 5 4 3 2 5 6 8 7 5* 3* 1* 0 5 3* 1* 6 8 7 5* 3* 2 1 5 4 6 8 7 6 8
K=25 *int=7 B=29 i=40763405) 1 3 5 4 3 2 5 7 6 5 3* 1* 0 5 7 8 6* 5 3* 1* 0 5* 3* 2 5 4 6 8 7 6 8
K=25 *int=7 B=29 i=40763528) 1 3 5 4 3 2 5 7 6 5 3* 1* 0 7 8 7 5* 3* 1* 0 7 5* 3* 2 5 4 6 8 7 6 8
K=25 *int=8 B=28 i=40763705) 1 3 5 4 3 2 5 7 6 5 3* 1* 0 7* 5* 3* 1* 0 7 5* 3* 2 5 4 6 8 7 6 8
K=25 *int=8 B=28 i=40766140) 1 3 5 4 3 2 5 7 8 6* 5 3* 1* 0 5* 3* 1* 8 7 5* 3* 2 5 4 6 8 7 6 8
K=25 *int=9 B=27 i=40766157) 1 3 5 4 3 2 5 7 8 6* 5 3* 1* 0 5* 3* 1* 7* 5* 3* 2 5 4 6 7 6 8
K=25 *int=10 B=26 i=40766160) 1 3 5 4 3 2 5 7 8 6* 5 3* 1* 0 5* 3* 1* 7* 5* 3* 2 5 4 6* 8
K=25 *int=8 B=28 i=40767925) 1 3 5 4 3 2 5 8 7 6 5 3* 1* 0 7* 5* 3* 1* 7 5* 3* 2 5 4 6 8 7 6 8
K=25 *int=8 B=28 i=40768688) 1 3 5 4 3 2 5 8 6* 5 3* 1* 0 5* 3* 1* 8 7 5* 3* 2 1 5 4 6 8 7 6 8
K=25 *int=9 B=27 i=40768710) 1 3 5 4 3 2 5 8 6* 5 3* 1* 0 5* 3* 1* 7* 5* 3* 2 1 5 4 6 7 6 8
K=25 *int=10 B=26 i=40768713) 1 3 5 4 3 2 5 8 6* 5 3* 1* 0 5* 3* 1* 7* 5* 3* 2 1 5 4 6* 8
K=25 *int=9 B=27 i=40778555) 1 3 5 4 3 2 7 5* 3* 1* 0 7* 5* 3* 1* 0 7 5* 3* 2 5 4 6 8 7 6 8
K=25 *int=9 B=27 i=40778962) 1 3 5 4 3 2 8 7 5* 3* 1* 0 7* 5* 3* 1* 7 5* 3* 2 5 4 6 8 7 6 8
K=25 *int=8 B=28 i=40779158) 1 3 5 4 3 2 0* 3 5 7 6 4* 2* 1 0 6* 4* 2* 8 6* 4* 3 2 1 0 2 4 6 8
K=25 *int=0 B=36 i=40787787) 1 3 5 4 3 5 6 5 4 3 2 1 0 1 3 2 1 3 5 4 3 5 7 6 5 4 3 2 1 3 5 7 8 7 6 5 4 3 2 1 0 1 5 7 6
K=25 *int=0 B=36 i=40793038) 1 3 5 4 3 5 6 5 4 3 2 1 3 5 7 8 7 6 5 4 3 2 1 0 1 3 5 7 6 5 4 3 2 1 3 5 4 5 7 6 5 7 8 7 6
K=25 *int=0 B=36 i=40805834) 1 3 5 4 3 5 6 5 7 8 7 6 5 4 3 2 1 0 1 3 5 4 3 2 1 3 5 7 6 5 4 3 2 1 3 5 7 6 5 4 5 7 8 7 6
K=25 *int=0 B=36 i=40823661) 1 3 5 4 3 5 7 6 5 4 3 2 1 0 1 3 2 1 3 5 4 3 5 7 6 5 4 3 2 1 3 5 7 8 7 6 5 4 3 2 1 0 5 7 6
K=25 *int=0 B=36 i=40827979) 1 3 5 4 3 5 7 6 5 4 3 2 1 3 5 7 8 7 6 5 4 3 2 1 0 1 3 5 7 6 5 4 3 2 3 5 4 5 7 6 5 7 8 7 6
K=25 *int=3 B=33 i=40831139) 1 3 5 4 3 5 7 6 5 4 2* 1 0 2 4* 7 8 6* 5 4 3 2 1 0 2 4 6 5 4 3 2 4 6 5 6 8 7 6 8
K=25 *int=0 B=36 i=40833335) 1 3 5 4 3 5 7 6 5 7 8 7 6 5 4 3 2 1 0 1 3 5 4 3 2 1 3 5 7 6 5 4 3 2 3 5 7 6 5 4 5 7 8 7 6
K=25 *int=0 B=36 i=40837063) 1 3 5 4 3 5 7 8 7 6 5 4 3 2 1 0 1 3 2 1 3 5 4 3 5 7 6 5 4 3 2 1 3 5 7 8 7 6 5 4 3 2 5 7 6
K=25 *int=2 B=34 i=40838680) 1 3 5 4 3 5 7 8 6* 5 4 2* 1 0 2 4 6 5 4 3 2 1 2 4 6 8 7 6 5 4 3 2 4 6 5 4 6 8 7 6 8
K=25 *int=0 B=36 i=40839365) 1 3 5 4 3 5 8 7 6 5 4 3 2 1 0 1 3 2 1 3 5 4 3 5 7 6 5 4 3 2 1 3 5 7 8 7 6 5 4 3 2 1 5 7 6
K=25 *int=2 B=34 i=40894927) 1 3 5 4 6 8 7 6 5 3* 2 1 0 1 3 2 4 6 5 4 3 1* 4 6 8 7 6 5 4 3 2 1 4 6 8 7 6 5 4 6 8
K=25 *int=1 B=35 i=40924022) 1 3 5 4 2* 1 0 2 4 6 5 4 6 7 6 5 4 3 2 1 0 2 4 3 2 4 6 5 4 6 8 7 6 5 4 3 2 1 0 2 4 6 8
K=25 *int=1 B=35 i=40924554) 1 3 5 4 2* 1 0 2 4 6 5 4 6 8 7 6 5 4 3 2 1 0 2 4 3 2 4 6 5 4 6 8 7 6 5 4 3 2 1 2 4 6 8
K=25 *int=7 B=29 i=40960756) 1 3 5 4 2* 5 7 6 5 4 3 1* 0 5 7 8 6* 5 3* 1* 0 5* 3* 2 5 4 6 8 7 6 8
K=25 *int=9 B=27 i=40970315) 1 3 5 4 2* 0* 5 7 6 4* 2* 1 0 6* 4* 2* 8 6* 4* 3 2 1 0 2 4 6 8
K=25 *int=7 B=29 i=40977242) 1 3 5 4 2* 4* 6 8 7 5* 3* 1* 0 1 2* 4* 3 2 4 6 8 7 6 5 4 3 2 1 2 6 8
K=25 *int=0 B=36 i=40986395) 1 3 5 6 5 4 3 2 1 0 1 3 2 1 3 5 4 3 5 7 6 5 4 3 2 1 3 5 7 8 7 6 5 4 3 2 1 0 1 3 5 7 6 5 4
K=25 *int=0 B=36 i=40998692) 1 3 5 6 5 4 3 2 1 0 1 3 5 4 3 2 1 3 5 7 6 5 4 3 2 1 3 5 7 6 5 4 3 5 7 8 7 6 5 4 3 2 1 0 1
K=25 *int=1 B=35 i=40998723) 1 3 5 6 5 4 3 2 1 0 1 3 5 4 3 2 1 3 5 7 6 5 4 3 2 1 3 5 7 6 5 7 8 7 6 4* 3 2 1 0 1 4 6
K=25 *int=0 B=36 i=41008750) 1 3 5 6 5 4 3 2 1 0 1 3 5 7 6 5 4 3 2 1 3 5 4 3 5 7 6 5 7 8 7 6 5 4 3 2 1 0 1 3 5 4 5 7 6
K=25 *int=1 B=35 i=41035185) 1 3 5 6 5 4 3 2 1 3 5 4 3 5 7 6 5 7 8 7 6 5 4 3 2 1 0 1 3 5 4 3 2 1 3 5 4 7 5* 4 7 6 8
K=25 *int=0 B=36 i=41035198) 1 3 5 6 5 4 3 2 1 3 5 4 3 5 7 6 5 7 8 7 6 5 4 3 2 1 0 1 3 5 4 3 2 1 3 5 7 6 5 4 5 7 6 7 8
K=25 *int=0 B=36 i=41045699) 1 3 5 6 5 4 3 2 1 3 5 7 6 5 4 3 5 7 8 7 6 5 4 3 2 1 0 1 3 2 1 3 5 4 3 5 7 6 5 4 5 7 8 7 6
K=25 *int=0 B=36 i=41048562) 1 3 5 6 5 4 3 2 1 3 5 7 8 7 6 5 4 3 2 1 0 1 3 5 7 6 5 4 3 2 1 3 5 4 3 5 7 6 5 7 8 7 6 5 4
K=25 *int=1 B=35 i=41048576) 1 3 5 6 5 4 3 2 1 3 5 7 8 7 6 5 4 3 2 1 0 1 3 5 7 6 5 4 3 2 1 3 5 4 3 5 7 8 6* 5 4 6 8
K=25 *int=0 B=36 i=41072820) 1 3 5 6 5 4 3 5 7 8 7 6 5 4 3 2 1 0 1 3 2 1 3 5 4 3 5 7 6 5 4 3 2 1 3 5 7 8 7 6 5 4 5 7 6
K=25 *int=0 B=36 i=41103776) 1 3 5 6 5 7 8 7 6 5 4 3 2 1 0 1 3 5 4 3 2 1 3 5 7 6 5 4 3 2 1 3 5 7 6 5 4 3 5 7 8 7 6 5 4
K=25 *int=8 B=28 i=41131080) 1 3 5 6 7 5* 4 2* 4* 6 8 7 5* 3* 1* 0 1 2* 4* 3 4 6 8 7 6 5 4 6 8
K=25 *int=2 B=34 i=41136882) 1 3 5 6 8 7 6 5 4 3 2 1 0 1 3 5* 4 3 2 1 3 5 4 6 8 7 6 5 3* 2 1 3 4 6 8 7 6 5 4 6 8
K=25 *int=2 B=34 i=41141664) 1 3 5 6 8 7 5* 4 3 2 1 0 1 3 5 4 3 2 1 3 6 5 4 6 8 7 6 5 3* 2 1 3 4 6 8 7 6 5 4 6 8
K=25 *int=3 B=33 i=41141893) 1 3 5 6 8 7 5* 4 3 2 1 0 1 3 5 4 3 2 1 3 5* 4 8 7 6 5 3* 2 1 3 4 6 8 7 6 5 4 6 8
K=25 *int=4 B=32 i=41141927) 1 3 5 6 8 7 5* 4 3 2 1 0 1 3 5 4 3 2 1 3 5* 4 8 7 5* 3* 2 1 3 4 8 7 6 5 4 6 8
K=25 *int=5 B=31 i=41141933) 1 3 5 6 8 7 5* 4 3 2 1 0 1 3 5 4 3 2 1 3 5* 4 8 7 5* 3* 2 1 3 4 7* 6 5 4 6
K=25 *int=5 B=31 i=41141963) 1 3 5 6 8 7 5* 4 3 2 1 0 1 3 5 4 3 2 1 3 5* 4 7* 5* 3* 2 1 3 4 7 6 5 4 6 8
K=25 *int=3 B=33 i=41142018) 1 3 5 6 8 7 5* 4 3 2 1 0 1 3 5 4 3 2 1 3 5* 8 7 6 4* 3 2 1 4 3 4 6 8 7 6 5 4 6 8
K=25 *int=4 B=32 i=41142043) 1 3 5 6 8 7 5* 4 3 2 1 0 1 3 5 4 3 2 1 3 5* 8 7 6 4* 3 2 1 3* 6 8 7 6 5 4 6 8
K=25 *int=3 B=33 i=41154131) 1 3 5 6 4* 3 2 1 3* 6 8 7 6 5 4 3 2 1 0 1 3 6 8 7 6 5 4 3 2 1 3 5* 4 5 6 8 7 6 8
K=25 *int=4 B=32 i=41167018) 1 3 5 6 4* 2* 1 4 6 8 7 6 5 4 2* 1 0 1 4 6 8 7 6 5 3* 2 1 3 4 6 5 4 6 8 7 6 8
K=25 *int=5 B=31 i=41167643) 1 3 5 6 4* 2* 1 6 8 7 6 4* 2* 1 0 1 4 6 8 7 6 5 3* 2 1 3 4 6 5 4 6 8 7 6 8
K=25 *int=6 B=30 i=41167761) 1 3 5 6 4* 2* 1 8 6* 4* 2* 1 0 1 4 6 8 7 6 5 3* 2 1 3 4 6 5 4 6 8 7 6 8
K=25 *int=7 B=29 i=41167787) 1 3 5 6 4* 2* 1 8 6* 4* 2* 1 0 1 4 6 7* 6 5 3* 2 1 3 4 6 5 4 6 7 6 8
K=25 *int=7 B=29 i=41167816) 1 3 5 6 4* 2* 1 8 6* 4* 2* 1 0 1 4 8 6* 5 3* 2 1 3 4 6 5 4 6 8 7 6 8
K=25 *int=7 B=29 i=41167873) 1 3 5 6 4* 2* 1 8 6* 4* 2* 1 0 1 8 6* 4* 3 2 1 4 3 4 6 5 4 6 8 7 6 8
K=25 *int=8 B=28 i=41167891) 1 3 5 6 4* 2* 1 8 6* 4* 2* 1 0 1 8 6* 4* 3 2 1 3* 6 5 4 6 8 7 6 8
K=25 *int=9 B=27 i=41167900) 1 3 5 6 4* 2* 1 8 6* 4* 2* 1 0 1 8 6* 4* 3 2 1 3* 5* 4 8 7 6 8
K=25 *int=10 B=26 i=41167902) 1 3 5 6 4* 2* 1 8 6* 4* 2* 1 0 1 8 6* 4* 3 2 1 3* 5* 4 7* 6
K=25 *int=8 B=28 i=41168203) 1 3 5 6 4* 2* 1 6* 4* 2* 8 6* 4* 3 1* 0 1 2 4 3 4 6 5 4 6 8 7 6 8
K=25 *int=0 B=36 i=41178599) 1 3 5 7 6 5 4 3 2 1 0 1 3 2 1 3 5 4 3 5 7 6 5 4 3 2 1 3 5 7 8 7 6 5 4 3 2 1 0 3 5 7 6 5 4
K=25 *int=0 B=36 i=41189301) 1 3 5 7 6 5 4 3 2 1 0 1 3 5 4 3 2 1 3 5 7 6 5 4 3 2 1 3 5 7 6 5 4 3 5 7 8 7 6 5 4 3 2 1 0
K=25 *int=1 B=35 i=41189333) 1 3 5 7 6 5 4 3 2 1 0 1 3 5 4 3 2 1 3 5 7 6 5 4 3 2 1 3 5 7 6 5 7 8 7 6 4* 3 2 1 0 4 6
K=25 *int=2 B=34 i=41189814) 1 3 5 7 6 5 4 3 2 1 0 1 3 5 4 3 2 1 3 5 7 6 5 4 3 5 7 8 6* 5 4 2* 1 0 2 4 6 5 4 6 8
K=25 *int=2 B=34 i=41193887) 1 3 5 7 6 5 4 3 2 1 0 1 3 5 4 3 5 7 8 6* 5 4 2* 1 0 2 4 6 5 4 3 2 4 6 8 7 6 5 4 6 8
K=25 *int=0 B=36 i=41197278) 1 3 5 7 6 5 4 3 2 1 0 1 3 5 7 6 5 4 3 2 1 3 5 4 3 5 7 6 5 7 8 7 6 5 4 3 2 1 0 3 5 4 5 7 6
K=25 *int=2 B=34 i=41204610) 1 3 5 7 6 5 4 3 2 1 0 3 5 4 3 5 7 8 6* 5 4 3 1* 0 3 2 4 6 5 4 3 2 4 6 8 7 6 5 4 6 8
K=25 *int=3 B=33 i=41205401) 1 3 5 7 6 5 4 3 2 1 0 3 5 4 5 7 8 6* 5 3* 1* 0 3 2 4 6 5 4 3 2 4 6 8 7 6 5 4 6 8
K=25 *int=3 B=33 i=41206295) 1 3 5 7 6 5 4 3 2 1 0 3 5 4 7 8 7 5* 3* 1* 0 3 2 4 7 6 5 4 3 2 4 6 8 7 6 5 4 6 8
K=25 *int=4 B=32 i=41207007) 1 3 5 7 6 5 4 3 2 1 0 3 5 4 7* 5* 3* 1* 0 3 2 4 7 6 5 4 3 2 4 6 8 7 6 5 4 6 8
K=25 *int=4 B=32 i=41210839) 1 3 5 7 6 5 4 3 2 1 0 3 4* 7 8 6* 5 3* 1* 0 3 2 4 6 5 4 3 2 4 6 8 7 6 5 4 6 8
K=25 *int=1 B=35 i=41213386) 1 3 5 7 6 5 4 3 2 1 3 5 4 3 5 7 6 5 7 8 7 6 5 4 3 2 1 0 1 3 5 4 3 2 3 5 4 7 5* 4 7 6 8
K=25 *int=0 B=36 i=41213399) 1 3 5 7 6 5 4 3 2 1 3 5 4 3 5 7 6 5 7 8 7 6 5 4 3 2 1 0 1 3 5 4 3 2 3 5 7 6 5 4 5 7 6 7 8
K=25 *int=0 B=36 i=41217220) 1 3 5 7 6 5 4 3 2 1 3 5 7 6 5 4 3 5 7 8 7 6 5 4 3 2 1 0 1 3 2 3 5 4 3 5 7 6 5 4 5 7 8 7 6
K=25 *int=0 B=36 i=41218856) 1 3 5 7 6 5 4 3 2 1 3 5 7 8 7 6 5 4 3 2 1 0 1 3 5 7 6 5 4 3 2 3 5 4 3 5 7 6 5 7 8 7 6 5 4
K=25 *int=1 B=35 i=41218868) 1 3 5 7 6 5 4 3 2 1 3 5 7 8 7 6 5 4 3 2 1 0 1 3 5 7 6 5 4 3 2 3 5 4 3 5 7 8 6* 5 4 6 8
K=25 *int=3 B=33 i=41224542) 1 3 5 7 6 5 4 3 2 5 7 8 7 6 5 3* 1* 0 1 2 5 4 3 2 4 7 6 5 4 3 2 4 6* 8 7 6 5 4 6
K=25 *int=3 B=33 i=41226471) 1 3 5 7 6 5 4 3 2 0* 3 5 4 3 5 7 8 6* 5 4 2* 1 0 2 4 6 5 4 3 2 4 6 8 7 6 5 4 6 8
K=25 *int=3 B=33 i=41226973) 1 3 5 7 6 5 4 3 2 0* 2* 5 4 3 2 5 7 6 5 4 7 8 7 5* 4 3 2 1 0 2 4 3 2 4 7 6 5 4 6
K=25 *int=0 B=36 i=41229235) 1 3 5 7 6 5 4 3 5 7 8 7 6 5 4 3 2 1 0 1 3 2 1 3 5 4 3 5 7 6 5 4 3 2 3 5 7 8 7 6 5 4 5 7 6
K=25 *int=5 B=31 i=41235176) 1 3 5 7 6 5 4 2* 1 0 4* 7 8 6* 5 3* 1* 0 3 2 4 6 5 4 3 2 4 6 8 7 6 5 4 6 8
K=25 *int=8 B=28 i=41238947) 1 3 5 7 6 5 4 2* 0* 4* 2* 7 6 4* 7 8 6* 5 3* 1* 0 3 2 4 6 5 4 6 8
K=25 *int=8 B=28 i=41238986) 1 3 5 7 6 5 4 2* 0* 4* 2* 7 6 4* 6* 8 7 6 5 3* 1* 0 3 2 4 6 5 4 6
K=25 *int=9 B=27 i=41239003) 1 3 5 7 6 5 4 2* 0* 4* 2* 7 6 4* 6* 8 7 5* 3* 1* 0 3 2 4 5 4 6
K=25 *int=10 B=26 i=41239006) 1 3 5 7 6 5 4 2* 0* 4* 2* 7 6 4* 6* 8 7 5* 3* 1* 0 3 2 4* 6
K=25 *int=9 B=27 i=41239113) 1 3 5 7 6 5 4 2* 0* 4* 2* 6* 4* 8 6* 5 3* 1* 0 3 2 4 6 5 4 6 8
K=25 *int=7 B=29 i=41239444) 1 3 5 7 6 5 4 2* 4* 7 6 8 7 5* 3* 1* 0 1 2* 4* 3 2 4 6 8 7 6 5 4 6 8
K=25 *int=8 B=28 i=41239610) 1 3 5 7 6 5 4 2* 4* 7 6 7* 5* 3* 1* 0 1 2* 4* 3 2 4 6 7 6 5 4 6 8
K=25 *int=9 B=27 i=41239617) 1 3 5 7 6 5 4 2* 4* 7 6 7* 5* 3* 1* 0 1 2* 4* 3 2 4 6* 5 4 6 8
K=25 *int=10 B=26 i=41239626) 1 3 5 7 6 5 4 2* 4* 7 6 7* 5* 3* 1* 0 1 2* 4* 3 2 6* 4* 6 8
K=25 *int=4 B=32 i=41239739) 1 3 5 7 6 5 4 2* 4* 7 8 6* 5 4 3 1* 0 1 2 4 3 2 4 6 5 4 3 2 4 6 8 7 6 5 4 6 8
K=25 *int=5 B=31 i=41239835) 1 3 5 7 6 5 4 2* 4* 7 8 6* 5 3* 1* 0 1 2 3 2 4 6 5 4 3 2 4 6 8 7 6 5 4 6 8
K=25 *int=6 B=30 i=41239874) 1 3 5 7 6 5 4 2* 4* 7 8 6* 5 3* 1* 0 1 2* 4 6 5 4 3 2 4 6 8 7 6 5 4 6 8
K=25 *int=7 B=29 i=41239891) 1 3 5 7 6 5 4 2* 4* 7 8 6* 5 3* 1* 0 1 2* 4 6 5 3* 2 6 8 7 6 5 4 6 8
K=25 *int=7 B=29 i=41239915) 1 3 5 7 6 5 4 2* 4* 7 8 6* 5 3* 1* 0 1 2* 6 4* 3 2 4 6 8 7 6 5 4 6 8
K=25 *int=0 B=36 i=41240434) 1 3 5 7 6 5 7 8 7 6 5 4 3 2 1 0 1 3 5 4 3 2 1 3 5 7 6 5 4 3 2 3 5 7 6 5 4 3 5 7 8 7 6 5 4
K=25 *int=7 B=29 i=41252668) 1 3 5 7 6 4* 2* 1 0 6* 4* 2* 8 6* 4* 3 2 1 0 2 4 3 4 6 5 4 6 8 7 6 8
K=25 *int=0 B=36 i=41258868) 1 3 5 7 8 7 6 5 4 3 2 1 0 1 3 2 1 3 5 4 3 5 7 6 5 4 3 2 1 3 5 7 8 7 6 5 4 3 2 3 5 7 6 5 4
K=25 *int=0 B=36 i=41261115) 1 3 5 7 8 7 6 5 4 3 2 1 0 1 3 5 4 3 2 1 3 5 7 6 5 4 3 2 1 3 5 7 6 5 4 3 5 7 8 7 6 5 4 3 2
K=25 *int=1 B=35 i=41261137) 1 3 5 7 8 7 6 5 4 3 2 1 0 1 3 5 4 3 2 1 3 5 7 6 5 4 3 2 1 3 5 7 6 5 7 8 7 6 4* 3 2 4 6
K=25 *int=1 B=35 i=41263179) 1 3 5 7 8 7 6 5 4 3 2 1 0 1 3 5 7 6 5 4 3 2 1 3 5 4 3 2 5 7 6 5 7 8 7 6 5 3* 2 5 4 7 6
K=25 *int=0 B=36 i=41263306) 1 3 5 7 8 7 6 5 4 3 2 1 0 1 3 5 7 6 5 4 3 2 1 3 5 4 3 5 7 6 5 7 8 7 6 5 4 3 2 3 5 4 5 7 6
K=25 *int=3 B=33 i=41268931) 1 3 5 7 8 6* 5 4 3 2 1 0 1 3 5* 4 3 2 1 3 5 4 6 8 7 6 5 3* 2 3 4 6 8 7 6 5 4 6 8
K=25 *int=7 B=29 i=41270584) 1 3 5 7 8 6* 4* 3 2 1 0 1 3* 2 5* 3* 2 1 2 7* 5* 4 3 2 4 7 6 5 4 6 8
K=25 *int=8 B=28 i=41270634) 1 3 5 7 8 6* 4* 3 2 1 0 1 3* 2 5* 3* 1* 7* 5* 4 3 2 4 7 6 5 4 6 8
K=25 *int=9 B=27 i=41270645) 1 3 5 7 8 6* 4* 3 2 1 0 1 3* 2 5* 3* 1* 7* 5* 3* 2 7 6 5 4 6 8
K=25 *int=10 B=26 i=41270649) 1 3 5 7 8 6* 4* 3 2 1 0 1 3* 2 5* 3* 1* 7* 5* 3* 2 7 5* 4 8
K=25 *int=4 B=32 i=41270719) 1 3 5 7 8 6* 4* 3 2 1 0 1 3* 6 5 4 2* 1 2 4 6 8 7 6 5 4 3 2 4 6 8 7 6 5 4 6 8
K=25 *int=5 B=31 i=41270835) 1 3 5 7 8 6* 4* 3 2 1 0 1 3* 5* 4 2* 1 2 4 8 7 6 5 4 3 2 4 6 8 7 6 5 4 6 8
K=25 *int=6 B=30 i=41270857) 1 3 5 7 8 6* 4* 3 2 1 0 1 3* 5* 4 2* 1 2 4 7* 6 5 4 3 2 4 6 7 6 5 4 6 8
K=25 *int=7 B=29 i=41270864) 1 3 5 7 8 6* 4* 3 2 1 0 1 3* 5* 4 2* 1 2 4 7* 6 5 4 3 2 4 6* 5 4 6 8
K=25 *int=7 B=29 i=41270881) 1 3 5 7 8 6* 4* 3 2 1 0 1 3* 5* 4 2* 1 2 4 7* 5* 4 3 2 4 7 6 5 4 6 8
K=25 *int=0 B=36 i=41272364) 1 3 5 8 7 6 5 4 3 2 1 0 1 3 2 1 3 5 4 3 5 7 6 5 4 3 2 1 3 5 7 8 7 6 5 4 3 2 1 3 5 7 6 5 4
K=25 *int=0 B=36 i=41280839) 1 3 5 8 7 6 5 4 3 2 1 0 1 3 5 4 3 2 1 3 5 7 6 5 4 3 2 1 3 5 7 6 5 4 3 5 7 8 7 6 5 4 3 2 1
K=25 *int=1 B=35 i=41280862) 1 3 5 8 7 6 5 4 3 2 1 0 1 3 5 4 3 2 1 3 5 7 6 5 4 3 2 1 3 5 7 6 5 7 8 7 6 4* 3 2 1 4 6
K=25 *int=2 B=34 i=41281174) 1 3 5 8 7 6 5 4 3 2 1 0 1 3 5 4 3 2 1 3 5 7 6 5 4 3 5 7 8 6* 5 4 2* 1 2 4 6 5 4 6 8
K=25 *int=2 B=34 i=41284483) 1 3 5 8 7 6 5 4 3 2 1 0 1 3 5 4 3 5 7 8 6* 5 4 2* 1 2 4 6 5 4 3 2 4 6 8 7 6 5 4 6 8
K=25 *int=2 B=34 i=41284591) 1 3 5 8 7 6 5 4 3 2 1 0 1 3 5 4 3 5 7* 6 5 4 2* 1 2 4 7 6 5 4 3 2 4 6 8 7 6 5 4 6 8
K=25 *int=3 B=33 i=41284742) 1 3 5 8 7 6 5 4 3 2 1 0 1 3 5 4 3 7* 5* 4 2* 1 2 4 7 6 5 4 3 2 4 6 8 7 6 5 4 6 8
K=25 *int=3 B=33 i=41287123) 1 3 5 8 7 6 5 4 3 2 1 0 1 3 5 4 7* 5* 3* 2 1 3 2 4 7 6 5 4 3 2 4 6 8 7 6 5 4 6 8
K=25 *int=0 B=36 i=41287339) 1 3 5 8 7 6 5 4 3 2 1 0 1 3 5 7 6 5 4 3 2 1 3 5 4 3 5 7 6 5 7 8 7 6 5 4 3 2 1 3 5 4 5 7 6
K=25 *int=4 B=32 i=41290018) 1 3 5 8 7 6 5 4 3 2 1 0 1 5 3* 7* 5* 4 2* 1 2 4 7 6 5 4 3 2 4 6 8 7 6 5 4 6 8
K=25 *int=4 B=32 i=41292172) 1 3 5 8 7 6 5 4 3 2 1 0 3 5 4 7* 5* 3* 1* 3 2 4 7 6 5 4 3 2 4 6 8 7 6 5 4 6 8
K=25 *int=5 B=31 i=41297002) 1 3 5 8 7 6 4* 3 2 1 0 1 3* 7* 5* 4 2* 1 2 4 7 6 5 4 3 2 4 6 8 7 6 5 4 6 8
K=25 *int=7 B=29 i=41298908) 1 3 5 8 7 6 4* 2* 1 0 1* 3* 5* 8 7 6 4* 2* 1 2 4 6 8 7 6 5 4 3 2 4 6
K=25 *int=3 B=33 i=41300529) 1 3 5 8 6* 5 4 3 2 1 0 1 3 5 4 3 5 8 6* 5 4 2* 1 2 4 6 5 4 3 2 4 6 8 7 6 5 4 6 8
K=25 *int=3 B=33 i=41300788) 1 3 5 8 6* 5 4 3 2 1 0 1 3 5* 4 3 2 1 3 5 4 6 8 7 6 5 3* 2 1 3 4 6 8 7 6 5 4 6 8
K=25 *int=8 B=28 i=41302777) 1 3 5 8 6* 4* 3 2 1 0 1 3* 2 1 5* 3* 7* 5* 4 2* 1 2 4 7 6 5 4 6 8
K=25 *int=8 B=28 i=41303154) 1 3 5 8 6* 4* 3 2 1 0 1 3* 2 5* 3* 1* 7* 5* 4 3 2 1 4 7 6 5 4 6 8
K=25 *int=9 B=27 i=41303166) 1 3 5 8 6* 4* 3 2 1 0 1 3* 2 5* 3* 1* 7* 5* 3* 2 1 7 6 5 4 6 8
K=25 *int=10 B=26 i=41303170) 1 3 5 8 6* 4* 3 2 1 0 1 3* 2 5* 3* 1* 7* 5* 3* 2 1 7 5* 4 8
K=25 *int=9 B=27 i=41303812) 1 3 5 8 6* 4* 3 2 1 0 3* 1* 5* 3* 7* 5* 4 2* 1 2 4 7 6 5 4 6 8
K=25 *int=0 B=36 i=41308273) 1 3 6 5 4 3 2 1 0 1 3 2 1 3 5 4 3 5 7 6 5 4 3 2 1 3 5 7 8 7 6 5 4 3 2 1 0 1 3 5 7 6 5 4 3
K=25 *int=0 B=36 i=41326374) 1 3 6 5 4 3 2 1 0 1 3 5 4 3 2 1 3 5 7 6 5 4 3 2 1 3 5 7 6 5 4 3 5 7 8 7 6 5 4 3 2 1 0 1 3
K=25 *int=0 B=36 i=41335356) 1 3 6 5 4 3 2 1 0 1 3 5 7 6 5 4 3 2 1 3 5 4 3 5 7 6 5 7 8 7 6 5 4 3 2 1 0 1 3 5 4 3 5 7 6
K=25 *int=0 B=36 i=41372959) 1 3 6 5 4 3 2 1 3 5 4 3 5 7 6 5 7 8 7 6 5 4 3 2 1 0 1 3 5 4 3 2 1 3 5 7 6 5 4 3 5 7 6 7 8
K=25 *int=2 B=34 i=41378222) 1 3 6 5 4 3 2 1 3 5 6 8 7 5* 4 3 2 1 0 1 3 5 4 6 8 7 6 5 3* 2 1 3 4 6 5 4 6 8 7 6 8
K=25 *int=0 B=36 i=41381801) 1 3 6 5 4 3 2 1 3 5 7 6 5 4 3 5 7 8 7 6 5 4 3 2 1 0 1 3 2 1 3 5 4 3 5 7 6 5 4 3 5 7 8 7 6
K=25 *int=0 B=36 i=41384966) 1 3 6 5 4 3 2 1 3 5 7 8 7 6 5 4 3 2 1 0 1 3 5 7 6 5 4 3 2 1 3 5 4 3 5 7 6 5 7 8 7 6 5 4 3
K=25 *int=1 B=35 i=41384980) 1 3 6 5 4 3 2 1 3 5 7 8 7 6 5 4 3 2 1 0 1 3 5 7 6 5 4 3 2 1 3 5 4 3 5 7 8 6* 5 4 3 6 8
K=25 *int=2 B=34 i=41386345) 1 3 6 5 4 3 2 1 3 5 8 7 6 5 4 3 2 1 0 1 3 5 7* 6 5 4 3 2 1 3 5 7 6 4* 3 4 6 8 7 6 8
K=25 *int=2 B=34 i=41395321) 1 3 6 5 4 3 2 1 3 5* 8 7 6 5 4 3 2 1 0 1 3 5 4 6 8 7 6 5 3* 2 1 3 4 6 5 4 6 8 7 6 8
K=25 *int=3 B=33 i=41395456) 1 3 6 5 4 3 2 1 3 5* 8 7 6 4* 3 2 1 0 1 3 4 6 8 7 6 5 3* 2 1 3 4 6 5 4 6 8 7 6 8
K=25 *int=3 B=33 i=41395547) 1 3 6 5 4 3 2 1 3 5* 8 7 6 4* 3 2 1 0 1 3* 6 8 7 6 5 4 3 2 1 3 4 6 5 4 6 8 7 6 8
K=25 *int=4 B=32 i=41395570) 1 3 6 5 4 3 2 1 3 5* 8 7 6 4* 3 2 1 0 1 3* 6 8 7 6 5 4 2* 1 4 6 5 4 6 8 7 6 8
K=25 *int=4 B=32 i=41395690) 1 3 6 5 4 3 2 1 3 5* 8 7 6 4* 2* 1 0 1 4 6 8 7 6 5 3* 2 1 3 4 6 5 4 6 8 7 6 8
K=25 *int=0 B=36 i=41421634) 1 3 6 5 4 3 5 7 8 7 6 5 4 3 2 1 0 1 3 2 1 3 5 4 3 5 7 6 5 4 3 2 1 3 5 7 8 7 6 5 4 3 5 7 6
K=25 *int=3 B=33 i=41433244) 1 3 6 5 4 6 8 7 6 5 3* 2 1 0 1 3 2 1 3* 6 5 4 6 8 7 6 5 3* 2 1 3 4 6 8 7 6 5 4 6
K=25 *int=1 B=35 i=41443432) 1 3 6 5 4 2* 1 0 2 4 6 5 4 6 7 6 5 4 3 2 1 0 2 4 3 2 4 6 5 4 6 8 7 6 5 4 3 2 1 0 4 6 8
K=25 *int=1 B=35 i=41443980) 1 3 6 5 4 2* 1 0 2 4 6 5 4 6 8 7 6 5 4 3 2 1 0 2 4 3 2 4 6 5 4 6 8 7 6 5 4 3 2 1 4 6 8
K=25 *int=5 B=31 i=41459997) 1 3 6 5 4 2* 1 5* 8 7 6 4* 2* 1 0 1 4 6 8 7 6 5 3* 2 1 3 4 6 5 4 6 8 7 6 8
K=25 *int=7 B=29 i=41461946) 1 3 6 5 4 2* 6 7 6 4* 6 8 7 5* 3* 1* 0 1 2* 1 4* 3 4 6 8 7 6 5 4 6 8
K=25 *int=0 B=36 i=41486024) 1 3 6 5 7 8 7 6 5 4 3 2 1 0 1 3 5 4 3 2 1 3 5 7 6 5 4 3 2 1 3 5 7 6 5 4 3 5 7 8 7 6 5 4 3
K=25 *int=1 B=35 i=41486044) 1 3 6 5 7 8 7 6 5 4 3 2 1 0 1 3 5 4 3 2 1 3 5 7 6 5 4 3 2 1 3 5 7 6 5 7 8 7 6 4* 3 4 6
K=25 *int=4 B=32 i=41497828) 1 3 6 5 8 6* 5 4 3 2 1 0 1 3 5 4 3 2 1 3 5 6 5 4 7* 5* 3* 2 1 3 4 7 6 5 4 6 8
K=25 *int=1 B=35 i=41497941) 1 3 6 5 8 6* 5 4 3 2 1 0 1 3 5 4 3 2 1 3 5 8 7 6 5 4 3 2 1 3 5 7 6 5 4 3 5 7 8 7 6 5 4
K=25 *int=5 B=31 i=41498040) 1 3 6 5 8 6* 5 4 3 2 1 0 1 3 5 4 3 2 1 3 5* 4 7* 5* 3* 2 1 3 4 7 6 5 4 6 8
K=25 *int=3 B=33 i=41498423) 1 3 6 5 8 6* 5 4 3 2 1 0 1 3 5 4 3 5 8 6* 5 4 2* 1 2 4 6 5 4 3 4 6 8 7 6 5 4 6 8
K=25 *int=6 B=30 i=41499654) 1 3 6 5 8 6* 4* 3 2 1 0 1 3 4 3 2 1 3 5* 4 7* 5* 3* 2 1 3 4 7 6 5 4 6 8
K=25 *int=7 B=29 i=41499915) 1 3 6 5 8 6* 4* 3 2 1 0 1 3* 2 1 3 5* 4 7* 5* 3* 2 1 3 4 7 6 5 4 6 8
K=25 *int=7 B=29 i=41500053) 1 3 6 5 8 6* 4* 3 2 1 0 1 3* 2 1 5* 3* 7* 5* 4 3 2 1 3 4 7 6 5 4 6 8
K=25 *int=8 B=28 i=41500070) 1 3 6 5 8 6* 4* 3 2 1 0 1 3* 2 1 5* 3* 7* 5* 4 2* 1 4 7 6 5 4 6 8
K=25 *int=9 B=27 i=41500808) 1 3 6 5 8 6* 4* 3 2 1 0 3* 1* 5* 3* 7* 5* 4 2* 1 4 7 6 5 4 6 8
K=25 *int=7 B=29 i=41500895) 1 3 6 5 8 6* 4* 2* 1 0 1 4 3 2 1 3 5* 4 7* 5* 3* 2 1 3 4 7 6 5 4 6 8
K=25 *int=1 B=35 i=41533474) 1 3 6 7 6 5 4 2* 1 0 2 4 6 5 4 6 8 7 6 5 4 3 2 1 0 2 4 3 2 4 6 5 4 6 8 7 6 5 4 3 4 6 8
K=25 *int=10 B=26 i=41557135) 1 3 6 7 5* 4 2* 0* 4* 2* 6* 4* 8 6* 5 3* 1* 0 3 4 6 5 4 6 8
K=25 *int=3 B=33 i=41564383) 1 3 6 8 7 6 5 4 3 2 1 0 1 3 2 5* 3* 1* 5 4 6 8 7 6 5 4 3 2 1 4 6 8 7 6 5 4 3 4 6
K=25 *int=7 B=29 i=41568145) 1 3 6 8 7 6 5 4 3 2 1 0 1 3 5 6 4* 2* 1 8 6* 4* 2* 1 8 6* 4* 3 4 6 8
K=25 *int=3 B=33 i=41568713) 1 3 6 8 7 6 5 4 3 2 1 0 1 3 6 5 4 3 2 1 3 5* 8 7 6 4* 3 2 1 3* 6 8 7 6 5 4 3 6 8
K=25 *int=2 B=34 i=41570446) 1 3 6 8 7 6 5 4 3 2 1 0 1 3 5* 4 3 2 1 3 5 4 6 8 7 6 5 4 3 2 1 3* 6 8 7 6 5 4 3 6 8
K=25 *int=2 B=34 i=41570466) 1 3 6 8 7 6 5 4 3 2 1 0 1 3 5* 4 3 2 1 3 5 4 6 8 7 6 5 3* 2 1 3 4 6 8 7 6 5 4 3 6 8
K=25 *int=3 B=33 i=41570482) 1 3 6 8 7 6 5 4 3 2 1 0 1 3 5* 4 3 2 1 3 5 4 6 8 7 6 5 3* 2 1 3 6 8 7 6 4* 3 6 8
K=25 *int=3 B=33 i=41570604) 1 3 6 8 7 6 5 4 3 2 1 0 1 3 5* 4 3 2 1 3 5 6 8 7 6 4* 3 2 1 3* 6 8 7 6 5 4 3 6 8
K=25 *int=4 B=32 i=41570656) 1 3 6 8 7 6 5 4 3 2 1 0 1 3 5* 4 3 2 1 3 5 8 6* 5 4 3 2 1 3 5 8 6* 4* 3 4 6 8
K=25 *int=5 B=31 i=41570706) 1 3 6 8 7 6 5 4 3 2 1 0 1 3 5* 4 3 2 1 3 5 8 6* 4* 3 2 1 3 8 6* 4* 3 4 6 8
K=25 *int=4 B=32 i=41570742) 1 3 6 8 7 6 5 4 3 2 1 0 1 3 5* 4 3 2 1 3 5 8 6* 4* 3 2 1 3* 6 8 7 6 5 4 3 6 8
K=25 *int=5 B=31 i=41570749) 1 3 6 8 7 6 5 4 3 2 1 0 1 3 5* 4 3 2 1 3 5 8 6* 4* 3 2 1 3* 6 7* 6 5 4 3 6
K=25 *int=5 B=31 i=41570757) 1 3 6 8 7 6 5 4 3 2 1 0 1 3 5* 4 3 2 1 3 5 8 6* 4* 3 2 1 3* 8 6* 5 4 3 6 8
K=25 *int=6 B=30 i=41570771) 1 3 6 8 7 6 5 4 3 2 1 0 1 3 5* 4 3 2 1 3 5 8 6* 4* 2* 1 8 6* 4* 3 4 6 8
K=25 *int=7 B=29 i=41572155) 1 3 6 8 7 6 5 4 3 2 1 0 1 3 5* 4 2* 1 5 8 6* 4* 2* 1 8 6* 4* 3 4 6 8
K=25 *int=7 B=29 i=41574878) 1 3 6 8 7 6 5 4 3 2 1 0 3 5* 4 3 1* 3 5 8 6* 4* 2* 1 8 6* 4* 3 4 6 8
K=25 *int=1 B=35 i=41575611) 1 3 6 8 7 6 5 4 2* 1 0 2 4 6 5 4 6 8 7 6 5 4 3 2 1 2 4 3 2 4 6 5 4 6 8 7 6 5 4 3 4 6 8
K=25 *int=8 B=28 i=41577994) 1 3 6 8 7 6 4* 3 2 1 0 1 3 6 4* 2* 1 8 6* 4* 2* 1 8 6* 4* 3 4 6 8
K=25 *int=9 B=27 i=41578846) 1 3 6 8 7 6 4* 2* 1 0 1 6 4* 2* 1 8 6* 4* 2* 1 8 6* 4* 3 4 6 8
K=25 *int=10 B=26 i=41580330) 1 3 6 8 7 6 4* 2* 0* 6 4* 2* 1 8 6* 4* 2* 1 8 6* 4* 3 4 6 8
K=25 *int=4 B=32 i=41581168) 1 3 6 8 7 5* 4 3 2 1 0 1 3 5 4 3 2 1 3 5* 8 7 6 4* 3 2 1 3* 6 8 7 6 5 4 3 6 8
K=25 *int=3 B=33 i=41584558) 1 3 6 4* 3 2 1 3 6 8 7 5* 4 3 2 1 0 1 3 5 4 6 8 7 6 5 3* 2 1 3 4 6 5 4 6 8 7 6 8
K=25 *int=3 B=33 i=41584801) 1 3 6 4* 3 2 1 3* 6 8 7 6 5 4 3 2 1 0 1 3 6 8 7 6 5 4 3 2 1 3 5* 4 3 5 6 8 7 6 8
K=25 *int=8 B=28 i=41594685) 1 3 6 4* 2* 1 8 6* 4* 2* 1 0 1 8 6* 4* 3 2 1 3 6 4* 3 4 6 8 7 6 8
K=25 *int=8 B=28 i=41594710) 1 3 6 4* 2* 1 8 6* 4* 2* 1 0 1 8 6* 4* 3 2 1 3* 6 5 4 3 6 8 7 6 8
K=25 *int=9 B=27 i=41594720) 1 3 6 4* 2* 1 8 6* 4* 2* 1 0 1 8 6* 4* 3 2 1 3* 5* 4 3 8 7 6 8
K=25 *int=10 B=26 i=41594722) 1 3 6 4* 2* 1 8 6* 4* 2* 1 0 1 8 6* 4* 3 2 1 3* 5* 4 3 7* 6
K=25 *int=9 B=27 i=41594736) 1 3 6 4* 2* 1 8 6* 4* 2* 1 0 1 8 6* 4* 2* 1 6 4* 3 4 6 8 7 6 8
K=25 *int=10 B=26 i=41594834) 1 3 6 4* 2* 1 8 6* 4* 2* 0* 8 6* 4* 2* 1 6 4* 3 4 6 8 7 6 8
K=25 *int=10 B=26 i=41595213) 1 3 6 4* 2* 1 6* 4* 2* 0* 8 6* 4* 2* 1 0 6 4* 3 4 6 8 7 6 8
K=25 *int=0 B=36 i=41605894) 1 3 7 6 5 4 3 2 1 0 1 3 2 1 3 5 4 3 5 7 6 5 4 3 2 1 3 5 7 8 7 6 5 4 3 2 1 0 3 5 7 6 5 4 3
K=25 *int=0 B=36 i=41616394) 1 3 7 6 5 4 3 2 1 0 1 3 5 4 3 2 1 3 5 7 6 5 4 3 2 1 3 5 7 6 5 4 3 5 7 8 7 6 5 4 3 2 1 0 3
K=25 *int=0 B=36 i=41621686) 1 3 7 6 5 4 3 2 1 0 1 3 5 7 6 5 4 3 2 1 3 5 4 3 5 7 6 5 7 8 7 6 5 4 3 2 1 0 3 5 4 3 5 7 6
K=25 *int=0 B=36 i=41635404) 1 3 7 6 5 4 3 2 1 3 5 4 3 5 7 6 5 7 8 7 6 5 4 3 2 1 0 1 3 5 4 3 2 3 5 7 6 5 4 3 5 7 6 7 8
K=25 *int=0 B=36 i=41637961) 1 3 7 6 5 4 3 2 1 3 5 7 6 5 4 3 5 7 8 7 6 5 4 3 2 1 0 1 3 2 3 5 4 3 5 7 6 5 4 3 5 7 8 7 6
K=25 *int=0 B=36 i=41639312) 1 3 7 6 5 4 3 2 1 3 5 7 8 7 6 5 4 3 2 1 0 1 3 5 7 6 5 4 3 2 3 5 4 3 5 7 6 5 7 8 7 6 5 4 3
K=25 *int=1 B=35 i=41639326) 1 3 7 6 5 4 3 2 1 3 5 7 8 7 6 5 4 3 2 1 0 1 3 5 7 6 5 4 3 2 3 5 4 3 5 7 8 6* 5 4 3 6 8
K=25 *int=0 B=36 i=41651195) 1 3 7 6 5 4 3 5 7 8 7 6 5 4 3 2 1 0 1 3 2 1 3 5 4 3 5 7 6 5 4 3 2 3 5 7 8 7 6 5 4 3 5 7 6
K=25 *int=1 B=35 i=41654810) 1 3 7 6 5 4 2* 1 0 2 4 6 5 4 6 8 7 6 5 4 3 2 1 0 2 4 3 2 4 6 5 4 6 8 7 6 5 4 3 2 4 6 8
K=25 *int=0 B=36 i=41663802) 1 3 7 6 5 7 8 7 6 5 4 3 2 1 0 1 3 5 4 3 2 1 3 5 7 6 5 4 3 2 3 5 7 6 5 4 3 5 7 8 7 6 5 4 3
K=25 *int=1 B=35 i=41663820) 1 3 7 6 5 7 8 7 6 5 4 3 2 1 0 1 3 5 4 3 2 1 3 5 7 6 5 4 3 2 3 5 7 6 5 7 8 7 6 4* 3 4 6
K=25 *int=0 B=36 i=41682711) 1 3 7 8 7 6 5 4 3 2 1 0 1 3 2 1 3 5 4 3 5 7 6 5 4 3 2 1 3 5 7 8 7 6 5 4 3 2 3 5 7 6 5 4 3
K=25 *int=0 B=36 i=41685419) 1 3 7 8 7 6 5 4 3 2 1 0 1 3 5 4 3 2 1 3 5 7 6 5 4 3 2 1 3 5 7 6 5 4 3 5 7 8 7 6 5 4 3 2 3
K=25 *int=0 B=36 i=41687345) 1 3 7 8 7 6 5 4 3 2 1 0 1 3 5 7 6 5 4 3 2 1 3 5 4 3 5 7 6 5 7 8 7 6 5 4 3 2 3 5 4 3 5 7 6
K=25 *int=7 B=29 i=41688787) 1 3 7 8 7 6 5 4 3 2 1 0 1 3 5 7 6 4* 2* 1 6* 4* 2* 8 6* 4* 3 2 4 6 8
K=25 *int=10 B=26 i=41696310) 1 3 7 5* 4 2* 0* 4* 2* 6* 4* 8 6* 5 3* 1* 0 3 2 4 6 5 4 6 8
K=25 *int=0 B=36 i=41696788) 1 3 8 7 6 5 4 3 2 1 0 1 3 2 1 3 5 4 3 5 7 6 5 4 3 2 1 3 5 7 8 7 6 5 4 3 2 1 3 5 7 6 5 4 3
K=25 *int=0 B=36 i=41705665) 1 3 8 7 6 5 4 3 2 1 0 1 3 5 4 3 2 1 3 5 7 6 5 4 3 2 1 3 5 7 6 5 4 3 5 7 8 7 6 5 4 3 2 1 3
K=25 *int=0 B=36 i=41710189) 1 3 8 7 6 5 4 3 2 1 0 1 3 5 7 6 5 4 3 2 1 3 5 4 3 5 7 6 5 7 8 7 6 5 4 3 2 1 3 5 4 3 5 7 6
K=25 *int=8 B=28 i=41712753) 1 3 8 7 6 5 4 3 2 1 0 1 3 5 7* 6 4* 2* 1 6* 4* 2* 8 6* 4* 3 4 6 8
K=25 *int=1 B=35 i=41718079) 1 3 8 7 6 5 4 2* 1 0 2 4 6 5 4 6 8 7 6 5 4 3 2 1 2 4 3 2 4 6 5 4 6 8 7 6 5 4 3 2 4 6 8
K=25 *int=10 B=26 i=41724288) 1 3 4* 2* 0* 7 6 4* 2* 1 0 6* 4* 2* 8 6* 4* 3 2 1 0 2 4 6 8
K=25 *int=0 B=36 i=41726157) 1 4 3 2 1 0 1 3 2 1 3 5 4 3 5 6 5 4 3 2 1 3 5 7 8 7 6 5 4 3 2 1 0 1 3 5 7 6 5 4 3 2 1 3 5
K=25 *int=0 B=36 i=41726965) 1 4 3 2 1 0 1 3 2 1 3 5 4 3 5 7 6 5 4 3 2 1 3 5 7 8 7 6 5 4 3 2 1 0 1 3 5 7 6 5 4 3 2 3 5
K=25 *int=0 B=36 i=41775573) 1 4 3 2 1 0 1 3 5 4 3 2 1 3 5 6 5 4 3 2 1 3 5 7 6 5 4 3 5 7 8 7 6 5 4 3 2 1 0 1 3 2 1 3 5
K=25 *int=1 B=35 i=41779174) 1 4 3 2 1 0 1 3 5 4 3 2 1 3 5 7 6 5 4 3 2 1 0 3 5 7 6 5 4 3 5 7 8 7 6 5 4 3 1* 0 3 2 5
K=25 *int=0 B=36 i=41779468) 1 4 3 2 1 0 1 3 5 4 3 2 1 3 5 7 6 5 4 3 2 1 3 5 7 6 5 4 3 5 7 8 7 6 5 4 3 2 1 0 1 3 2 3 5
K=25 *int=0 B=36 i=41804182) 1 4 3 2 1 0 1 3 5 6 5 4 3 2 1 3 5 4 3 5 7 6 5 7 8 7 6 5 4 3 2 1 0 1 3 5 4 3 2 1 3 5 7 6 5
K=25 *int=0 B=36 i=41817020) 1 4 3 2 1 0 1 3 5 7 6 5 4 3 2 1 3 5 4 3 5 7 6 5 7 8 7 6 5 4 3 2 1 0 1 3 5 4 3 2 3 5 7 6 5
K=25 *int=2 B=34 i=42077690) 1 4 3 2 1 3 4 6 5 3* 6 8 7 6 5 4 3 2 1 0 1 3 2 1 3 4 6 5 3* 6 8 7 6 5 4 3 2 1 3 6 8
K=25 *int=0 B=36 i=42101193) 1 4 3 2 1 3 5 4 3 5 6 5 7 8 7 6 5 4 3 2 1 0 1 3 5 4 3 2 1 3 5 7 6 5 4 3 2 1 3 5 7 6 5 7 8
K=25 *int=0 B=36 i=42109479) 1 4 3 2 1 3 5 4 3 5 7 6 5 7 8 7 6 5 4 3 2 1 0 1 3 5 4 3 2 1 3 5 7 6 5 4 3 2 3 5 7 6 5 7 8
K=25 *int=0 B=36 i=42134622) 1 4 3 2 1 3 5 6 5 4 3 2 1 0 1 3 5 7 6 5 4 3 2 1 3 5 4 3 5 7 6 5 7 8 7 6 5 4 3 2 1 0 1 3 5
K=25 *int=0 B=36 i=42137183) 1 4 3 2 1 3 5 6 5 4 3 2 1 3 5 7 6 5 4 3 5 7 8 7 6 5 4 3 2 1 0 1 3 2 1 3 5 4 3 5 7 6 5 7 8
K=25 *int=0 B=36 i=42142846) 1 4 3 2 1 3 5 6 5 4 3 5 7 8 7 6 5 4 3 2 1 0 1 3 2 1 3 5 4 3 5 7 6 5 4 3 2 1 3 5 7 8 7 6 5
K=25 *int=1 B=35 i=42143712) 1 4 3 2 1 3 5 6 5 4 3 5 8 7 6 5 4 3 2 1 0 1 3 2 1 3 5 4 3 5 7* 6 5 4 3 2 1 3 5 7 6 5 8
K=25 *int=0 B=36 i=42160109) 1 4 3 2 1 3 5 7 6 5 4 3 2 1 0 1 3 5 7 6 5 4 3 2 1 3 5 4 3 5 7 6 5 7 8 7 6 5 4 3 2 1 0 3 5
K=25 *int=0 B=36 i=42162175) 1 4 3 2 1 3 5 7 6 5 4 3 2 1 3 5 7 6 5 4 3 5 7 8 7 6 5 4 3 2 1 0 1 3 2 3 5 4 3 5 7 6 5 7 8
K=25 *int=0 B=36 i=42164617) 1 4 3 2 1 3 5 7 6 5 4 3 5 7 8 7 6 5 4 3 2 1 0 1 3 2 1 3 5 4 3 5 7 6 5 4 3 2 3 5 7 8 7 6 5
K=25 *int=0 B=36 i=42169295) 1 4 3 2 1 3 5 7 8 7 6 5 4 3 2 1 0 1 3 5 7 6 5 4 3 2 1 3 5 4 3 5 7 6 5 7 8 7 6 5 4 3 2 3 5
K=25 *int=0 B=36 i=42170847) 1 4 3 2 1 3 5 8 7 6 5 4 3 2 1 0 1 3 5 7 6 5 4 3 2 1 3 5 4 3 5 7 6 5 7 8 7 6 5 4 3 2 1 3 5
K=25 *int=2 B=34 i=42186121) 1 4 3 2 1 3 6 5 4 3 5* 8 7 6 5 4 3 2 1 0 1 3 2 1 3 5 4 3 5 6 8 7 5* 4 3 2 1 3 5 6 8
K=25 *int=2 B=34 i=42276402) 1 4 3 2 1 3* 6 5 4 3 6 8 7 6 5 4 3 2 1 0 1 3 2 1 3 4 6 5 3* 6 8 7 6 5 4 3 2 1 3 6 8
K=25 *int=3 B=33 i=42277367) 1 4 3 2 1 3* 6 5 4 6 8 7 6 5 3* 2 1 0 1 3 2 1 3 4 6 5 3* 6 8 7 6 5 4 3 2 1 3 6 8
K=25 *int=3 B=33 i=42277459) 1 4 3 2 1 3* 6 5 4 6 8 7 6 5 3* 2 1 0 1 3 2 1 3* 6 5 4 3 6 8 7 6 5 4 3 2 1 3 6 8
K=25 *int=4 B=32 i=42277481) 1 4 3 2 1 3* 6 5 4 6 8 7 6 5 3* 2 1 0 1 3 2 1 3* 6 5 4 6 8 7 6 5 3* 2 1 3 6 8
K=25 *int=4 B=32 i=42277731) 1 4 3 2 1 3* 6 5 4 6 8 7 6 5 3* 2 1 0 1 2* 1 4 6 5 3* 6 8 7 6 5 4 3 2 1 3 6 8
K=25 *int=5 B=31 i=42277871) 1 4 3 2 1 3* 6 5 4 6 8 7 6 5 3* 2 0* 2* 1 4 6 5 3* 6 8 7 6 5 4 3 2 1 3 6 8
K=25 *int=7 B=29 i=42319766) 1 4 3 2 4 5 4 6 8 7 6 5 3* 1* 0 5* 3* 1* 8 7 5* 3* 2 1 3 5 6 8 7 6 8
K=25 *int=3 B=33 i=42339954) 1 4 3 2 4 6 5 4 3 1* 4 6 7 6 5 4 6 8 7 6 5 3* 2 1 0 1 3 2 1 3 5* 4 3 5 6 8 7 6 8
K=25 *int=1 B=35 i=42354869) 1 4 3 2 4 6 8 7 6 5 4 3 1* 0 1 2 4 6 5 4 3 2 4 6 8 7 6 5 4 3 2 1 2 4 6 8 7 6 5 4 3 6 8
K=25 *int=1 B=35 i=42365047) 1 4 3 2 4 8 7 6 5 4 3 1* 0 1 2 4 6 5 4 3 2 4 6 8 7 6 5 4 3 2 1 2 4 6 8 7 6 5 4 3 2 6 8
K=25 *int=5 B=31 i=42479687) 1 4 3 2 3* 6 5 4 6 8 7 6 5 3* 1* 0 1 2* 1 4 6 5 3* 6 8 7 6 5 4 3 2 1 3 6 8
K=25 *int=0 B=36 i=42590831) 1 4 3 5 6 5 4 3 2 1 0 1 3 2 1 3 5 4 3 5 7 6 5 4 3 2 1 3 5 7 8 7 6 5 4 3 2 1 0 1 3 5 7 6 5
K=25 *int=0 B=36 i=42612582) 1 4 3 5 6 5 4 3 2 1 3 5 7 8 7 6 5 4 3 2 1 0 1 3 5 7 6 5 4 3 2 1 3 5 4 3 5 7 6 5 7 8 7 6 5
K=25 *int=1 B=35 i=42612593) 1 4 3 5 6 5 4 3 2 1 3 5 7 8 7 6 5 4 3 2 1 0 1 3 5 7 6 5 4 3 2 1 3 5 4 3 5 7 8 6* 5 6 8
K=25 *int=0 B=36 i=42635261) 1 4 3 5 6 5 7 8 7 6 5 4 3 2 1 0 1 3 5 4 3 2 1 3 5 7 6 5 4 3 2 1 3 5 7 6 5 4 3 5 7 8 7 6 5
K=25 *int=0 B=36 i=42666617) 1 4 3 5 7 6 5 4 3 2 1 0 1 3 2 1 3 5 4 3 5 7 6 5 4 3 2 1 3 5 7 8 7 6 5 4 3 2 1 0 3 5 7 6 5
K=25 *int=0 B=36 i=42684226) 1 4 3 5 7 6 5 4 3 2 1 3 5 7 8 7 6 5 4 3 2 1 0 1 3 5 7 6 5 4 3 2 3 5 4 3 5 7 6 5 7 8 7 6 5
K=25 *int=1 B=35 i=42684237) 1 4 3 5 7 6 5 4 3 2 1 3 5 7 8 7 6 5 4 3 2 1 0 1 3 5 7 6 5 4 3 2 3 5 4 3 5 7 8 6* 5 6 8
K=25 *int=0 B=36 i=42695768) 1 4 3 5 7 6 5 7 8 7 6 5 4 3 2 1 0 1 3 5 4 3 2 1 3 5 7 6 5 4 3 2 3 5 7 6 5 4 3 5 7 8 7 6 5
K=25 *int=0 B=36 i=42702291) 1 4 3 5 7 8 7 6 5 4 3 2 1 0 1 3 2 1 3 5 4 3 5 7 6 5 4 3 2 1 3 5 7 8 7 6 5 4 3 2 3 5 7 6 5
K=25 *int=0 B=36 i=42709144) 1 4 3 5 8 7 6 5 4 3 2 1 0 1 3 2 1 3 5 4 3 5 7 6 5 4 3 2 1 3 5 7 8 7 6 5 4 3 2 1 3 5 7 6 5
K=25 *int=1 B=35 i=42770963) 1 4 3 6 5 8 6* 5 4 3 2 1 0 1 3 5 4 3 2 1 3 5 8 7 6 5 4 3 2 1 3 5 7 6 5 4 3 5 7 8 7 6 5
K=25 *int=2 B=34 i=42804325) 1 4 3 6 8 7 6 4* 3 2 1 0 1 3 6 5 4 3 2 1 3 5 8 7 6 5 4 3 2 1 3 5 7* 6 5 4 3 5 7 6 8
K=25 *int=8 B=28 i=42804873) 1 4 3 6 8 7 6 4* 3 2 1 0 1 3 6 4* 2* 1 8 6* 4* 2* 1 8 6* 4* 3 6 8
K=25 *int=9 B=27 i=42805362) 1 4 3 6 8 7 6 4* 2* 1 0 1 6 4* 2* 1 8 6* 4* 2* 1 8 6* 4* 3 6 8
K=25 *int=10 B=26 i=42806635) 1 4 3 6 8 7 6 4* 2* 0* 6 4* 2* 1 8 6* 4* 2* 1 8 6* 4* 3 6 8
K=25 *int=1 B=35 i=42808930) 1 4 3 6 4* 3 2 1 0 1 3 2 1 3 6 5 4 3 5 7 6 5 4 3 2 1 3 5 7 8 7 6 5 4 3 2 1 0 1 3 5 7 6
K=25 *int=1 B=35 i=42814042) 1 4 3 6 4* 3 2 1 3 6 5 7 8 7 6 5 4 3 2 1 0 1 3 5 7 6 5 4 3 2 1 3 5 4 3 5 7 6 5 7 8 7 6
K=25 *int=3 B=33 i=42814670) 1 4 3 6 4* 3 2 1 3 6 8 7 5* 4 3 2 1 0 1 3 5 4 6 8 7 6 5 3* 2 1 3 4 6 5 6 8 7 6 8
K=25 *int=4 B=32 i=42815228) 1 4 3 6 4* 3 2 1 3 8 6* 5 4 3 2 1 0 1 3 5 8 6* 5 4 3 2 1 3 5* 4 3 5 6 8 7 6 8
K=25 *int=5 B=31 i=42815535) 1 4 3 6 4* 3 2 1 3 8 6* 4* 3 2 1 0 1 3 8 6* 5 4 3 2 1 3 5* 4 3 5 6 8 7 6 8
K=25 *int=6 B=30 i=42827163) 1 4 3 6 4* 2* 1 8 6* 4* 3 2 1 0 1 3 8 6* 5 4 3 2 1 3 5* 4 3 5 6 8 7 6 8
K=25 *int=7 B=29 i=42827270) 1 4 3 6 4* 2* 1 8 6* 4* 2* 1 0 1 8 6* 5 4 3 2 1 3 5* 4 3 5 6 8 7 6 8
K=25 *int=7 B=29 i=42827300) 1 4 3 6 4* 2* 1 8 6* 4* 2* 1 0 1 8 6* 4* 3 2 1 3 6 5 4 3 5 6 8 7 6 8
K=25 *int=8 B=28 i=42827312) 1 4 3 6 4* 2* 1 8 6* 4* 2* 1 0 1 8 6* 4* 3 2 1 3 6 4* 3 6 8 7 6 8
K=25 *int=9 B=27 i=42827332) 1 4 3 6 4* 2* 1 8 6* 4* 2* 1 0 1 8 6* 4* 2* 1 6 4* 3 6 8 7 6 8
K=25 *int=10 B=26 i=42827407) 1 4 3 6 4* 2* 1 8 6* 4* 2* 0* 8 6* 4* 2* 1 6 4* 3 6 8 7 6 8
K=25 *int=10 B=26 i=42827951) 1 4 3 6 4* 2* 1 6* 4* 2* 0* 8 6* 4* 2* 1 0 6 4* 3 6 8 7 6 8
K=25 *int=7 B=29 i=42829243) 1 4 3 6 4* 2* 8 6* 4* 3 1* 0 1 3 8 6* 5 4 3 2 1 3 5* 4 3 5 6 8 7 6 8
K=25 *int=10 B=26 i=42886909) 1 4 3 4* 2* 0* 7 6 4* 2* 1 0 6* 4* 2* 8 6* 4* 3 2 1 0 2 6 8
K=25 *int=1 B=35 i=43051621) 1 4 5 4 3 2 4 6 8 7 6 5 4 3 1* 0 1 2 4 6 5 4 3 2 4 6 8 7 6 5 4 3 2 1 2 4 6 8 7 6 5 6 8
K=25 *int=10 B=26 i=43282929) 1 4 5 3* 2 7 5* 3* 1* 0 7* 5* 3* 1* 0 7 5* 3* 2 5 6 8 7 6 8
K=25 *int=10 B=26 i=43283722) 1 4 5 3* 2 8 7 5* 3* 1* 0 7* 5* 3* 1* 7 5* 3* 2 5 6 8 7 6 8
K=25 *int=7 B=29 i=43359610) 1 4 6 5 4 3 2 1 3 4 6 8 7 5* 3* 2 1 0 1 7* 5* 3* 2 1 3 4* 3 6* 5 6 8
K=25 *int=3 B=33 i=43367914) 1 4 6 5 4 3 2 1 4 3 6 8 7 6 4* 3 2 1 0 1 3 6 8 7 5* 4 3 2 1 3 5 4 3 5* 8 7 6 5 8
K=25 *int=3 B=33 i=43379508) 1 4 6 5 4 3 2 1 3* 6 7 6 5 4 6 8 7 6 5 3* 2 1 0 1 3 2 1 3* 6 5 4 3 6 8 7 6 5 6 8
K=25 *int=2 B=34 i=43381799) 1 4 6 5 4 3 2 1 3* 6 8 7 6 5 4 3 2 1 0 1 3 6 8 7 6 5 4 3 2 1 3 6 5 4 3 5* 8 7 6 5 8
K=25 *int=2 B=34 i=43381813) 1 4 6 5 4 3 2 1 3* 6 8 7 6 5 4 3 2 1 0 1 3 6 8 7 6 5 4 3 2 1 3 5* 4 3 5 6 8 7 6 5 8
K=25 *int=3 B=33 i=43381819) 1 4 6 5 4 3 2 1 3* 6 8 7 6 5 4 3 2 1 0 1 3 6 8 7 6 5 4 3 2 1 3 5* 4 3 5 8 6* 5 8
K=25 *int=3 B=33 i=43381861) 1 4 6 5 4 3 2 1 3* 6 8 7 6 5 4 3 2 1 0 1 3 6 8 7 5* 4 3 2 1 3 5 4 3 5* 8 7 6 5 8
K=25 *int=4 B=32 i=43382245) 1 4 6 5 4 3 2 1 3* 6 8 7 5* 4 3 2 1 0 1 3 5 7* 6 5 4 3 2 1 3 5 4 3 5 6* 5 6 8
K=25 *int=4 B=32 i=43382307) 1 4 6 5 4 3 2 1 3* 6 8 7 5* 4 3 2 1 0 1 3 8 7 5* 4 3 2 1 3 5 4 3 5* 8 7 6 5 8
K=25 *int=5 B=31 i=43382333) 1 4 6 5 4 3 2 1 3* 6 8 7 5* 4 3 2 1 0 1 3 7* 5* 4 3 2 1 3 5 4 3 5 6* 5 6 8
K=25 *int=5 B=31 i=43382341) 1 4 6 5 4 3 2 1 3* 6 8 7 5* 4 3 2 1 0 1 3 7* 5* 4 3 2 1 3 5 4 3 5* 7 6 5 8
K=25 *int=6 B=30 i=43382351) 1 4 6 5 4 3 2 1 3* 6 8 7 5* 4 3 2 1 0 1 3 7* 5* 4 3 2 1 3 4* 3 6* 5 6 8
K=25 *int=7 B=29 i=43382369) 1 4 6 5 4 3 2 1 3* 6 8 7 5* 4 3 2 1 0 1 3 7* 5* 4 2* 1 4* 3 6* 5 6 8
K=25 *int=7 B=29 i=43382419) 1 4 6 5 4 3 2 1 3* 6 8 7 5* 4 3 2 1 0 1 7* 5* 3* 2 1 3 4* 3 6* 5 6 8
K=25 *int=5 B=31 i=43382742) 1 4 6 5 4 3 2 1 3* 6 7* 5* 4 3 2 1 0 1 3 7 5* 4 3 2 1 3 5 4 3 5* 8 7 6 5 8
K=25 *int=1 B=35 i=43395601) 1 4 6 5 4 3 2 4 6 8 7 6 5 4 3 1* 0 1 2 4 6 5 4 3 2 4 6 8 7 6 5 4 3 2 1 4 6 8 7 6 5 6 8
K=25 *int=7 B=29 i=43426491) 1 4 6 5 4 3 6 8 7 6 4* 2* 1 0 1* 3* 5* 8 7 6 4* 2* 1 4 3 6 8 7 6 5 6
K=25 *int=8 B=28 i=43453868) 1 4 6 5 4 2* 1 4 6 8 7 5* 3* 2 1 0 1 7* 5* 3* 2 1 3 4* 3 6* 5 6 8
K=25 *int=10 B=26 i=43457121) 1 4 6 5 4 2* 4 6 7 5* 3* 1* 0 7* 5* 3* 1* 0 3 4* 3 6* 5 6 8
K=25 *int=9 B=27 i=43457659) 1 4 6 5 4 2* 4 6 8 7 5* 3* 1* 0 1 7* 5* 3* 2 1 3 4* 3 6* 5 6 8
K=25 *int=10 B=26 i=43457711) 1 4 6 5 4 2* 4 6 8 7 5* 3* 1* 0 7* 5* 3* 1* 3 4* 3 6* 5 6 8
K=25 *int=7 B=29 i=43476119) 1 4 6 5 8 6* 4* 3 2 1 0 1 3* 2 1 5* 3* 7* 5* 4 3 2 1 3 5 4 5 7 6 5 8
K=25 *int=4 B=32 i=43479347) 1 4 6 5 3* 2 1 3 6 8 7 6 4* 3 2 1 0 1 3 6 8 7 5* 4 3 2 1 3 5 4 3 5* 8 7 6 5 8
K=25 *int=1 B=35 i=43509081) 1 4 6 7 6 5 4 3 2 4 6 8 7 6 5 4 3 1* 0 1 2 4 6 5 4 3 2 4 6 8 7 6 5 4 3 4 6 8 7 6 5 6 8
K=25 *int=1 B=35 i=43528063) 1 4 6 7 5* 4 3 2 1 0 1 3 5 4 3 2 1 3 5 4 3 5 7 6 5 7 8 7 6 5 4 3 2 1 0 3 5 4 3 5 7 6 5
K=25 *int=1 B=35 i=43532833) 1 4 6 7 5* 4 3 2 1 3 5 4 3 5 7 8 7 6 5 4 3 2 1 0 1 3 2 3 5 4 3 5 7 6 5 4 3 5 7 8 7 6 5
K=25 *int=3 B=33 i=43545375) 1 4 6 8 7 6 5 4 3 2 1 0 1 3 4 6 5 3* 2 1 3 6 8 7 6 4* 3 2 1 3 6 8 7 5* 4 3 5 6 8
K=25 *int=7 B=29 i=43549780) 1 4 6 8 7 6 5 4 3 2 1 0 1 4 3 6 4* 2* 1 8 6* 4* 2* 1 8 6* 4* 3 6 5 8
K=25 *int=2 B=34 i=43554092) 1 4 6 8 7 6 5 4 3 2 1 0 1 3* 6 5 4 3 2 1 3 6 8 7 6 5 4 3 2 1 3 5 6 8 7 5* 4 3 5 6 8
K=25 *int=2 B=34 i=43554124) 1 4 6 8 7 6 5 4 3 2 1 0 1 3* 6 5 4 3 2 1 3 6 8 7 6 5 4 3 2 1 3 5* 8 7 6 5 4 3 5 6 8
K=25 *int=3 B=33 i=43554130) 1 4 6 8 7 6 5 4 3 2 1 0 1 3* 6 5 4 3 2 1 3 6 8 7 6 5 4 3 2 1 3 5* 8 7 6 4* 3 6 8
K=25 *int=3 B=33 i=43554178) 1 4 6 8 7 6 5 4 3 2 1 0 1 3* 6 5 4 3 2 1 3 6 8 7 6 4* 3 2 1 3 6 8 7 5* 4 3 5 6 8
K=25 *int=4 B=32 i=43554844) 1 4 6 8 7 6 5 4 3 2 1 0 1 3* 6 5 4 2* 1 4 6 8 7 6 5 4 2* 1 6 8 7 6 4* 3 6 5 8
K=25 *int=4 B=32 i=43554975) 1 4 6 8 7 6 5 4 3 2 1 0 1 3* 6 5 4 2* 1 6 8 7 6 4* 3 2 1 3 6 8 7 5* 4 3 5 6 8
K=25 *int=5 B=31 i=43554997) 1 4 6 8 7 6 5 4 3 2 1 0 1 3* 6 5 4 2* 1 6 8 7 6 4* 2* 1 6 8 7 6 4* 3 6 5 8
K=25 *int=5 B=31 i=43555004) 1 4 6 8 7 6 5 4 3 2 1 0 1 3* 6 5 4 2* 1 6 8 7 6 4* 2* 1 6 8 7 5* 4 3 5 6 8
K=25 *int=6 B=30 i=43555017) 1 4 6 8 7 6 5 4 3 2 1 0 1 3* 6 5 4 2* 1 6 8 7 6 4* 2* 1 8 6* 4* 3 6 5 8
K=25 *int=7 B=29 i=43555041) 1 4 6 8 7 6 5 4 3 2 1 0 1 3* 6 5 4 2* 1 6 7* 6 4* 2* 1 6* 4* 3 6 5 8
K=25 *int=7 B=29 i=43555077) 1 4 6 8 7 6 5 4 3 2 1 0 1 3* 6 5 4 2* 1 8 6* 4* 2* 1 8 6* 4* 3 6 5 8
K=25 *int=5 B=31 i=43555286) 1 4 6 8 7 6 5 4 3 2 1 0 1 3* 6 5 4 2* 6 8 7 6 4* 3 1* 3 6 8 7 5* 4 3 5 6 8
K=25 *int=3 B=33 i=43555724) 1 4 6 8 7 6 5 4 3 2 1 0 1 3* 6 8 7 5* 4 3 2 1 3 5 4 3 2 3 5 7* 6 5 4 3 5 7 6 5 8
K=25 *int=4 B=32 i=43558409) 1 4 6 8 7 6 5 4 2* 1 0 1 4 6 5 3* 2 1 3 6 8 7 6 4* 3 2 1 3 6 8 7 5* 4 3 5 6 8
K=25 *int=8 B=28 i=43559269) 1 4 6 8 7 6 5 3* 2 1 0 1 3 6 4* 2* 1 8 6* 4* 2* 1 8 6* 4* 3 6 5 8
K=25 *int=1 B=35 i=43561081) 1 4 6 8 7 5* 4 3 2 1 0 1 3 5 4 3 2 1 3 5 4 3 5 7 6 5 7 8 7 6 5 4 3 2 1 3 5 4 3 5 7 6 5
K=25 *int=9 B=27 i=43565517) 1 4 6 8 7 5* 3* 2 1 0 1 3 4* 2* 1 8 6* 4* 2* 1 8 6* 4* 3 6 5 8
K=25 *int=10 B=26 i=43571017) 1 4 6 7* 5* 3* 2 1 0 1 3 4* 2* 1 6* 4* 2* 1 8 6* 4* 3 6 5 8
K=25 *int=1 B=35 i=43601297) 1 4 7 6 5 4 3 2 4 6 8 7 6 5 4 3 1* 0 1 2 4 6 5 4 3 2 4 6 8 7 6 5 4 3 2 4 6 8 7 6 5 6 8
K=25 *int=10 B=26 i=43626910) 1 4 7 6 7* 5* 3* 2 1 0 1 3 4* 2* 1 6* 4* 2* 8 6* 4* 3 6 5 8
K=25 *int=3 B=33 i=43678036) 1 4 2* 1 4 6 5 4 6 8 7 6 5 4 2* 1 0 1 4 3 2 1 3 6 5 4 3 5* 8 7 6 5 4 3 2 1 3 5 8
K=25 *int=3 B=33 i=43678321) 1 4 2* 1 4 6 5 3* 6 8 7 6 5 4 3 2 1 0 1 3 2 1 3 4 6 5 3* 6 8 7 6 5 4 3 2 1 3 6 8
K=25 *int=8 B=28 i=43700707) 1 4 2* 6 4* 6 8 7 5* 3* 1* 0 1 2* 1 4* 3 6 8 7 6 4* 3 2 1 3 6 5 8
K=25 *int=8 B=28 i=43700719) 1 4 2* 6 4* 6 8 7 5* 3* 1* 0 1 2* 1 4* 3 6 8 7 5* 4 3 2 1 3 5 6 8
K=25 *int=9 B=27 i=43700738) 1 4 2* 6 4* 6 8 7 5* 3* 1* 0 1 2* 1 4* 3 8 6* 4* 3 2 1 3 6 5 8
K=25 *int=9 B=27 i=43700756) 1 4 2* 6 4* 6 8 7 5* 3* 1* 0 1 2* 1 4* 6 8 7 5* 3* 2 1 3 5 6 8
K=25 *int=10 B=26 i=43700830) 1 4 2* 6 4* 6 8 7 5* 3* 1* 0 1 2* 4* 6 8 7 5* 3* 1* 3 5 6 8
K=25 *int=10 B=26 i=43701035) 1 4 2* 6 4* 6 7* 5* 3* 1* 0 1 2* 1 4* 3 6* 4* 3 2 1 3 6 5 8
K=25 *int=10 B=26 i=43713799) 1 4 2* 0* 6 4* 2* 6 4* 6* 8 7 5* 3* 1* 0 1 3 4* 3 2 1 3 6 5
K=25 *int=10 B=26 i=43718809) 1 4 2* 4* 6 8 7 5* 3* 1* 0 1 2* 4* 6 8 7 5* 3* 1* 3 2 5 6 8
K=25 *int=0 B=36 i=43722326) 1 5 4 3 2 1 0 1 3 2 1 3 5 4 3 5 6 5 4 3 2 1 3 5 7 8 7 6 5 4 3 2 1 0 1 3 5 7 6 5 4 3 2 1 5
K=25 *int=0 B=36 i=43723378) 1 5 4 3 2 1 0 1 3 2 1 3 5 4 3 5 7 6 5 4 3 2 1 3 5 7 8 7 6 5 4 3 2 1 0 1 3 5 7 6 5 4 3 2 5
K=25 *int=0 B=36 i=43747544) 1 5 4 3 2 1 0 1 3 5 4 3 2 1 3 5 6 5 4 3 2 1 3 5 7 6 5 4 3 5 7 8 7 6 5 4 3 2 1 0 1 3 2 1 5
K=25 *int=0 B=36 i=43750431) 1 5 4 3 2 1 0 1 3 5 4 3 2 1 3 5 7 6 5 4 3 2 1 3 5 7 6 5 4 3 5 7 8 7 6 5 4 3 2 1 0 1 3 2 5
K=25 *int=0 B=36 i=43765407) 1 5 4 3 2 1 0 1 3 5 6 5 4 3 2 1 3 5 4 3 5 7 6 5 7 8 7 6 5 4 3 2 1 0 1 3 5 4 3 2 1 5 7 6 5
K=25 *int=0 B=36 i=43778376) 1 5 4 3 2 1 0 1 3 5 7 6 5 4 3 2 1 3 5 4 3 5 7 6 5 7 8 7 6 5 4 3 2 1 0 1 3 5 4 3 2 5 7 6 5
K=25 *int=0 B=36 i=43890544) 1 5 4 3 2 1 3 5 4 3 5 6 5 7 8 7 6 5 4 3 2 1 0 1 3 5 4 3 2 1 3 5 7 6 5 4 3 2 1 5 7 6 5 7 8
K=25 *int=0 B=36 i=43895000) 1 5 4 3 2 1 3 5 4 3 5 7 6 5 7 8 7 6 5 4 3 2 1 0 1 3 5 4 3 2 1 3 5 7 6 5 4 3 2 5 7 6 5 7 8
K=25 *int=0 B=36 i=43901612) 1 5 4 3 2 1 3 5 6 5 4 3 2 1 0 1 3 5 7 6 5 4 3 2 1 3 5 4 3 5 7 6 5 7 8 7 6 5 4 3 2 1 0 1 5
K=25 *int=0 B=36 i=43904179) 1 5 4 3 2 1 3 5 6 5 4 3 2 1 3 5 7 6 5 4 3 5 7 8 7 6 5 4 3 2 1 0 1 3 2 1 3 5 4 5 7 6 5 7 8
K=25 *int=0 B=36 i=43910175) 1 5 4 3 2 1 3 5 6 5 4 3 5 7 8 7 6 5 4 3 2 1 0 1 3 2 1 3 5 4 3 5 7 6 5 4 3 2 1 5 7 8 7 6 5
K=25 *int=1 B=35 i=43911068) 1 5 4 3 2 1 3 5 6 5 4 3 5 8 7 6 5 4 3 2 1 0 1 3 2 1 3 5 4 3 5 7* 6 5 4 3 2 1 5 7 6 5 8
K=25 *int=0 B=36 i=43924318) 1 5 4 3 2 1 3 5 7 6 5 4 3 2 1 0 1 3 5 7 6 5 4 3 2 1 3 5 4 3 5 7 6 5 7 8 7 6 5 4 3 2 1 0 5
K=25 *int=1 B=35 i=43925538) 1 5 4 3 2 1 3 5 7 6 5 4 3 2 1 0 3 5 7 6 5 4 3 5 7 8 7 6 5 4 3 1* 0 3 2 5 4 5 7 6 5 7 8
K=25 *int=0 B=36 i=43926334) 1 5 4 3 2 1 3 5 7 6 5 4 3 2 1 3 5 7 6 5 4 3 5 7 8 7 6 5 4 3 2 1 0 1 3 2 3 5 4 5 7 6 5 7 8
K=25 *int=0 B=36 i=43928712) 1 5 4 3 2 1 3 5 7 6 5 4 3 5 7 8 7 6 5 4 3 2 1 0 1 3 2 1 3 5 4 3 5 7 6 5 4 3 2 5 7 8 7 6 5
K=25 *int=0 B=36 i=43932707) 1 5 4 3 2 1 3 5 7 8 7 6 5 4 3 2 1 0 1 3 5 7 6 5 4 3 2 1 3 5 4 3 5 7 6 5 7 8 7 6 5 4 3 2 5
K=25 *int=0 B=36 i=43933913) 1 5 4 3 2 1 3 5 8 7 6 5 4 3 2 1 0 1 3 5 7 6 5 4 3 2 1 3 5 4 3 5 7 6 5 7 8 7 6 5 4 3 2 1 5
K=25 *int=1 B=35 i=43989699) 1 5 4 3 2 4 6 8 7 6 5 4 3 1* 0 1 2 4 6 5 4 3 2 4 6 8 7 6 5 4 3 2 1 2 4 6 8 7 6 5 4 6 8
K=25 *int=0 B=36 i=44033957) 1 5 4 3 5 6 5 4 3 2 1 0 1 3 2 1 3 5 4 3 5 7 6 5 4 3 2 1 3 5 7 8 7 6 5 4 3 2 1 0 1 5 7 6 5
K=25 *int=0 B=36 i=44041680) 1 5 4 3 5 6 5 4 3 2 1 3 5 7 8 7 6 5 4 3 2 1 0 1 3 5 7 6 5 4 3 2 1 3 5 4 5 7 6 5 7 8 7 6 5
K=25 *int=1 B=35 i=44041691) 1 5 4 3 5 6 5 4 3 2 1 3 5 7 8 7 6 5 4 3 2 1 0 1 3 5 7 6 5 4 3 2 1 3 5 4 5 7 8 6* 5 6 8
K=25 *int=0 B=36 i=44052102) 1 5 4 3 5 6 5 7 8 7 6 5 4 3 2 1 0 1 3 5 4 3 2 1 3 5 7 6 5 4 3 2 1 3 5 7 6 5 4 5 7 8 7 6 5
K=25 *int=0 B=36 i=44062506) 1 5 4 3 5 7 6 5 4 3 2 1 0 1 3 2 1 3 5 4 3 5 7 6 5 4 3 2 1 3 5 7 8 7 6 5 4 3 2 1 0 5 7 6 5
K=25 *int=0 B=36 i=44068535) 1 5 4 3 5 7 6 5 4 3 2 1 3 5 7 8 7 6 5 4 3 2 1 0 1 3 5 7 6 5 4 3 2 3 5 4 5 7 6 5 7 8 7 6 5
K=25 *int=1 B=35 i=44068546) 1 5 4 3 5 7 6 5 4 3 2 1 3 5 7 8 7 6 5 4 3 2 1 0 1 3 5 7 6 5 4 3 2 3 5 4 5 7 8 6* 5 6 8
K=25 *int=0 B=36 i=44073412) 1 5 4 3 5 7 6 5 7 8 7 6 5 4 3 2 1 0 1 3 5 4 3 2 1 3 5 7 6 5 4 3 2 3 5 7 6 5 4 5 7 8 7 6 5
K=25 *int=0 B=36 i=44075948) 1 5 4 3 5 7 8 7 6 5 4 3 2 1 0 1 3 2 1 3 5 4 3 5 7 6 5 4 3 2 1 3 5 7 8 7 6 5 4 3 2 5 7 6 5
K=25 *int=0 B=36 i=44078073) 1 5 4 3 5 8 7 6 5 4 3 2 1 0 1 3 2 1 3 5 4 3 5 7 6 5 4 3 2 1 3 5 7 8 7 6 5 4 3 2 1 5 7 6 5
K=25 *int=0 B=36 i=44262208) 1 5 6 5 4 3 2 1 0 1 3 2 1 3 5 4 3 5 7 6 5 4 3 2 1 3 5 7 8 7 6 5 4 3 2 1 0 1 3 5 7 6 5 4 5
K=25 *int=0 B=36 i=44270627) 1 5 6 5 4 3 2 1 0 1 3 5 4 3 2 1 3 5 7 6 5 4 3 2 1 3 5 7 6 5 4 3 5 7 8 7 6 5 4 3 2 1 0 1 5
K=25 *int=0 B=36 i=44279724) 1 5 6 5 4 3 2 1 0 1 3 5 7 6 5 4 3 2 1 3 5 4 3 5 7 6 5 7 8 7 6 5 4 3 2 1 0 1 3 5 4 5 7 6 5
K=25 *int=0 B=36 i=44304911) 1 5 6 5 4 3 2 1 3 5 4 3 5 7 6 5 7 8 7 6 5 4 3 2 1 0 1 3 5 4 3 2 1 3 5 7 6 5 4 5 7 6 5 7 8
K=25 *int=7 B=29 i=44310117) 1 5 6 5 4 3 2 1 3 5 4 8 7 5* 3* 2 1 0 1 7* 5* 3* 2 1 3 4* 6* 5 4 6 8
K=25 *int=0 B=36 i=44311653) 1 5 6 5 4 3 2 1 3 5 7 6 5 4 3 5 7 8 7 6 5 4 3 2 1 0 1 3 2 1 3 5 4 3 5 7 6 5 4 5 7 8 7 6 5
K=25 *int=0 B=36 i=44314136) 1 5 6 5 4 3 2 1 3 5 7 8 7 6 5 4 3 2 1 0 1 3 5 7 6 5 4 3 2 1 3 5 4 3 5 7 6 5 7 8 7 6 5 4 5
K=25 *int=0 B=36 i=44338137) 1 5 6 5 4 3 5 7 8 7 6 5 4 3 2 1 0 1 3 2 1 3 5 4 3 5 7 6 5 4 3 2 1 3 5 7 8 7 6 5 4 5 7 6 5
K=25 *int=0 B=36 i=44364441) 1 5 6 5 7 8 7 6 5 4 3 2 1 0 1 3 5 4 3 2 1 3 5 7 6 5 4 3 2 1 3 5 7 6 5 4 3 5 7 8 7 6 5 4 5
K=25 *int=0 B=36 i=44402459) 1 5 7 6 5 4 3 2 1 0 1 3 2 1 3 5 4 3 5 7 6 5 4 3 2 1 3 5 7 8 7 6 5 4 3 2 1 0 3 5 7 6 5 4 5
K=25 *int=0 B=36 i=44409800) 1 5 7 6 5 4 3 2 1 0 1 3 5 4 3 2 1 3 5 7 6 5 4 3 2 1 3 5 7 6 5 4 3 5 7 8 7 6 5 4 3 2 1 0 5
K=25 *int=0 B=36 i=44417631) 1 5 7 6 5 4 3 2 1 0 1 3 5 7 6 5 4 3 2 1 3 5 4 3 5 7 6 5 7 8 7 6 5 4 3 2 1 0 3 5 4 5 7 6 5
K=25 *int=0 B=36 i=44431936) 1 5 7 6 5 4 3 2 1 3 5 4 3 5 7 6 5 7 8 7 6 5 4 3 2 1 0 1 3 5 4 3 2 3 5 7 6 5 4 5 7 6 5 7 8
K=25 *int=3 B=33 i=44432826) 1 5 7 6 5 4 3 2 1 3 5 4 3 5 7 8 6* 5 4 3 2 1 0 1 3 2 5* 3* 2 5 4 6 8 7 6 5 4 6 8
K=25 *int=0 B=36 i=44435058) 1 5 7 6 5 4 3 2 1 3 5 7 6 5 4 3 5 7 8 7 6 5 4 3 2 1 0 1 3 2 3 5 4 3 5 7 6 5 4 5 7 8 7 6 5
K=25 *int=0 B=36 i=44436114) 1 5 7 6 5 4 3 2 1 3 5 7 8 7 6 5 4 3 2 1 0 1 3 5 7 6 5 4 3 2 3 5 4 3 5 7 6 5 7 8 7 6 5 4 5
K=25 *int=0 B=36 i=44446617) 1 5 7 6 5 4 3 5 7 8 7 6 5 4 3 2 1 0 1 3 2 1 3 5 4 3 5 7 6 5 4 3 2 3 5 7 8 7 6 5 4 5 7 6 5
K=25 *int=10 B=26 i=44454514) 1 5 7 6 5 4 2* 0* 4* 2* 7 6 4* 6* 8 7 5* 3* 1* 0 3 2 4* 6 5
K=25 *int=10 B=26 i=44454987) 1 5 7 6 5 4 2* 4* 7 6 7* 5* 3* 1* 0 1 2* 4* 3 2 6* 4* 6 5 8
K=25 *int=0 B=36 i=44455656) 1 5 7 6 5 7 8 7 6 5 4 3 2 1 0 1 3 5 4 3 2 1 3 5 7 6 5 4 3 2 3 5 7 6 5 4 3 5 7 8 7 6 5 4 5
K=25 *int=5 B=31 i=44457759) 1 5 7 6 5 3* 2 1 0 3 4* 7 8 6* 5 3* 1* 0 3 2 4 6 5 4 3 2 4 6 8 7 6 5 4 6 8
K=25 *int=0 B=36 i=44464890) 1 5 7 8 7 6 5 4 3 2 1 0 1 3 2 1 3 5 4 3 5 7 6 5 4 3 2 1 3 5 7 8 7 6 5 4 3 2 3 5 7 6 5 4 5
K=25 *int=0 B=36 i=44466453) 1 5 7 8 7 6 5 4 3 2 1 0 1 3 5 4 3 2 1 3 5 7 6 5 4 3 2 1 3 5 7 6 5 4 3 5 7 8 7 6 5 4 3 2 5
K=25 *int=3 B=33 i=44467626) 1 5 7 8 7 6 5 4 3 2 1 0 1 3 5 4 3 5 7 6 5 4 2* 1 2 4* 7 8 6* 5 4 3 2 4 6 5 4 6 8
K=25 *int=0 B=36 i=44468642) 1 5 7 8 7 6 5 4 3 2 1 0 1 3 5 7 6 5 4 3 2 1 3 5 4 3 5 7 6 5 7 8 7 6 5 4 3 2 3 5 4 5 7 6 5
K=25 *int=10 B=26 i=44475563) 1 5 7 8 6* 4* 3 2 1 0 1 3* 2 5* 3* 1* 7* 5* 3* 2 7 5* 4 5 8
K=25 *int=0 B=36 i=44476407) 1 5 8 7 6 5 4 3 2 1 0 1 3 2 1 3 5 4 3 5 7 6 5 4 3 2 1 3 5 7 8 7 6 5 4 3 2 1 3 5 7 6 5 4 5
K=25 *int=0 B=36 i=44482302) 1 5 8 7 6 5 4 3 2 1 0 1 3 5 4 3 2 1 3 5 7 6 5 4 3 2 1 3 5 7 6 5 4 3 5 7 8 7 6 5 4 3 2 1 5
K=25 *int=0 B=36 i=44488481) 1 5 8 7 6 5 4 3 2 1 0 1 3 5 7 6 5 4 3 2 1 3 5 4 3 5 7 6 5 7 8 7 6 5 4 3 2 1 3 5 4 5 7 6 5
K=25 *int=5 B=31 i=44494520) 1 5 8 7 6 5 3* 2 1 0 1 5 3* 7* 5* 4 2* 1 2 4 7 6 5 4 3 2 4 6 8 7 6 5 4 6 8
K=25 *int=10 B=26 i=44499524) 1 5 8 6* 4* 3 2 1 0 1 3* 2 5* 3* 1* 7* 5* 3* 2 1 7 5* 4 5 8
K=25 *int=10 B=26 i=44500814) 1 5 3* 2 7 5* 3* 1* 0 7* 5* 3* 1* 0 7 5* 3* 2 5 4 6 8 7 6 8
K=25 *int=10 B=26 i=44500904) 1 5 3* 2 8 7 5* 3* 1* 0 7* 5* 3* 1* 7 5* 3* 2 5 4 6 8 7 6 8
K=25 *int=0 B=36 i=44503414) 1 6 5 4 3 2 1 0 1 3 2 1 3 5 4 3 5 7 6 5 4 3 2 1 3 5 7 8 7 6 5 4 3 2 1 0 1 3 5 7 6 5 4 3 5
K=25 *int=0 B=36 i=44514380) 1 6 5 4 3 2 1 0 1 3 5 4 3 2 1 3 5 7 6 5 4 3 2 1 3 5 7 6 5 4 3 5 7 8 7 6 5 4 3 2 1 0 1 3 5
K=25 *int=0 B=36 i=44519872) 1 6 5 4 3 2 1 0 1 3 5 7 6 5 4 3 2 1 3 5 4 3 5 7 6 5 7 8 7 6 5 4 3 2 1 0 1 3 5 4 3 5 7 6 5
K=25 *int=0 B=36 i=44564322) 1 6 5 4 3 2 1 3 5 4 3 5 7 6 5 7 8 7 6 5 4 3 2 1 0 1 3 5 4 3 2 1 3 5 7 6 5 4 3 5 7 6 5 7 8
K=25 *int=0 B=36 i=44568887) 1 6 5 4 3 2 1 3 5 7 6 5 4 3 5 7 8 7 6 5 4 3 2 1 0 1 3 2 1 3 5 4 3 5 7 6 5 4 3 5 7 8 7 6 5
K=25 *int=0 B=36 i=44570909) 1 6 5 4 3 2 1 3 5 7 8 7 6 5 4 3 2 1 0 1 3 5 7 6 5 4 3 2 1 3 5 4 3 5 7 6 5 7 8 7 6 5 4 3 5
K=25 *int=8 B=28 i=44578576) 1 6 5 4 3 2 1 3 5* 4 8 7 5* 3* 2 1 0 1 7* 5* 3* 2 1 3 4* 6* 5 6 8
K=25 *int=1 B=35 i=44594155) 1 6 5 4 3 2 4 6 8 7 6 5 4 3 1* 0 1 2 4 6 5 4 3 2 4 6 8 7 6 5 4 3 2 1 4 6 8 7 6 5 4 6 8
K=25 *int=0 B=36 i=44611372) 1 6 5 4 3 5 7 8 7 6 5 4 3 2 1 0 1 3 2 1 3 5 4 3 5 7 6 5 4 3 2 1 3 5 7 8 7 6 5 4 3 5 7 6 5
K=25 *int=0 B=36 i=44672601) 1 6 5 7 8 7 6 5 4 3 2 1 0 1 3 5 4 3 2 1 3 5 7 6 5 4 3 2 1 3 5 7 6 5 4 3 5 7 8 7 6 5 4 3 5
K=25 *int=1 B=35 i=44683041) 1 6 5 8 6* 5 4 3 2 1 0 1 3 5 4 3 2 1 3 5 8 7 6 5 4 3 2 1 3 5 7 6 5 4 3 5 7 8 7 6 5 4 5
K=25 *int=8 B=28 i=44685294) 1 6 5 8 6* 4* 3 2 1 0 1 3* 2 1 5* 3* 7* 5* 4 3 2 1 3 7 5* 4 5 6 8
K=25 *int=1 B=35 i=44708053) 1 6 7 6 5 4 3 2 4 6 8 7 6 5 4 3 1* 0 1 2 4 6 5 4 3 2 4 6 8 7 6 5 4 3 4 6 8 7 6 5 4 6 8
K=25 *int=3 B=33 i=44734328) 1 6 8 7 6 5 4 3 2 1 0 1 3 5* 4 3 2 1 3 5 4 6 8 7 6 5 3* 2 1 3 6 8 7 6 4* 3 6 5 8
K=25 *int=3 B=33 i=44737790) 1 6 8 7 6 5 4 3 2 1 0 1 3* 6 5 4 3 2 1 3 6 8 7 6 5 4 3 2 1 3 5* 8 7 6 4* 3 4 6 8
K=25 *int=0 B=36 i=44749124) 1 7 6 5 4 3 2 1 0 1 3 2 1 3 5 4 3 5 7 6 5 4 3 2 1 3 5 7 8 7 6 5 4 3 2 1 0 3 5 7 6 5 4 3 5
K=25 *int=0 B=36 i=44754281) 1 7 6 5 4 3 2 1 0 1 3 5 4 3 2 1 3 5 7 6 5 4 3 2 1 3 5 7 6 5 4 3 5 7 8 7 6 5 4 3 2 1 0 3 5
K=25 *int=0 B=36 i=44758664) 1 7 6 5 4 3 2 1 0 1 3 5 7 6 5 4 3 2 1 3 5 4 3 5 7 6 5 7 8 7 6 5 4 3 2 1 0 3 5 4 3 5 7 6 5
K=25 *int=0 B=36 i=44769223) 1 7 6 5 4 3 2 1 3 5 4 3 5 7 6 5 7 8 7 6 5 4 3 2 1 0 1 3 5 4 3 2 3 5 7 6 5 4 3 5 7 6 5 7 8
K=25 *int=0 B=36 i=44770944) 1 7 6 5 4 3 2 1 3 5 7 6 5 4 3 5 7 8 7 6 5 4 3 2 1 0 1 3 2 3 5 4 3 5 7 6 5 4 3 5 7 8 7 6 5
K=25 *int=0 B=36 i=44771135) 1 7 6 5 4 3 2 1 3 5 7 8 7 6 5 4 3 2 1 0 1 3 5 7 6 5 4 3 2 3 5 4 3 5 7 6 5 7 8 7 6 5 4 3 5
K=25 *int=1 B=35 i=44776602) 1 7 6 5 4 3 2 4 6 8 7 6 5 4 3 1* 0 1 2 4 6 5 4 3 2 4 6 8 7 6 5 4 3 2 4 6 8 7 6 5 4 6 8
K=25 *int=0 B=36 i=44781150) 1 7 6 5 4 3 5 7 8 7 6 5 4 3 2 1 0 1 3 2 1 3 5 4 3 5 7 6 5 4 3 2 3 5 7 8 7 6 5 4 3 5 7 6 5
K=25 *int=0 B=36 i=44790987) 1 7 6 5 7 8 7 6 5 4 3 2 1 0 1 3 5 4 3 2 1 3 5 7 6 5 4 3 2 3 5 7 6 5 4 3 5 7 8 7 6 5 4 3 5
K=25 *int=0 B=36 i=44800900) 1 7 8 7 6 5 4 3 2 1 0 1 3 2 1 3 5 4 3 5 7 6 5 4 3 2 1 3 5 7 8 7 6 5 4 3 2 3 5 7 6 5 4 3 5
K=25 *int=0 B=36 i=44802593) 1 7 8 7 6 5 4 3 2 1 0 1 3 5 4 3 2 1 3 5 7 6 5 4 3 2 1 3 5 7 6 5 4 3 5 7 8 7 6 5 4 3 2 3 5
K=25 *int=0 B=36 i=44804128) 1 7 8 7 6 5 4 3 2 1 0 1 3 5 7 6 5 4 3 2 1 3 5 4 3 5 7 6 5 7 8 7 6 5 4 3 2 3 5 4 3 5 7 6 5
K=25 *int=0 B=36 i=44811483) 1 8 7 6 5 4 3 2 1 0 1 3 2 1 3 5 4 3 5 7 6 5 4 3 2 1 3 5 7 8 7 6 5 4 3 2 1 3 5 7 6 5 4 3 5
K=25 *int=0 B=36 i=44815462) 1 8 7 6 5 4 3 2 1 0 1 3 5 4 3 2 1 3 5 7 6 5 4 3 2 1 3 5 7 6 5 4 3 5 7 8 7 6 5 4 3 2 1 3 5
K=25 *int=0 B=36 i=44819010) 1 8 7 6 5 4 3 2 1 0 1 3 5 7 6 5 4 3 2 1 3 5 4 3 5 7 6 5 7 8 7 6 5 4 3 2 1 3 5 4 3 5 7 6 5
K=25 *int=10 B=26 i=44826570) 1 2* 5 4 7 5* 3* 1* 0 7* 5* 3* 1* 0 3 2 4* 6* 5 4 3 2 4 6 8
K=25 *int=10 B=26 i=44826632) 1 2* 5 4 8 7 5* 3* 1* 0 7* 5* 3* 1* 3 2 4* 6* 5 4 3 2 4 6 8
K=25 *int=0 B=36 i=44836248) 2 1 0 1 3 2 1 3 4 3 5 6 5 4 3 2 1 3 5 7 8 7 6 5 4 3 2 1 0 1 3 5 7 6 5 4 3 2 1 3 5 4 3 5 7
K=25 *int=0 B=36 i=44840638) 2 1 0 1 3 2 1 3 4 3 5 7 6 5 4 3 2 1 3 5 7 8 7 6 5 4 3 2 1 0 1 3 5 7 6 5 4 3 2 3 5 4 3 5 7
K=25 *int=0 B=36 i=44858738) 2 1 0 1 3 2 1 3 5 4 3 5 6 5 4 3 2 1 3 5 7 8 7 6 5 4 3 2 1 0 1 3 5 7 6 5 4 3 2 1 3 5 4 5 7
K=25 *int=1 B=35 i=44862359) 2 1 0 1 3 2 1 3 5 4 3 5 7 6 5 4 3 2 1 3 5 7 8 7 6 5 4 3 2 1 0 1 3 2 5 7 6 5 3* 2 5 4 7
K=25 *int=0 B=36 i=44862381) 2 1 0 1 3 2 1 3 5 4 3 5 7 6 5 4 3 2 1 3 5 7 8 7 6 5 4 3 2 1 0 1 3 5 7 6 5 4 3 2 3 5 4 5 7
K=25 *int=0 B=36 i=44947265) 2 1 0 1 3 4 3 2 1 3 5 4 3 5 6 5 7 8 7 6 5 4 3 2 1 0 1 3 5 4 3 2 1 3 5 7 6 5 4 3 2 1 3 5 7
K=25 *int=0 B=36 i=44947941) 2 1 0 1 3 4 3 2 1 3 5 4 3 5 7 6 5 7 8 7 6 5 4 3 2 1 0 1 3 5 4 3 2 1 3 5 7 6 5 4 3 2 3 5 7
K=25 *int=0 B=36 i=44951595) 2 1 0 1 3 4 3 2 1 3 5 6 5 4 3 2 1 3 5 7 6 5 4 3 5 7 8 7 6 5 4 3 2 1 0 1 3 2 1 3 5 4 3 5 7
K=25 *int=0 B=36 i=44956344) 2 1 0 1 3 4 3 2 1 3 5 7 6 5 4 3 2 1 3 5 7 6 5 4 3 5 7 8 7 6 5 4 3 2 1 0 1 3 2 3 5 4 3 5 7
K=25 *int=0 B=36 i=45017841) 2 1 0 1 3 5 4 3 2 1 3 5 4 3 5 6 5 7 8 7 6 5 4 3 2 1 0 1 3 5 4 3 2 1 3 5 7 6 5 4 3 2 1 5 7
K=25 *int=0 B=36 i=45018223) 2 1 0 1 3 5 4 3 2 1 3 5 4 3 5 7 6 5 7 8 7 6 5 4 3 2 1 0 1 3 5 4 3 2 1 3 5 7 6 5 4 3 2 5 7
K=25 *int=0 B=36 i=45021643) 2 1 0 1 3 5 4 3 2 1 3 5 6 5 4 3 2 1 3 5 7 6 5 4 3 5 7 8 7 6 5 4 3 2 1 0 1 3 2 1 3 5 4 5 7
K=25 *int=1 B=35 i=45027172) 2 1 0 1 3 5 4 3 2 1 3 5 7 6 5 4 3 2 1 0 3 5 7 6 5 4 3 5 7 8 7 6 5 4 3 1* 0 3 2 5 4 5 7
K=25 *int=0 B=36 i=45027540) 2 1 0 1 3 5 4 3 2 1 3 5 7 6 5 4 3 2 1 3 5 7 6 5 4 3 5 7 8 7 6 5 4 3 2 1 0 1 3 2 3 5 4 5 7
K=25 *int=0 B=36 i=45055611) 2 1 0 1 3 5 6 5 4 3 2 1 3 5 4 3 5 7 6 5 7 8 7 6 5 4 3 2 1 0 1 3 5 4 3 2 1 3 5 7 6 5 4 5 7
K=25 *int=0 B=36 i=45067393) 2 1 0 1 3 5 7 6 5 4 3 2 1 3 5 4 3 5 7 6 5 7 8 7 6 5 4 3 2 1 0 1 3 5 4 3 2 3 5 7 6 5 4 5 7
K=25 *int=0 B=36 i=45073335) 2 1 0 1 3 6 5 4 3 2 1 3 5 4 3 5 7 6 5 7 8 7 6 5 4 3 2 1 0 1 3 5 4 3 2 1 3 5 7 6 5 4 3 5 7
K=25 *int=0 B=36 i=45093078) 2 1 0 1 3 7 6 5 4 3 2 1 3 5 4 3 5 7 6 5 7 8 7 6 5 4 3 2 1 0 1 3 5 4 3 2 3 5 7 6 5 4 3 5 7
K=25 *int=0 B=36 i=45275189) 2 1 0 2 3 2 1 0 2 4 5 4 3 2 4 6 7 6 5 4 3 2 1 0 2 4 6 8 7 6 5 4 3 2 1 0 2 4 6 5 4 3 2 4 8
K=25 *int=0 B=36 i=45275915) 2 1 0 2 3 2 1 0 2 4 5 4 3 2 4 6 8 7 6 5 4 3 2 1 0 2 4 6 8 7 6 5 4 3 2 1 2 4 6 5 4 3 2 4 8
K=25 *int=1 B=35 i=45276195) 2 1 0 2 3 2 1 0 2 4 5 4 3 2 4 7 6 5 4 3 2 1 0 2 4 6* 8 7 6 5 4 3 2 1 0 2 4 6 5 4 3 2 4
K=25 *int=0 B=36 i=45286161) 2 1 0 2 3 2 1 0 2 4 6 5 4 3 2 4 6 7 6 5 4 3 2 1 0 2 4 6 8 7 6 5 4 3 2 1 0 2 4 6 5 4 3 4 8
K=25 *int=0 B=36 i=45287075) 2 1 0 2 3 2 1 0 2 4 6 5 4 3 2 4 6 8 7 6 5 4 3 2 1 0 2 4 6 8 7 6 5 4 3 2 1 2 4 6 5 4 3 4 8
K=25 *int=0 B=36 i=45464875) 2 1 0 2 3 2 4 5 4 3 2 1 0 2 4 6 7 6 5 4 3 2 1 0 2 4 6 5 4 3 2 4 6 8 7 6 5 4 3 2 1 0 2 4 8
K=25 *int=0 B=36 i=45465661) 2 1 0 2 3 2 4 5 4 3 2 1 0 2 4 6 8 7 6 5 4 3 2 1 0 2 4 6 5 4 3 2 4 6 8 7 6 5 4 3 2 1 2 4 8
K=25 *int=0 B=36 i=45480682) 2 1 0 2 3 2 4 5 4 6 7 6 5 4 3 2 1 0 2 4 3 2 4 6 5 4 6 8 7 6 5 4 3 2 1 0 2 4 3 2 4 6 5 4 8
K=25 *int=0 B=36 i=45484344) 2 1 0 2 3 2 4 5 4 6 8 7 6 5 4 3 2 1 0 2 4 3 2 4 6 5 4 6 8 7 6 5 4 3 2 1 2 4 3 2 4 6 5 4 8
K=25 *int=0 B=36 i=45513366) 2 1 0 2 3 2 4 6 5 4 3 2 1 0 2 4 6 7 6 5 4 3 2 1 0 2 4 6 5 4 3 2 4 6 8 7 6 5 4 3 2 1 0 4 8
K=25 *int=0 B=36 i=45514587) 2 1 0 2 3 2 4 6 5 4 3 2 1 0 2 4 6 8 7 6 5 4 3 2 1 0 2 4 6 5 4 3 2 4 6 8 7 6 5 4 3 2 1 4 8
K=25 *int=0 B=36 i=45528185) 2 1 0 2 3 2 4 6 5 4 6 7 6 5 4 3 2 1 0 2 4 3 2 4 6 5 4 6 8 7 6 5 4 3 2 1 0 2 4 3 4 6 5 4 8
K=25 *int=0 B=36 i=45531035) 2 1 0 2 3 2 4 6 5 4 6 8 7 6 5 4 3 2 1 0 2 4 3 2 4 6 5 4 6 8 7 6 5 4 3 2 1 2 4 3 4 6 5 4 8
K=25 *int=0 B=36 i=45538046) 2 1 0 2 3 2 4 6 7 6 5 4 3 2 1 0 2 4 6 8 7 6 5 4 3 2 1 0 2 4 6 5 4 3 2 4 6 8 7 6 5 4 3 4 8
K=25 *int=0 B=36 i=45546284) 2 1 0 2 3 2 4 6 8 7 6 5 4 3 2 1 0 2 4 6 8 7 6 5 4 3 2 1 2 4 6 5 4 3 2 4 6 8 7 6 5 4 3 4 8
K=25 *int=0 B=36 i=45550289) 2 1 0 2 3 2 4 7 6 5 4 3 2 1 0 2 4 6 8 7 6 5 4 3 2 1 0 2 4 6 5 4 3 2 4 6 8 7 6 5 4 3 2 4 8
K=25 *int=0 B=36 i=45562005) 2 1 0 2 3 2 4 8 7 6 5 4 3 2 1 0 2 4 6 8 7 6 5 4 3 2 1 2 4 6 5 4 3 2 4 6 8 7 6 5 4 3 2 4 8
K=25 *int=1 B=35 i=45587337) 2 1 0 2 3 2 5 4 7 5* 4 3 2 1 0 2 4 3 2 4 7 6 5 4 6 8 7 6 5 4 3 2 1 0 2 4 3 2 4 6 5 4 8
K=25 *int=0 B=36 i=45743044) 2 1 0 2 4 3 2 1 0 2 4 5 4 3 2 4 6 7 6 5 4 3 2 1 0 2 4 6 8 7 6 5 4 3 2 1 0 2 4 6 5 4 3 2 8
K=25 *int=0 B=36 i=45743941) 2 1 0 2 4 3 2 1 0 2 4 5 4 3 2 4 6 8 7 6 5 4 3 2 1 0 2 4 6 8 7 6 5 4 3 2 1 2 4 6 5 4 3 2 8
K=25 *int=1 B=35 i=45744331) 2 1 0 2 4 3 2 1 0 2 4 5 4 3 2 4 7 6 5 4 3 2 1 0 2 4 6* 8 7 6 5 4 3 2 1 0 2 4 6 5 4 3 2
K=25 *int=0 B=36 i=45756452) 2 1 0 2 4 3 2 1 0 2 4 6 5 4 3 2 4 6 7 6 5 4 3 2 1 0 2 4 6 8 7 6 5 4 3 2 1 0 2 4 6 5 4 3 8
K=25 *int=0 B=36 i=45757535) 2 1 0 2 4 3 2 1 0 2 4 6 5 4 3 2 4 6 8 7 6 5 4 3 2 1 0 2 4 6 8 7 6 5 4 3 2 1 2 4 6 5 4 3 8
K=25 *int=0 B=36 i=45851435) 2 1 0 2 4 3 2 4 5 4 3 2 1 0 2 4 6 7 6 5 4 3 2 1 0 2 4 6 5 4 3 2 4 6 8 7 6 5 4 3 2 1 0 2 8
K=25 *int=0 B=36 i=45852324) 2 1 0 2 4 3 2 4 5 4 3 2 1 0 2 4 6 8 7 6 5 4 3 2 1 0 2 4 6 5 4 3 2 4 6 8 7 6 5 4 3 2 1 2 8
K=25 *int=0 B=36 i=45867005) 2 1 0 2 4 3 2 4 5 4 6 7 6 5 4 3 2 1 0 2 4 3 2 4 6 5 4 6 8 7 6 5 4 3 2 1 0 2 4 3 2 4 6 5 8
K=25 *int=0 B=36 i=45871505) 2 1 0 2 4 3 2 4 5 4 6 8 7 6 5 4 3 2 1 0 2 4 3 2 4 6 5 4 6 8 7 6 5 4 3 2 1 2 4 3 2 4 6 5 8
K=25 *int=0 B=36 i=45891722) 2 1 0 2 4 3 2 4 6 5 4 3 2 1 0 2 4 6 7 6 5 4 3 2 1 0 2 4 6 5 4 3 2 4 6 8 7 6 5 4 3 2 1 0 8
K=25 *int=1 B=35 i=45891784) 2 1 0 2 4 3 2 4 6 5 4 3 2 1 0 2 4 6 7 6 5 4 3 2 1 0 2 4 6 5 4 6 8 7 6 5 3* 2 1 0 3 5 8
K=25 *int=0 B=36 i=45892779) 2 1 0 2 4 3 2 4 6 5 4 3 2 1 0 2 4 6 8 7 6 5 4 3 2 1 0 2 4 6 5 4 3 2 4 6 8 7 6 5 4 3 2 1 8
K=25 *int=1 B=35 i=45892836) 2 1 0 2 4 3 2 4 6 5 4 3 2 1 0 2 4 6 8 7 6 5 4 3 2 1 0 2 4 6 5 4 6 8 7 6 5 3* 2 1 3 5 8
K=25 *int=0 B=36 i=45901624) 2 1 0 2 4 3 2 4 6 5 4 6 7 6 5 4 3 2 1 0 2 4 3 2 4 6 5 4 6 8 7 6 5 4 3 2 1 0 2 4 3 4 6 5 8
K=25 *int=1 B=35 i=45904700) 2 1 0 2 4 3 2 4 6 5 4 6 8 7 6 5 4 3 2 1 0 2 4 3 2 1 4 6 5 4 6 8 7 6 5 4 2* 1 4 3 6 5 8
K=25 *int=0 B=36 i=45904824) 2 1 0 2 4 3 2 4 6 5 4 6 8 7 6 5 4 3 2 1 0 2 4 3 2 4 6 5 4 6 8 7 6 5 4 3 2 1 2 4 3 4 6 5 8
K=25 *int=0 B=36 i=45911231) 2 1 0 2 4 3 2 4 6 7 6 5 4 3 2 1 0 2 4 6 8 7 6 5 4 3 2 1 0 2 4 6 5 4 3 2 4 6 8 7 6 5 4 3 8
K=25 *int=0 B=36 i=45916992) 2 1 0 2 4 3 2 4 6 8 7 6 5 4 3 2 1 0 2 4 6 8 7 6 5 4 3 2 1 2 4 6 5 4 3 2 4 6 8 7 6 5 4 3 8
K=25 *int=0 B=36 i=45918654) 2 1 0 2 4 3 2 4 7 6 5 4 3 2 1 0 2 4 6 8 7 6 5 4 3 2 1 0 2 4 6 5 4 3 2 4 6 8 7 6 5 4 3 2 8
K=25 *int=1 B=35 i=45918701) 2 1 0 2 4 3 2 4 7 6 5 4 3 2 1 0 2 4 6 8 7 6 5 4 3 2 1 0 2 4 6 5 4 6 8 7 6 5 3* 2 3 5 8
K=25 *int=0 B=36 i=45925996) 2 1 0 2 4 3 2 4 8 7 6 5 4 3 2 1 0 2 4 6 8 7 6 5 4 3 2 1 2 4 6 5 4 3 2 4 6 8 7 6 5 4 3 2 8
K=25 *int=1 B=35 i=45926015) 2 1 0 2 4 3 2 4 8 7 6 5 4 3 2 1 0 2 4 6 8 7 6 5 4 3 2 1 2 4 6 5 4 6 8 7 6 5 3* 2 3 5 8
K=25 *int=0 B=36 i=45991960) 2 1 0 2 4 5 4 3 2 1 0 2 4 6 5 4 3 2 4 6 7 6 5 4 3 2 1 0 2 4 6 8 7 6 5 4 3 2 1 0 2 4 6 5 8
K=25 *int=0 B=36 i=45992398) 2 1 0 2 4 5 4 3 2 1 0 2 4 6 5 4 3 2 4 6 8 7 6 5 4 3 2 1 0 2 4 6 8 7 6 5 4 3 2 1 2 4 6 5 8
K=25 *int=0 B=36 i=46025352) 2 1 0 2 4 5 4 3 2 4 6 7 6 5 4 3 2 1 0 2 4 6 8 7 6 5 4 3 2 1 0 2 4 6 5 4 3 2 4 6 8 7 6 5 8
K=25 *int=0 B=36 i=46029436) 2 1 0 2 4 5 4 3 2 4 6 8 7 6 5 4 3 2 1 0 2 4 6 8 7 6 5 4 3 2 1 2 4 6 5 4 3 2 4 6 8 7 6 5 8
K=25 *int=0 B=36 i=46080133) 2 1 0 2 4 6 5 4 3 2 1 0 2 4 6 5 4 3 2 4 6 7 6 5 4 3 2 1 0 2 4 6 8 7 6 5 4 3 2 1 0 4 6 5 8
K=25 *int=0 B=36 i=46080574) 2 1 0 2 4 6 5 4 3 2 1 0 2 4 6 5 4 3 2 4 6 8 7 6 5 4 3 2 1 0 2 4 6 8 7 6 5 4 3 2 1 4 6 5 8
K=25 *int=0 B=36 i=46102121) 2 1 0 2 4 6 5 4 3 2 4 6 7 6 5 4 3 2 1 0 2 4 6 8 7 6 5 4 3 2 1 0 2 4 6 5 4 3 4 6 8 7 6 5 8
K=25 *int=0 B=36 i=46106034) 2 1 0 2 4 6 5 4 3 2 4 6 8 7 6 5 4 3 2 1 0 2 4 6 8 7 6 5 4 3 2 1 2 4 6 5 4 3 4 6 8 7 6 5 8
K=25 *int=0 B=36 i=46124923) 2 1 0 2 4 6 7 6 5 4 3 2 1 0 2 4 6 5 4 3 2 4 6 8 7 6 5 4 3 2 1 0 2 4 6 8 7 6 5 4 3 4 6 5 8
K=25 *int=0 B=36 i=46134708) 2 1 0 2 4 6 8 7 6 5 4 3 2 1 0 2 4 6 5 4 3 2 4 6 8 7 6 5 4 3 2 1 2 4 6 8 7 6 5 4 3 4 6 5 8
K=25 *int=0 B=36 i=46137244) 2 1 0 2 4 7 6 5 4 3 2 1 0 2 4 6 5 4 3 2 4 6 8 7 6 5 4 3 2 1 0 2 4 6 8 7 6 5 4 3 2 4 6 5 8
K=25 *int=0 B=36 i=46152692) 2 1 0 2 4 8 7 6 5 4 3 2 1 0 2 4 6 5 4 3 2 4 6 8 7 6 5 4 3 2 1 2 4 6 8 7 6 5 4 3 2 4 6 5 8
K=25 *int=0 B=36 i=46157499) 2 1 0 2 5 4 3 2 1 0 2 4 6 5 4 3 2 4 6 7 6 5 4 3 2 1 0 2 4 6 8 7 6 5 4 3 2 1 0 2 4 6 5 4 8
K=25 *int=0 B=36 i=46158102) 2 1 0 2 5 4 3 2 1 0 2 4 6 5 4 3 2 4 6 8 7 6 5 4 3 2 1 0 2 4 6 8 7 6 5 4 3 2 1 2 4 6 5 4 8
K=25 *int=0 B=36 i=46207637) 2 1 0 2 5 4 3 2 4 6 7 6 5 4 3 2 1 0 2 4 6 8 7 6 5 4 3 2 1 0 2 4 6 5 4 3 2 4 6 8 7 6 5 4 8
K=25 *int=0 B=36 i=46210837) 2 1 0 2 5 4 3 2 4 6 8 7 6 5 4 3 2 1 0 2 4 6 8 7 6 5 4 3 2 1 2 4 6 5 4 3 2 4 6 8 7 6 5 4 8
K=25 *int=0 B=36 i=46310133) 2 1 0 2 6 5 4 3 2 1 0 2 4 6 5 4 3 2 4 6 7 6 5 4 3 2 1 0 2 4 6 8 7 6 5 4 3 2 1 0 4 6 5 4 8
K=25 *int=0 B=36 i=46310793) 2 1 0 2 6 5 4 3 2 1 0 2 4 6 5 4 3 2 4 6 8 7 6 5 4 3 2 1 0 2 4 6 8 7 6 5 4 3 2 1 4 6 5 4 8
K=25 *int=0 B=36 i=46332818) 2 1 0 2 6 5 4 3 2 4 6 7 6 5 4 3 2 1 0 2 4 6 8 7 6 5 4 3 2 1 0 2 4 6 5 4 3 4 6 8 7 6 5 4 8
K=25 *int=0 B=36 i=46335361) 2 1 0 2 6 5 4 3 2 4 6 8 7 6 5 4 3 2 1 0 2 4 6 8 7 6 5 4 3 2 1 2 4 6 5 4 3 4 6 8 7 6 5 4 8
K=25 *int=0 B=36 i=46355564) 2 1 0 2 6 7 6 5 4 3 2 1 0 2 4 6 5 4 3 2 4 6 8 7 6 5 4 3 2 1 0 2 4 6 8 7 6 5 4 3 4 6 5 4 8
K=25 *int=0 B=36 i=46363348) 2 1 0 2 6 8 7 6 5 4 3 2 1 0 2 4 6 5 4 3 2 4 6 8 7 6 5 4 3 2 1 2 4 6 8 7 6 5 4 3 4 6 5 4 8
K=25 *int=0 B=36 i=46364818) 2 1 0 2 7 6 5 4 3 2 1 0 2 4 6 5 4 3 2 4 6 8 7 6 5 4 3 2 1 0 2 4 6 8 7 6 5 4 3 2 4 6 5 4 8
K=25 *int=0 B=36 i=46375284) 2 1 0 2 8 7 6 5 4 3 2 1 0 2 4 6 5 4 3 2 4 6 8 7 6 5 4 3 2 1 2 4 6 8 7 6 5 4 3 2 4 6 5 4 8
K=25 *int=8 B=28 i=47322173) 2 1 0 1* 4 3 6 4* 2* 1 8 6* 4* 2* 1 0 1 8 6* 4* 3 2 1 3 6 5 4 3 5
K=25 *int=7 B=29 i=47421332) 2 1 2 3 2 4 6 5 4 3 6 8 7 6 4* 2* 1 0 1* 3* 5* 8 7 6 4* 2* 1 4 3 5 8
K=25 *int=3 B=33 i=47504867) 2 1 2 4 3 2 4 5 4 6 8 7 6 5 4 3 2 1 0 1* 4 6 5 3* 2 1 3 5* 8 7 6 5 4 3 2 1 3 5 8
K=25 *int=1 B=35 i=47584592) 2 1 2 4 6 5 4 3 2 4 6 8 7 6 5 4 3 2 1 0 1* 4 6 8 7 6 5 4 3 2 1 4 6 5 4 3 4 6 8 7 6 5 8
K=25 *int=1 B=35 i=47636284) 2 1 2 6 5 4 3 2 4 6 8 7 6 5 4 3 2 1 0 1* 4 6 8 7 6 5 4 3 2 1 4 6 5 4 3 4 6 8 7 6 5 4 8
K=25 *int=0 B=36 i=48099719) 2 1 3 4 3 2 1 0 1 3 5 6 5 4 3 2 1 3 5 4 3 5 7 6 5 7 8 7 6 5 4 3 2 1 0 1 3 5 4 3 2 1 3 5 7
K=25 *int=0 B=36 i=48105440) 2 1 3 4 3 2 1 0 1 3 5 7 6 5 4 3 2 1 3 5 4 3 5 7 6 5 7 8 7 6 5 4 3 2 1 0 1 3 5 4 3 2 3 5 7
K=25 *int=0 B=36 i=48180854) 2 1 3 4 3 2 1 3 5 6 5 4 3 5 7 8 7 6 5 4 3 2 1 0 1 3 2 1 3 5 4 3 5 7 6 5 4 3 2 1 3 5 7 8 7
K=25 *int=1 B=35 i=48181411) 2 1 3 4 3 2 1 3 5 6 5 4 3 5 8 7 6 5 4 3 2 1 0 1 3 2 1 3 5 4 3 5 7* 6 5 4 3 2 1 3 5 7 8
K=25 *int=0 B=36 i=48191057) 2 1 3 4 3 2 1 3 5 7 6 5 4 3 5 7 8 7 6 5 4 3 2 1 0 1 3 2 1 3 5 4 3 5 7 6 5 4 3 2 3 5 7 8 7
K=25 *int=0 B=36 i=48279476) 2 1 3 4 3 5 6 5 4 3 2 1 0 1 3 2 1 3 5 4 3 5 7 6 5 4 3 2 1 3 5 7 8 7 6 5 4 3 2 1 0 1 3 5 7
K=25 *int=0 B=36 i=48284427) 2 1 3 4 3 5 6 5 4 3 2 1 3 5 7 8 7 6 5 4 3 2 1 0 1 3 5 7 6 5 4 3 2 1 3 5 4 3 5 7 6 5 7 8 7
K=25 *int=0 B=36 i=48292269) 2 1 3 4 3 5 6 5 7 8 7 6 5 4 3 2 1 0 1 3 5 4 3 2 1 3 5 7 6 5 4 3 2 1 3 5 7 6 5 4 3 5 7 8 7
K=25 *int=0 B=36 i=48303858) 2 1 3 4 3 5 7 6 5 4 3 2 1 0 1 3 2 1 3 5 4 3 5 7 6 5 4 3 2 1 3 5 7 8 7 6 5 4 3 2 1 0 3 5 7
K=25 *int=0 B=36 i=48308941) 2 1 3 4 3 5 7 6 5 4 3 2 1 3 5 7 8 7 6 5 4 3 2 1 0 1 3 5 7 6 5 4 3 2 3 5 4 3 5 7 6 5 7 8 7
K=25 *int=0 B=36 i=48313691) 2 1 3 4 3 5 7 6 5 7 8 7 6 5 4 3 2 1 0 1 3 5 4 3 2 1 3 5 7 6 5 4 3 2 3 5 7 6 5 4 3 5 7 8 7
K=25 *int=0 B=36 i=48316231) 2 1 3 4 3 5 7 8 7 6 5 4 3 2 1 0 1 3 2 1 3 5 4 3 5 7 6 5 4 3 2 1 3 5 7 8 7 6 5 4 3 2 3 5 7
K=25 *int=0 B=36 i=48318915) 2 1 3 4 3 5 8 7 6 5 4 3 2 1 0 1 3 2 1 3 5 4 3 5 7 6 5 4 3 2 1 3 5 7 8 7 6 5 4 3 2 1 3 5 7
K=25 *int=1 B=35 i=48341109) 2 1 3 4 3 6 5 8 6* 5 4 3 2 1 0 1 3 5 4 3 2 1 3 5 8 7 6 5 4 3 2 1 3 5 7 6 5 4 3 5 7 8 7
K=25 *int=0 B=36 i=48573373) 2 1 3 5 4 3 2 1 0 1 3 5 6 5 4 3 2 1 3 5 4 3 5 7 6 5 7 8 7 6 5 4 3 2 1 0 1 3 5 4 3 2 1 5 7
K=25 *int=0 B=36 i=48580692) 2 1 3 5 4 3 2 1 0 1 3 5 7 6 5 4 3 2 1 3 5 4 3 5 7 6 5 7 8 7 6 5 4 3 2 1 0 1 3 5 4 3 2 5 7
K=25 *int=0 B=36 i=48632374) 2 1 3 5 4 3 2 1 3 5 6 5 4 3 5 7 8 7 6 5 4 3 2 1 0 1 3 2 1 3 5 4 3 5 7 6 5 4 3 2 1 5 7 8 7
K=25 *int=1 B=35 i=48633016) 2 1 3 5 4 3 2 1 3 5 6 5 4 3 5 8 7 6 5 4 3 2 1 0 1 3 2 1 3 5 4 3 5 7* 6 5 4 3 2 1 5 7 8
K=25 *int=0 B=36 i=48644825) 2 1 3 5 4 3 2 1 3 5 7 6 5 4 3 5 7 8 7 6 5 4 3 2 1 0 1 3 2 1 3 5 4 3 5 7 6 5 4 3 2 5 7 8 7
K=25 *int=0 B=36 i=48687696) 2 1 3 5 4 3 5 6 5 4 3 2 1 0 1 3 2 1 3 5 4 3 5 7 6 5 4 3 2 1 3 5 7 8 7 6 5 4 3 2 1 0 1 5 7
K=25 *int=0 B=36 i=48689961) 2 1 3 5 4 3 5 6 5 4 3 2 1 3 5 7 8 7 6 5 4 3 2 1 0 1 3 5 7 6 5 4 3 2 1 3 5 4 5 7 6 5 7 8 7
K=25 *int=0 B=36 i=48696306) 2 1 3 5 4 3 5 6 5 7 8 7 6 5 4 3 2 1 0 1 3 5 4 3 2 1 3 5 7 6 5 4 3 2 1 3 5 7 6 5 4 5 7 8 7
K=25 *int=0 B=36 i=48707184) 2 1 3 5 4 3 5 7 6 5 4 3 2 1 0 1 3 2 1 3 5 4 3 5 7 6 5 4 3 2 1 3 5 7 8 7 6 5 4 3 2 1 0 5 7
K=25 *int=0 B=36 i=48709650) 2 1 3 5 4 3 5 7 6 5 4 3 2 1 3 5 7 8 7 6 5 4 3 2 1 0 1 3 5 7 6 5 4 3 2 3 5 4 5 7 6 5 7 8 7
K=25 *int=0 B=36 i=48712757) 2 1 3 5 4 3 5 7 6 5 7 8 7 6 5 4 3 2 1 0 1 3 5 4 3 2 1 3 5 7 6 5 4 3 2 3 5 7 6 5 4 5 7 8 7
K=25 *int=0 B=36 i=48715329) 2 1 3 5 4 3 5 7 8 7 6 5 4 3 2 1 0 1 3 2 1 3 5 4 3 5 7 6 5 4 3 2 1 3 5 7 8 7 6 5 4 3 2 5 7
K=25 *int=0 B=36 i=48716799) 2 1 3 5 4 3 5 8 7 6 5 4 3 2 1 0 1 3 2 1 3 5 4 3 5 7 6 5 4 3 2 1 3 5 7 8 7 6 5 4 3 2 1 5 7
K=25 *int=0 B=36 i=48782360) 2 1 3 5 6 5 4 3 2 1 0 1 3 5 7 6 5 4 3 2 1 3 5 4 3 5 7 6 5 7 8 7 6 5 4 3 2 1 0 1 3 5 4 5 7
K=25 *int=0 B=36 i=48795576) 2 1 3 5 6 5 4 3 2 1 3 5 7 6 5 4 3 5 7 8 7 6 5 4 3 2 1 0 1 3 2 1 3 5 4 3 5 7 6 5 4 5 7 8 7
K=25 *int=0 B=36 i=48809717) 2 1 3 5 6 5 4 3 5 7 8 7 6 5 4 3 2 1 0 1 3 2 1 3 5 4 3 5 7 6 5 4 3 2 1 3 5 7 8 7 6 5 4 5 7
K=25 *int=0 B=36 i=48867994) 2 1 3 5 7 6 5 4 3 2 1 0 1 3 5 7 6 5 4 3 2 1 3 5 4 3 5 7 6 5 7 8 7 6 5 4 3 2 1 0 3 5 4 5 7
K=25 *int=0 B=36 i=48876787) 2 1 3 5 7 6 5 4 3 2 1 3 5 7 6 5 4 3 5 7 8 7 6 5 4 3 2 1 0 1 3 2 3 5 4 3 5 7 6 5 4 5 7 8 7
K=25 *int=0 B=36 i=48883760) 2 1 3 5 7 6 5 4 3 5 7 8 7 6 5 4 3 2 1 0 1 3 2 1 3 5 4 3 5 7 6 5 4 3 2 3 5 7 8 7 6 5 4 5 7
K=25 *int=1 B=35 i=48899513) 2 1 3 5 7 8 7 6 5 4 3 2 1 0 1 3 5 7 6 5 4 3 2 1 3 5 4 3 2 5 7 6 5 7 8 7 6 5 3* 2 5 4 7
K=25 *int=0 B=36 i=48899587) 2 1 3 5 7 8 7 6 5 4 3 2 1 0 1 3 5 7 6 5 4 3 2 1 3 5 4 3 5 7 6 5 7 8 7 6 5 4 3 2 3 5 4 5 7
K=25 *int=0 B=36 i=48910394) 2 1 3 5 8 7 6 5 4 3 2 1 0 1 3 5 7 6 5 4 3 2 1 3 5 4 3 5 7 6 5 7 8 7 6 5 4 3 2 1 3 5 4 5 7
K=25 *int=0 B=36 i=48932136) 2 1 3 6 5 4 3 2 1 0 1 3 5 7 6 5 4 3 2 1 3 5 4 3 5 7 6 5 7 8 7 6 5 4 3 2 1 0 1 3 5 4 3 5 7
K=25 *int=0 B=36 i=48950579) 2 1 3 6 5 4 3 2 1 3 5 7 6 5 4 3 5 7 8 7 6 5 4 3 2 1 0 1 3 2 1 3 5 4 3 5 7 6 5 4 3 5 7 8 7
K=25 *int=0 B=36 i=48970921) 2 1 3 6 5 4 3 5 7 8 7 6 5 4 3 2 1 0 1 3 2 1 3 5 4 3 5 7 6 5 4 3 2 1 3 5 7 8 7 6 5 4 3 5 7
K=25 *int=0 B=36 i=49059193) 2 1 3 7 6 5 4 3 2 1 0 1 3 5 7 6 5 4 3 2 1 3 5 4 3 5 7 6 5 7 8 7 6 5 4 3 2 1 0 3 5 4 3 5 7
K=25 *int=0 B=36 i=49067252) 2 1 3 7 6 5 4 3 2 1 3 5 7 6 5 4 3 5 7 8 7 6 5 4 3 2 1 0 1 3 2 3 5 4 3 5 7 6 5 4 3 5 7 8 7
K=25 *int=0 B=36 i=49074656) 2 1 3 7 6 5 4 3 5 7 8 7 6 5 4 3 2 1 0 1 3 2 1 3 5 4 3 5 7 6 5 4 3 2 3 5 7 8 7 6 5 4 3 5 7
K=25 *int=0 B=36 i=49090139) 2 1 3 7 8 7 6 5 4 3 2 1 0 1 3 5 7 6 5 4 3 2 1 3 5 4 3 5 7 6 5 7 8 7 6 5 4 3 2 3 5 4 3 5 7
K=25 *int=0 B=36 i=49100219) 2 1 3 8 7 6 5 4 3 2 1 0 1 3 5 7 6 5 4 3 2 1 3 5 4 3 5 7 6 5 7 8 7 6 5 4 3 2 1 3 5 4 3 5 7
K=25 *int=2 B=34 i=49385648) 2 1 4 3 6 8 7 6 4* 3 2 1 0 1 3 6 5 4 3 2 1 3 5 8 7 6 5 4 3 2 1 3 5 7* 6 5 4 3 5 7 8
K=25 *int=1 B=35 i=49388044) 2 1 4 3 6 4* 3 2 1 0 1 3 2 1 3 6 5 4 3 5 7 6 5 4 3 2 1 3 5 7 8 7 6 5 4 3 2 1 0 1 3 5 7
K=25 *int=1 B=35 i=49390658) 2 1 4 3 6 4* 3 2 1 3 6 5 7 8 7 6 5 4 3 2 1 0 1 3 5 7 6 5 4 3 2 1 3 5 4 3 5 7 6 5 7 8 7
K=25 *int=2 B=34 i=49629134) 2 1 4 6 5 4 2* 1 4 3 6 5 8 6* 5 4 3 2 1 0 1 3 5 8 7 6 5 4 3 2 1 3 5 4 3 5 7 6 5 7 8
K=25 *int=8 B=28 i=49630514) 2 1 4 6 5 4 2* 1 4 6 8 7 5* 3* 2 1 0 1 7* 5* 3* 2 1 3 4* 3 6* 5 8
K=25 *int=10 B=26 i=49633174) 2 1 4 6 5 4 2* 4 6 7 5* 3* 1* 0 7* 5* 3* 1* 0 3 4* 3 6* 5 8
K=25 *int=9 B=27 i=49633809) 2 1 4 6 5 4 2* 4 6 8 7 5* 3* 1* 0 1 7* 5* 3* 2 1 3 4* 3 6* 5 8
K=25 *int=10 B=26 i=49633875) 2 1 4 6 5 4 2* 4 6 8 7 5* 3* 1* 0 7* 5* 3* 1* 3 4* 3 6* 5 8
K=25 *int=2 B=34 i=49676400) 2 1 4 6 8 7 6 5 4 3 2 1 0 1 3* 6 5 4 3 2 1 3 6 8 7 6 5 4 3 2 1 3 5* 8 7 6 5 4 3 5 8
K=25 *int=2 B=34 i=49678448) 2 1 4 6 8 7 6 5 4 2* 1 0 1 4 3 6 5 4 3 2 1 3 6 8 7 6 5 4 3 2 1 3 5* 8 7 6 5 4 3 5 8
K=25 *int=3 B=33 i=49678804) 2 1 4 6 8 7 6 5 4 2* 1 0 1 4 6 5 3* 2 1 3 6 8 7 6 5 4 3 2 1 3 5* 8 7 6 5 4 3 5 8
K=25 *int=3 B=33 i=49678833) 2 1 4 6 8 7 6 5 4 2* 1 0 1 4 6 5 3* 2 1 3 6 8 7 6 4* 3 2 1 3 6 5 8 7 6 5 4 3 5 8
K=25 *int=4 B=32 i=49678844) 2 1 4 6 8 7 6 5 4 2* 1 0 1 4 6 5 3* 2 1 3 6 8 7 6 4* 3 2 1 3 6 8 7 5* 4 3 5 8
K=25 *int=4 B=32 i=49678968) 2 1 4 6 8 7 6 5 4 2* 1 0 1 4 6 5 3* 2 1 6 8 7 6 5 3* 2 1 3 5* 8 7 6 5 4 3 5 8
K=25 *int=5 B=31 i=49679216) 2 1 4 6 8 7 6 5 4 2* 1 0 1 4 6 5 3* 2 6 8 7 6 5 3* 1* 3 5* 8 7 6 5 4 3 5 8
K=25 *int=5 B=31 i=49680206) 2 1 4 6 8 7 6 5 4 2* 1 0 4 6 5 3* 1* 6 8 7 6 5 3* 2 1 3 5* 8 7 6 5 4 3 5 8
K=25 *int=1 B=35 i=49726500) 2 1 4 2* 1 0 1 4 3 5 6 5 4 3 2 1 3 5 4 3 5 7 6 5 7 8 7 6 5 4 3 2 1 0 1 3 5 4 3 2 1 3 5
K=25 *int=1 B=35 i=49726639) 2 1 4 2* 1 0 1 4 3 5 7 6 5 4 3 2 1 3 5 4 3 5 7 6 5 7 8 7 6 5 4 3 2 1 0 1 3 5 4 3 2 3 5
K=25 *int=1 B=35 i=49746741) 2 1 4 2* 1 4 3 5 6 5 4 3 5 7 8 7 6 5 4 3 2 1 0 1 3 2 1 3 5 4 3 5 7 6 5 4 3 2 1 3 5 7 8
K=25 *int=1 B=35 i=49746867) 2 1 4 2* 1 4 3 5 7 6 5 4 3 5 7 8 7 6 5 4 3 2 1 0 1 3 2 1 3 5 4 3 5 7 6 5 4 3 2 3 5 7 8
K=25 *int=3 B=33 i=49749054) 2 1 4 2* 1 4 6 5 3* 6 8 7 6 5 4 3 2 1 0 1 3 2 1 3 4 6 5 3* 6 8 7 6 5 4 3 2 1 3 8
K=25 *int=4 B=32 i=49750990) 2 1 4 2* 1 6 4* 3 6 8 7 5* 4 3 2 1 0 1 3 2 1 3 5 4 3 5* 8 7 6 5 4 3 2 1 3 5 8
K=25 *int=5 B=31 i=49752043) 2 1 4 2* 1 6 4* 6 8 7 5* 3* 2 1 0 1 3 2 1 3 5 4 3 5* 8 7 6 5 4 3 2 1 3 5 8
K=25 *int=6 B=30 i=49779120) 2 1 4 2* 6 4* 6 8 7 5* 3* 1* 0 1 3 2 1 3 5 4 3 5* 8 7 6 5 4 3 2 1 3 5 8
K=25 *int=7 B=29 i=49779181) 2 1 4 2* 6 4* 6 8 7 5* 3* 1* 0 1 2* 1 5 4 3 5* 8 7 6 5 4 3 2 1 3 5 8
K=25 *int=7 B=29 i=49779212) 2 1 4 2* 6 4* 6 8 7 5* 3* 1* 0 1 2* 1 4* 3 6 5 8 7 6 5 4 3 2 1 3 5 8
K=25 *int=8 B=28 i=49779230) 2 1 4 2* 6 4* 6 8 7 5* 3* 1* 0 1 2* 1 4* 3 6 8 7 5* 4 3 2 1 3 5 8
K=25 *int=9 B=27 i=49779257) 2 1 4 2* 6 4* 6 8 7 5* 3* 1* 0 1 2* 1 4* 6 8 7 5* 3* 2 1 3 5 8
K=25 *int=10 B=26 i=49779321) 2 1 4 2* 6 4* 6 8 7 5* 3* 1* 0 1 2* 4* 6 8 7 5* 3* 1* 3 5 8
K=25 *int=7 B=29 i=49779381) 2 1 4 2* 6 4* 6 8 7 5* 3* 1* 0 3 1* 3 5 4 3 5* 8 7 6 5 4 3 2 1 3 5 8
K=25 *int=8 B=28 i=49800656) 2 1 4 2* 0* 6 4* 2* 6 4* 8 6* 5 3* 1* 0 1 3 5 8 7 6 5 4 3 2 1 3 5
K=25 *int=10 B=26 i=49807395) 2 1 4 2* 4* 6 8 7 5* 3* 1* 0 1 2* 4* 6 8 7 5* 3* 1* 3 2 5 8
K=25 *int=10 B=26 i=50181460) 2 1 2* 5 4 7 5* 3* 1* 0 7* 5* 3* 1* 0 3 2 4* 6* 5 4 3 2 4 8
K=25 *int=10 B=26 i=50182164) 2 1 2* 5 4 8 7 5* 3* 1* 0 7* 5* 3* 1* 3 2 4* 6* 5 4 3 2 4 8
K=25 *int=0 B=36 i=50332136) 2 3 2 1 0 2 4 3 2 4 5 4 6 7 6 5 4 3 2 1 0 2 4 3 2 4 6 5 4 6 8 7 6 5 4 3 2 1 0 2 4 3 2 4 8
K=25 *int=0 B=36 i=50333510) 2 3 2 1 0 2 4 3 2 4 5 4 6 8 7 6 5 4 3 2 1 0 2 4 3 2 4 6 5 4 6 8 7 6 5 4 3 2 1 2 4 3 2 4 8
K=25 *int=0 B=36 i=50338108) 2 3 2 1 0 2 4 3 2 4 6 5 4 6 7 6 5 4 3 2 1 0 2 4 3 2 4 6 5 4 6 8 7 6 5 4 3 2 1 0 2 4 3 4 8
K=25 *int=1 B=35 i=50339370) 2 3 2 1 0 2 4 3 2 4 6 5 4 6 8 7 6 5 4 3 2 1 0 2 4 3 2 1 4 6 5 4 6 8 7 6 5 4 2* 1 4 3 8
K=25 *int=0 B=36 i=50339434) 2 3 2 1 0 2 4 3 2 4 6 5 4 6 8 7 6 5 4 3 2 1 0 2 4 3 2 4 6 5 4 6 8 7 6 5 4 3 2 1 2 4 3 4 8
K=25 *int=0 B=36 i=50400181) 2 3 2 1 0 2 4 5 4 3 2 1 0 2 4 6 5 4 3 2 4 6 7 6 5 4 3 2 1 0 2 4 6 8 7 6 5 4 3 2 1 0 2 4 8
K=25 *int=0 B=36 i=50400394) 2 3 2 1 0 2 4 5 4 3 2 1 0 2 4 6 5 4 3 2 4 6 8 7 6 5 4 3 2 1 0 2 4 6 8 7 6 5 4 3 2 1 2 4 8
K=25 *int=0 B=36 i=50423969) 2 3 2 1 0 2 4 5 4 3 2 4 6 7 6 5 4 3 2 1 0 2 4 6 8 7 6 5 4 3 2 1 0 2 4 6 5 4 3 2 4 6 8 7 8
K=25 *int=0 B=36 i=50426271) 2 3 2 1 0 2 4 5 4 3 2 4 6 8 7 6 5 4 3 2 1 0 2 4 6 8 7 6 5 4 3 2 1 2 4 6 5 4 3 2 4 6 8 7 8
K=25 *int=0 B=36 i=50480582) 2 3 2 1 0 2 4 6 5 4 3 2 1 0 2 4 6 5 4 3 2 4 6 7 6 5 4 3 2 1 0 2 4 6 8 7 6 5 4 3 2 1 0 4 8
K=25 *int=0 B=36 i=50480852) 2 3 2 1 0 2 4 6 5 4 3 2 1 0 2 4 6 5 4 3 2 4 6 8 7 6 5 4 3 2 1 0 2 4 6 8 7 6 5 4 3 2 1 4 8
K=25 *int=0 B=36 i=50497660) 2 3 2 1 0 2 4 6 5 4 3 2 4 6 7 6 5 4 3 2 1 0 2 4 6 8 7 6 5 4 3 2 1 0 2 4 6 5 4 3 4 6 8 7 8
K=25 *int=0 B=36 i=50500339) 2 3 2 1 0 2 4 6 5 4 3 2 4 6 8 7 6 5 4 3 2 1 0 2 4 6 8 7 6 5 4 3 2 1 2 4 6 5 4 3 4 6 8 7 8
K=25 *int=0 B=36 i=50519682) 2 3 2 1 0 2 4 6 7 6 5 4 3 2 1 0 2 4 6 5 4 3 2 4 6 8 7 6 5 4 3 2 1 0 2 4 6 8 7 6 5 4 3 4 8
K=25 *int=0 B=36 i=50530290) 2 3 2 1 0 2 4 6 8 7 6 5 4 3 2 1 0 2 4 6 5 4 3 2 4 6 8 7 6 5 4 3 2 1 2 4 6 8 7 6 5 4 3 4 8
K=25 *int=0 B=36 i=50534415) 2 3 2 1 0 2 4 7 6 5 4 3 2 1 0 2 4 6 5 4 3 2 4 6 8 7 6 5 4 3 2 1 0 2 4 6 8 7 6 5 4 3 2 4 8
K=25 *int=0 B=36 i=50550570) 2 3 2 1 0 2 4 8 7 6 5 4 3 2 1 0 2 4 6 5 4 3 2 4 6 8 7 6 5 4 3 2 1 2 4 6 8 7 6 5 4 3 2 4 8
K=25 *int=7 B=29 i=50609372) 2 3 2 1 0 2 5 4 7 5* 3* 2 1 0 2* 4* 6* 8 7 5* 3* 2 1 0 2 5 4 3 2 4 7
K=25 *int=1 B=35 i=50878049) 2 3 2 1 2 4 6 5 4 3 2 4 6 8 7 6 5 4 3 2 1 0 1* 4 6 8 7 6 5 4 3 2 1 4 6 5 4 3 4 6 8 7 8
K=25 *int=0 B=36 i=51440675) 2 3 2 4 5 4 3 2 1 0 2 4 6 7 6 5 4 3 2 1 0 2 4 6 5 4 3 2 4 6 8 7 6 5 4 3 2 1 0 2 4 6 8 7 8
K=25 *int=0 B=36 i=51442685) 2 3 2 4 5 4 3 2 1 0 2 4 6 8 7 6 5 4 3 2 1 0 2 4 6 5 4 3 2 4 6 8 7 6 5 4 3 2 1 2 4 6 8 7 8
K=25 *int=0 B=36 i=51491831) 2 3 2 4 5 4 6 7 6 5 4 3 2 1 0 2 4 3 2 4 6 5 4 6 8 7 6 5 4 3 2 1 0 2 4 3 2 4 6 5 4 6 8 7 8
K=25 *int=0 B=36 i=51500487) 2 3 2 4 5 4 6 8 7 6 5 4 3 2 1 0 2 4 3 2 4 6 5 4 6 8 7 6 5 4 3 2 1 2 4 3 2 4 6 5 4 6 8 7 8
K=25 *int=0 B=36 i=51564420) 2 3 2 4 6 5 4 3 2 1 0 2 4 6 7 6 5 4 3 2 1 0 2 4 6 5 4 3 2 4 6 8 7 6 5 4 3 2 1 0 4 6 8 7 8
K=25 *int=0 B=36 i=51567096) 2 3 2 4 6 5 4 3 2 1 0 2 4 6 8 7 6 5 4 3 2 1 0 2 4 6 5 4 3 2 4 6 8 7 6 5 4 3 2 1 4 6 8 7 8
K=25 *int=0 B=36 i=51599287) 2 3 2 4 6 5 4 6 7 6 5 4 3 2 1 0 2 4 3 2 4 6 5 4 6 8 7 6 5 4 3 2 1 0 2 4 3 4 6 5 4 6 8 7 8
K=25 *int=0 B=36 i=51606595) 2 3 2 4 6 5 4 6 8 7 6 5 4 3 2 1 0 2 4 3 2 4 6 5 4 6 8 7 6 5 4 3 2 1 2 4 3 4 6 5 4 6 8 7 8
K=25 *int=0 B=36 i=51625360) 2 3 2 4 6 7 6 5 4 3 2 1 0 2 4 6 8 7 6 5 4 3 2 1 0 2 4 6 5 4 3 2 4 6 8 7 6 5 4 3 4 6 8 7 8
K=25 *int=0 B=36 i=51646218) 2 3 2 4 6 8 7 6 5 4 3 2 1 0 2 4 6 8 7 6 5 4 3 2 1 2 4 6 5 4 3 2 4 6 8 7 6 5 4 3 4 6 8 7 8
K=25 *int=0 B=36 i=51657547) 2 3 2 4 7 6 5 4 3 2 1 0 2 4 6 8 7 6 5 4 3 2 1 0 2 4 6 5 4 3 2 4 6 8 7 6 5 4 3 2 4 6 8 7 8
K=25 *int=0 B=36 i=51686611) 2 3 2 4 8 7 6 5 4 3 2 1 0 2 4 6 8 7 6 5 4 3 2 1 2 4 6 5 4 3 2 4 6 8 7 6 5 4 3 2 4 6 8 7 8
K=25 *int=1 B=35 i=51762737) 2 3 2 5 4 7 5* 4 3 2 1 0 2 4 3 2 4 7 6 5 4 6 8 7 6 5 4 3 2 1 0 2 4 3 2 4 6 5 4 6 8 7 8
K=25 *int=10 B=26 i=52603568) 2 3 1* 5 3* 5* 8 7 6 4* 2* 1 0 1* 3* 5* 8 7 6 4* 2* 1 2 4 8
K=25 *int=10 B=26 i=52606690) 2 3 1* 6 5 3* 5* 8 7 6 4* 2* 1 0 1* 3* 5* 8 7 6 4* 2* 1 4 8
K=25 *int=0 B=36 i=52674187) 2 4 3 2 1 0 2 4 3 2 4 5 4 6 7 6 5 4 3 2 1 0 2 4 3 2 4 6 5 4 6 8 7 6 5 4 3 2 1 0 2 4 3 2 8
K=25 *int=0 B=36 i=52675325) 2 4 3 2 1 0 2 4 3 2 4 5 4 6 8 7 6 5 4 3 2 1 0 2 4 3 2 4 6 5 4 6 8 7 6 5 4 3 2 1 2 4 3 2 8
K=25 *int=0 B=36 i=52678117) 2 4 3 2 1 0 2 4 3 2 4 6 5 4 6 7 6 5 4 3 2 1 0 2 4 3 2 4 6 5 4 6 8 7 6 5 4 3 2 1 0 2 4 3 8
K=25 *int=0 B=36 i=52679146) 2 4 3 2 1 0 2 4 3 2 4 6 5 4 6 8 7 6 5 4 3 2 1 0 2 4 3 2 4 6 5 4 6 8 7 6 5 4 3 2 1 2 4 3 8
K=25 *int=0 B=36 i=52709863) 2 4 3 2 1 0 2 4 5 4 3 2 1 0 2 4 6 5 4 3 2 4 6 7 6 5 4 3 2 1 0 2 4 6 8 7 6 5 4 3 2 1 0 2 8
K=25 *int=0 B=36 i=52710151) 2 4 3 2 1 0 2 4 5 4 3 2 1 0 2 4 6 5 4 3 2 4 6 8 7 6 5 4 3 2 1 0 2 4 6 8 7 6 5 4 3 2 1 2 8
K=25 *int=0 B=36 i=52738438) 2 4 3 2 1 0 2 4 5 4 3 2 4 6 7 6 5 4 3 2 1 0 2 4 6 8 7 6 5 4 3 2 1 0 2 4 6 5 4 3 2 6 8 7 8
K=25 *int=0 B=36 i=52741283) 2 4 3 2 1 0 2 4 5 4 3 2 4 6 8 7 6 5 4 3 2 1 0 2 4 6 8 7 6 5 4 3 2 1 2 4 6 5 4 3 2 6 8 7 8
K=25 *int=3 B=33 i=52786916) 2 4 3 2 1 0 2 4 5 7 6 4* 3 2 1 0 2 4 3 2 4* 7 6 5 7 8 7 6 4* 3 2 1 0 2 4 3 2 5 7
K=25 *int=0 B=36 i=52804874) 2 4 3 2 1 0 2 4 6 5 4 3 2 1 0 2 4 6 5 4 3 2 4 6 7 6 5 4 3 2 1 0 2 4 6 8 7 6 5 4 3 2 1 0 8
K=25 *int=1 B=35 i=52804934) 2 4 3 2 1 0 2 4 6 5 4 3 2 1 0 2 4 6 5 4 3 2 4 6 7 6 5 4 3 2 4 6 8 7 6 5 4 3 1* 0 1 3 8
K=25 *int=0 B=36 i=52805184) 2 4 3 2 1 0 2 4 6 5 4 3 2 1 0 2 4 6 5 4 3 2 4 6 8 7 6 5 4 3 2 1 0 2 4 6 8 7 6 5 4 3 2 1 8
K=25 *int=0 B=36 i=52824433) 2 4 3 2 1 0 2 4 6 5 4 3 2 4 6 7 6 5 4 3 2 1 0 2 4 6 8 7 6 5 4 3 2 1 0 2 4 6 5 4 3 6 8 7 8
K=25 *int=0 B=36 i=52827623) 2 4 3 2 1 0 2 4 6 5 4 3 2 4 6 8 7 6 5 4 3 2 1 0 2 4 6 8 7 6 5 4 3 2 1 2 4 6 5 4 3 6 8 7 8
K=25 *int=3 B=33 i=52828215) 2 4 3 2 1 0 2 4 6 5 4 3 2 4 6 8 7 5* 4 3 1* 0 1 3 5 4 3 5 7* 6 5 4 3 2 1 3 5 7 8
K=25 *int=0 B=36 i=52849448) 2 4 3 2 1 0 2 4 6 7 6 5 4 3 2 1 0 2 4 6 5 4 3 2 4 6 8 7 6 5 4 3 2 1 0 2 4 6 8 7 6 5 4 3 8
K=25 *int=0 B=36 i=52861098) 2 4 3 2 1 0 2 4 6 8 7 6 5 4 3 2 1 0 2 4 6 5 4 3 2 4 6 8 7 6 5 4 3 2 1 2 4 6 8 7 6 5 4 3 8
K=25 *int=0 B=36 i=52865266) 2 4 3 2 1 0 2 4 7 6 5 4 3 2 1 0 2 4 6 5 4 3 2 4 6 8 7 6 5 4 3 2 1 0 2 4 6 8 7 6 5 4 3 2 8
K=25 *int=0 B=36 i=52882449) 2 4 3 2 1 0 2 4 8 7 6 5 4 3 2 1 0 2 4 6 5 4 3 2 4 6 8 7 6 5 4 3 2 1 2 4 6 8 7 6 5 4 3 2 8
K=25 *int=3 B=33 i=53005283) 2 4 3 2 1 0 1* 4 6 5 4 3 2 1 4 6 5 4 3 6 7 8 6* 4* 3 2 1 0 1 3 6 5 4 3 2 1 3 5 7
K=25 *int=1 B=35 i=53085787) 2 4 3 2 1 2 4 6 5 4 3 2 4 6 8 7 6 5 4 3 2 1 0 1* 4 6 8 7 6 5 4 3 2 1 4 6 5 4 3 6 8 7 8
K=25 *int=3 B=33 i=53092229) 2 4 3 2 1 2 4 6 5 4 6 8 7 6 5 3* 2 1 0 1 3 2 1 3 5* 4 3 5 8 6* 5 4 3 2 1 3 5 8 7
K=25 *int=3 B=33 i=53165150) 2 4 3 2 1 4 5 4 6 8 7 6 5 4 2* 1 0 1 4 6 5 3* 2 1 3 6 8 7 6 4* 3 2 1 3 6 5 8 7 8
K=25 *int=2 B=34 i=53238328) 2 4 3 2 1 4 6 5 4 6 8 7 6 5 4 2* 1 0 1 4 3 2 1 3 6 5 4 3 6 5 8 6* 5 4 3 2 1 3 5 8 7
K=25 *int=2 B=34 i=53238361) 2 4 3 2 1 4 6 5 4 6 8 7 6 5 4 2* 1 0 1 4 3 2 1 3 6 5 4 3 5* 8 7 6 5 4 3 2 1 3 5 8 7
K=25 *int=3 B=33 i=53238380) 2 4 3 2 1 4 6 5 4 6 8 7 6 5 4 2* 1 0 1 4 3 2 1 3 6 5 4 3 5* 7* 6 5 4 3 2 1 3 5 7
K=25 *int=3 B=33 i=53238469) 2 4 3 2 1 4 6 5 4 6 8 7 6 5 4 2* 1 0 1 4 3 2 1 3 5* 4 3 5 8 6* 5 4 3 2 1 3 5 8 7
K=25 *int=7 B=29 i=53250390) 2 4 3 2 1 4 6 5 4 2* 6 7 6 4* 6 8 7 5* 3* 1* 0 1 2* 1 4* 3 6 5 8 7 8
K=25 *int=8 B=28 i=53252698) 2 4 3 2 1 4 6 5 4 2* 0* 6 7 6 4* 2* 6 4* 8 6* 5 3* 1* 0 1 3 5 8 7
K=25 *int=4 B=32 i=53253499) 2 4 3 2 1 4 6 5 6 8 7 6 4* 2* 1 0 1 4 3 2 1 3 5* 4 3 5 8 6* 5 4 3 2 1 3 5 8 7
K=25 *int=7 B=29 i=53258414) 2 4 3 2 1 4 6 5 8 6* 4* 3 2 1 0 1 3* 2 1 5* 3* 7* 5* 4 3 2 1 3 5 7 8
K=25 *int=4 B=32 i=53258727) 2 4 3 2 1 4 6 5 8 6* 4* 2* 1 0 1 4 3 2 1 3 5 6 5 4 3 5 7* 6 5 4 3 2 1 3 5 7 8
K=25 *int=5 B=31 i=53258829) 2 4 3 2 1 4 6 5 8 6* 4* 2* 1 0 1 4 3 2 1 3 5* 4 3 5 8 6* 5 4 3 2 1 3 5 8 7
K=25 *int=5 B=31 i=53258845) 2 4 3 2 1 4 6 5 8 6* 4* 2* 1 0 1 4 3 2 1 3 5* 4 3 5 7* 6 5 4 3 2 1 3 5 7 8
K=25 *int=6 B=30 i=53258863) 2 4 3 2 1 4 6 5 8 6* 4* 2* 1 0 1 4 3 2 1 3 5* 4 3 7* 5* 4 3 2 1 3 5 7 8
K=25 *int=7 B=29 i=53258891) 2 4 3 2 1 4 6 5 8 6* 4* 2* 1 0 1 4 3 2 1 3 5* 4 7* 5* 3* 2 1 3 5 7 8
K=25 *int=7 B=29 i=53258966) 2 4 3 2 1 4 6 5 8 6* 4* 2* 1 0 1 4 3 2 1 5* 3* 7* 5* 4 3 2 1 3 5 7 8
K=25 *int=10 B=26 i=53271585) 2 4 3 2 1 4 6 7 5* 4 2* 0* 4* 2* 6* 4* 8 6* 5 3* 1* 0 3 5 8
K=25 *int=10 B=26 i=53291948) 2 4 3 2 1 4 7 5* 4 2* 0* 4* 2* 6* 4* 8 6* 5 3* 1* 0 3 2 5 8
K=25 *int=5 B=31 i=53296882) 2 4 3 2 1 4 5* 8 7 6 4* 2* 1 0 1 4 3 2 1 3 5* 4 3 5 8 6* 5 4 3 2 1 3 5 8 7
K=25 *int=0 B=36 i=53342493) 2 4 3 2 4 5 4 3 2 1 0 2 4 6 7 6 5 4 3 2 1 0 2 4 6 5 4 3 2 4 6 8 7 6 5 4 3 2 1 0 2 6 8 7 8
K=25 *int=0 B=36 i=53343996) 2 4 3 2 4 5 4 3 2 1 0 2 4 6 8 7 6 5 4 3 2 1 0 2 4 6 5 4 3 2 4 6 8 7 6 5 4 3 2 1 2 6 8 7 8
K=25 *int=0 B=36 i=53375182) 2 4 3 2 4 5 4 6 7 6 5 4 3 2 1 0 2 4 3 2 4 6 5 4 6 8 7 6 5 4 3 2 1 0 2 4 3 2 4 6 5 6 8 7 8
K=25 *int=0 B=36 i=53386439) 2 4 3 2 4 5 4 6 8 7 6 5 4 3 2 1 0 2 4 3 2 4 6 5 4 6 8 7 6 5 4 3 2 1 2 4 3 2 4 6 5 6 8 7 8
K=25 *int=10 B=26 i=53433104) 2 4 3 2 4 5 8 6* 4* 3 1* 0 3* 1* 5* 3* 7* 5* 4 2* 1 2 5 7 8
K=25 *int=0 B=36 i=53437150) 2 4 3 2 4 6 5 4 3 2 1 0 2 4 6 7 6 5 4 3 2 1 0 2 4 6 5 4 3 2 4 6 8 7 6 5 4 3 2 1 0 6 8 7 8
K=25 *int=0 B=36 i=53439014) 2 4 3 2 4 6 5 4 3 2 1 0 2 4 6 8 7 6 5 4 3 2 1 0 2 4 6 5 4 3 2 4 6 8 7 6 5 4 3 2 1 6 8 7 8
K=25 *int=0 B=36 i=53455871) 2 4 3 2 4 6 5 4 6 7 6 5 4 3 2 1 0 2 4 3 2 4 6 5 4 6 8 7 6 5 4 3 2 1 0 2 4 3 4 6 5 6 8 7 8
K=25 *int=1 B=35 i=53464012) 2 4 3 2 4 6 5 4 6 8 7 6 5 4 3 2 1 0 2 4 3 2 1 4 6 5 4 6 8 7 6 5 4 2* 1 4 3 6 5 6 8 7 8
K=25 *int=0 B=36 i=53464210) 2 4 3 2 4 6 5 4 6 8 7 6 5 4 3 2 1 0 2 4 3 2 4 6 5 4 6 8 7 6 5 4 3 2 1 2 4 3 4 6 5 6 8 7 8
K=25 *int=2 B=34 i=53464816) 2 4 3 2 4 6 5 4 6 8 7 6 5 4 3 2 1 0 1* 4 3 2 1 4 6 5 4 3 6 8 7 6 4* 3 2 1 3 6 5 8 7
K=25 *int=8 B=28 i=53477571) 2 4 3 2 4 6 5 8 6* 4* 3 2 1 0 1* 3* 2 1 5* 3* 7* 5* 4 3 2 1 3 5 7
K=25 *int=8 B=28 i=53477732) 2 4 3 2 4 6 5 8 6* 4* 3 1* 0 1 3* 2 1 5* 3* 7* 5* 4 3 2 1 3 5 7 8
K=25 *int=9 B=27 i=53477980) 2 4 3 2 4 6 5 8 6* 4* 3 1* 0 3* 1* 5* 3* 7* 5* 4 3 2 1 3 5 7 8
K=25 *int=10 B=26 i=53477988) 2 4 3 2 4 6 5 8 6* 4* 3 1* 0 3* 1* 5* 3* 7* 5* 4 2* 1 5 7 8
K=25 *int=0 B=36 i=53481328) 2 4 3 2 4 6 7 6 5 4 3 2 1 0 2 4 6 8 7 6 5 4 3 2 1 0 2 4 6 5 4 3 2 4 6 8 7 6 5 4 3 6 8 7 8
K=25 *int=0 B=36 i=53492762) 2 4 3 2 4 6 8 7 6 5 4 3 2 1 0 2 4 6 8 7 6 5 4 3 2 1 2 4 6 5 4 3 2 4 6 8 7 6 5 4 3 6 8 7 8
K=25 *int=0 B=36 i=53497261) 2 4 3 2 4 7 6 5 4 3 2 1 0 2 4 6 8 7 6 5 4 3 2 1 0 2 4 6 5 4 3 2 4 6 8 7 6 5 4 3 2 6 8 7 8
K=25 *int=0 B=36 i=53512799) 2 4 3 2 4 8 7 6 5 4 3 2 1 0 2 4 6 8 7 6 5 4 3 2 1 2 4 6 5 4 3 2 4 6 8 7 6 5 4 3 2 6 8 7 8
K=25 *int=5 B=31 i=53559446) 2 4 3 2 0* 4 5 7 6 4* 2* 1 0 4 2* 5 7 6 5 4 3 5 7 8 7 6 5 4 2* 1 0 2 3 5 7
K=25 *int=9 B=27 i=53564625) 2 4 3 4 6 5 8 6* 4* 2* 1 0 1* 3* 2 1 5* 3* 7* 5* 4 3 2 1 3 5 7
K=25 *int=7 B=29 i=53690464) 2 4 3 6 4* 2* 1 8 6* 4* 2* 1 0 1 8 6* 4* 3 2 1 3 6 5 4 3 5 7 6 7 8 7
K=25 *int=4 B=32 i=53724271) 2 4 3 1* 4 6 5 4 6 8 7 6 5 3* 2 1 0 1 3 2 1 3 5* 4 3 5 8 6* 5 4 3 2 1 3 5 8 7
K=25 *int=0 B=36 i=53769078) 2 4 5 4 3 2 1 0 2 4 3 2 4 6 5 4 6 7 6 5 4 3 2 1 0 2 4 3 2 4 6 5 4 6 8 7 6 5 4 3 2 1 0 2 8
K=25 *int=0 B=36 i=53769748) 2 4 5 4 3 2 1 0 2 4 3 2 4 6 5 4 6 8 7 6 5 4 3 2 1 0 2 4 3 2 4 6 5 4 6 8 7 6 5 4 3 2 1 2 8
K=25 *int=0 B=36 i=53796170) 2 4 5 4 3 2 1 0 2 4 6 5 4 3 2 4 6 7 6 5 4 3 2 1 0 2 4 6 8 7 6 5 4 3 2 1 0 2 4 6 5 6 8 7 8
K=25 *int=0 B=36 i=53797322) 2 4 5 4 3 2 1 0 2 4 6 5 4 3 2 4 6 8 7 6 5 4 3 2 1 0 2 4 6 8 7 6 5 4 3 2 1 2 4 6 5 6 8 7 8
K=25 *int=0 B=36 i=53806587) 2 4 5 4 3 2 1 0 2 4 6 7 6 5 4 3 2 1 0 2 4 6 5 4 3 2 4 6 8 7 6 5 4 3 2 1 0 2 4 6 8 7 6 5 8
K=25 *int=0 B=36 i=53814240) 2 4 5 4 3 2 1 0 2 4 6 8 7 6 5 4 3 2 1 0 2 4 6 5 4 3 2 4 6 8 7 6 5 4 3 2 1 2 4 6 8 7 6 5 8
K=25 *int=3 B=33 i=53816749) 2 4 5 4 3 2 1 0 2 4 7 6 5 4 3 2 1 0 2 4 3 6* 4* 2* 6 5 7 8 7 6 5 4 3 2 1 0 2 5 7
K=25 *int=1 B=35 i=53866484) 2 4 5 4 3 2 1 2 4 6 5 4 3 2 4 6 8 7 6 5 4 3 2 1 0 1* 4 6 8 7 6 5 4 3 2 1 4 6 5 6 8 7 8
K=25 *int=1 B=35 i=53951478) 2 4 5 4 3 2 4 6 7 6 5 4 3 2 1 0 2 4 6 8 7 6 5 4 3 2 1 0 2 4 6 5 4 3 2 4 6 5 8 6* 5 8 7
K=25 *int=0 B=36 i=53951490) 2 4 5 4 3 2 4 6 7 6 5 4 3 2 1 0 2 4 6 8 7 6 5 4 3 2 1 0 2 4 6 5 4 3 2 4 6 8 7 6 5 6 8 7 8
K=25 *int=1 B=35 i=53959825) 2 4 5 4 3 2 4 6 8 7 6 5 4 3 2 1 0 2 4 6 8 7 6 5 4 3 2 1 2 4 6 5 4 3 2 4 6 5 8 6* 5 8 7
K=25 *int=0 B=36 i=53959837) 2 4 5 4 3 2 4 6 8 7 6 5 4 3 2 1 0 2 4 6 8 7 6 5 4 3 2 1 2 4 6 5 4 3 2 4 6 8 7 6 5 6 8 7 8
K=25 *int=0 B=36 i=54019433) 2 4 5 4 6 7 6 5 4 3 2 1 0 2 4 3 2 4 6 5 4 6 8 7 6 5 4 3 2 1 0 2 4 3 2 4 6 5 4 6 8 7 6 5 8
K=25 *int=0 B=36 i=54036810) 2 4 5 4 6 8 7 6 5 4 3 2 1 0 2 4 3 2 4 6 5 4 6 8 7 6 5 4 3 2 1 2 4 3 2 4 6 5 4 6 8 7 6 5 8
K=25 *int=1 B=35 i=54151540) 2 4 5 3* 2 1 0 1 3 2 1 3 5 6 5 4 3 2 1 3 5 7 6 5 4 3 5 7 8 7 6 5 4 3 2 1 0 1 3 2 1 5 7
K=25 *int=1 B=35 i=54153376) 2 4 5 3* 2 1 0 1 3 2 1 3 5 7 6 5 4 3 2 1 3 5 7 6 5 4 3 5 7 8 7 6 5 4 3 2 1 0 1 3 2 5 7
K=25 *int=1 B=35 i=54177513) 2 4 5 3* 2 1 3 5 6 5 7 8 7 6 5 4 3 2 1 0 1 3 5 4 3 2 1 3 5 7 6 5 4 3 2 1 5 7 6 5 7 8 7
K=25 *int=1 B=35 i=54181505) 2 4 5 3* 2 1 3 5 7 6 5 7 8 7 6 5 4 3 2 1 0 1 3 5 4 3 2 1 3 5 7 6 5 4 3 2 5 7 6 5 7 8 7
K=25 *int=10 B=26 i=54210201) 2 4 5 3* 1* 0 7 5* 3* 1* 0 7 5* 3* 2 7* 5* 3* 2 1 0 2 5 7 8
K=25 *int=0 B=36 i=54238521) 2 4 6 5 4 3 2 1 0 2 4 3 2 4 6 5 4 6 7 6 5 4 3 2 1 0 2 4 3 2 4 6 5 4 6 8 7 6 5 4 3 2 1 0 8
K=25 *int=0 B=36 i=54239363) 2 4 6 5 4 3 2 1 0 2 4 3 2 4 6 5 4 6 8 7 6 5 4 3 2 1 0 2 4 3 2 4 6 5 4 6 8 7 6 5 4 3 2 1 8
K=25 *int=0 B=36 i=54251999) 2 4 6 5 4 3 2 1 0 2 4 6 5 4 3 2 4 6 7 6 5 4 3 2 1 0 2 4 6 8 7 6 5 4 3 2 1 0 4 6 5 6 8 7 8
K=25 *int=0 B=36 i=54252949) 2 4 6 5 4 3 2 1 0 2 4 6 5 4 3 2 4 6 8 7 6 5 4 3 2 1 0 2 4 6 8 7 6 5 4 3 2 1 4 6 5 6 8 7 8
K=25 *int=0 B=36 i=54260566) 2 4 6 5 4 3 2 1 0 2 4 6 7 6 5 4 3 2 1 0 2 4 6 5 4 3 2 4 6 8 7 6 5 4 3 2 1 0 4 6 8 7 6 5 8
K=25 *int=7 B=29 i=54268109) 2 4 6 5 4 3 2 1 0 2 4 6 7 5* 3* 2 1 0 2* 4* 6* 8 7 5* 3* 2 1 0 3 5 7
K=25 *int=8 B=28 i=54268693) 2 4 6 5 4 3 2 1 0 2 4 6 7 5* 3* 2 7* 5* 3* 1* 0 1 3 4* 3 6* 5 8 7
K=25 *int=0 B=36 i=54269710) 2 4 6 5 4 3 2 1 0 2 4 6 8 7 6 5 4 3 2 1 0 2 4 6 5 4 3 2 4 6 8 7 6 5 4 3 2 1 4 6 8 7 6 5 8
K=25 *int=7 B=29 i=54311521) 2 4 6 5 4 3 2 1 2 4 6 8 7 5* 3* 2 1 0 1 7* 5* 3* 2 1 3 4* 3 6* 5 8 7
K=25 *int=3 B=33 i=54319549) 2 4 6 5 4 3 2 1 4 6 5 8 6* 4* 2* 1 0 1 4 3 5 8 7 6 5 4 3 2 1 3 5 4 5 7 6 5 7 8 7
K=25 *int=3 B=33 i=54329335) 2 4 6 5 4 3 2 1 4 6 8 7 6 5 4 3 2 1 0 1 3* 6 8 7 5* 4 3 2 1 3 5 4 3 5 7* 6 5 7 8
K=25 *int=2 B=34 i=54329910) 2 4 6 5 4 3 2 1 4 6 8 7 6 5 4 2* 1 0 1 4 3 6 5 8 7 6 5 4 3 2 1 3 5 4 3 5 7* 6 5 7 8
K=25 *int=2 B=34 i=54329945) 2 4 6 5 4 3 2 1 4 6 8 7 6 5 4 2* 1 0 1 4 3 6 5 8 6* 5 4 3 2 1 3 5 4 3 5 8 7 6 5 7 8
K=25 *int=3 B=33 i=54329948) 2 4 6 5 4 3 2 1 4 6 8 7 6 5 4 2* 1 0 1 4 3 6 5 8 6* 5 4 3 2 1 3 5 4 3 5 8 6* 5 8
K=25 *int=3 B=33 i=54329995) 2 4 6 5 4 3 2 1 4 6 8 7 6 5 4 2* 1 0 1 4 3 6 8 7 5* 4 3 2 1 3 5 4 3 5 7* 6 5 7 8
K=25 *int=4 B=32 i=54330163) 2 4 6 5 4 3 2 1 4 6 8 7 6 5 4 2* 1 0 1 4 6 8 7 6 5 3* 2 1 3 6 4* 3 8 6* 5 8 7
K=25 *int=4 B=32 i=54330201) 2 4 6 5 4 3 2 1 4 6 8 7 6 5 4 2* 1 0 1 4 6 8 7 5* 3* 2 1 3 5 4 3 5 7* 6 5 7 8
K=25 *int=5 B=31 i=54330218) 2 4 6 5 4 3 2 1 4 6 8 7 6 5 4 2* 1 0 1 4 6 8 7 5* 3* 2 1 3 4* 3 8 6* 5 8 7
K=25 *int=5 B=31 i=54330224) 2 4 6 5 4 3 2 1 4 6 8 7 6 5 4 2* 1 0 1 4 6 8 7 5* 3* 2 1 3 4* 3 7* 6 5 7 8
K=25 *int=5 B=31 i=54330238) 2 4 6 5 4 3 2 1 4 6 8 7 6 5 4 2* 1 0 1 4 6 8 7 5* 3* 2 1 5 3* 5 7* 6 5 7 8
K=25 *int=6 B=30 i=54330288) 2 4 6 5 4 3 2 1 4 6 8 7 6 5 4 2* 1 0 1 4 6 7* 5* 3* 2 1 3 4* 3 6* 5 8 7
K=25 *int=7 B=29 i=54331049) 2 4 6 5 4 3 2 1 4 6 8 7 5* 4 2* 1 0 1 4 7* 5* 3* 2 1 3 4* 3 6* 5 8 7
K=25 *int=7 B=29 i=54336365) 2 4 6 5 4 3 2 1 4 8 6* 5 4 2* 1 0 1 4 6 7* 5* 3* 2 1 3 4* 3 6* 5 8 7
K=25 *int=1 B=35 i=54344822) 2 4 6 5 4 3 2 4 6 7 6 5 4 3 2 1 0 2 4 6 8 7 6 5 4 3 2 1 0 2 4 6 5 4 3 4 6 5 8 6* 5 8 7
K=25 *int=0 B=36 i=54344834) 2 4 6 5 4 3 2 4 6 7 6 5 4 3 2 1 0 2 4 6 8 7 6 5 4 3 2 1 0 2 4 6 5 4 3 4 6 8 7 6 5 6 8 7 8
K=25 *int=3 B=33 i=54349895) 2 4 6 5 4 3 2 4 6 7 8 6* 5 4 3 2 1 0 1* 4 6 5 3* 2 1 3 5 7 6 5 4 3 5 7 8 7 6 5 7
K=25 *int=1 B=35 i=54353001) 2 4 6 5 4 3 2 4 6 8 7 6 5 4 3 2 1 0 2 4 6 8 7 6 5 4 3 2 1 2 4 6 5 4 3 4 6 5 8 6* 5 8 7
K=25 *int=0 B=36 i=54353013) 2 4 6 5 4 3 2 4 6 8 7 6 5 4 3 2 1 0 2 4 6 8 7 6 5 4 3 2 1 2 4 6 5 4 3 4 6 8 7 6 5 6 8 7 8
K=25 *int=4 B=32 i=54353364) 2 4 6 5 4 3 2 4 6 8 7 6 5 4 3 2 1 0 1* 4 3 4 6 5 8 6* 4* 2* 1 4 3 5 8 7 6 5 7
K=25 *int=1 B=35 i=54353606) 2 4 6 5 4 3 2 4 6 8 7 6 5 4 3 2 1 0 1* 4 6 8 7 6 5 4 3 2 1 4 6 5 4 3 4 6 8 7 6 5 6 8 7
K=25 *int=5 B=31 i=54353790) 2 4 6 5 4 3 2 4 6 8 7 6 5 4 3 2 1 0 1* 3* 6 5 8 6* 4* 2* 1 4 3 5 8 7 6 5 7
K=25 *int=4 B=32 i=54353900) 2 4 6 5 4 3 2 4 6 8 7 6 5 4 3 1* 0 1 3* 6 8 7 5* 4 3 2 1 3 5 4 3 5 7* 6 5 7 8
K=25 *int=6 B=30 i=54362500) 2 4 6 5 4 3 4 6 8 7 6 5 4 2* 1 0 1* 3* 6 5 8 6* 4* 2* 1 4 3 5 8 7 6 5 7
K=25 *int=7 B=29 i=54368107) 2 4 6 5 4 3 6 8 7 6 4* 2* 1 0 1* 3* 6 5 8 6* 4* 2* 1 4 3 5 8 7 6 5 7
K=25 *int=7 B=29 i=54368163) 2 4 6 5 4 3 6 8 7 6 4* 2* 1 0 1* 3* 5* 8 7 6 4* 2* 1 4 3 5 8 7 6 5 7
K=25 *int=8 B=28 i=54368186) 2 4 6 5 4 3 6 8 7 6 4* 2* 1 0 1* 3* 5* 7* 6 4* 2* 1 4 3 5 7 6 5 7
K=25 *int=9 B=27 i=54370993) 2 4 6 5 4 3 8 6* 4* 2* 1 0 1* 3* 5* 7* 6 4* 2* 1 4 3 5 7 6 5 7
K=25 *int=8 B=28 i=54373682) 2 4 6 5 4 3 1* 4 6 8 7 5* 3* 2 1 0 1 7* 5* 3* 2 1 3 4* 3 6* 5 8 7
K=25 *int=0 B=36 i=54376894) 2 4 6 5 4 6 7 6 5 4 3 2 1 0 2 4 3 2 4 6 5 4 6 8 7 6 5 4 3 2 1 0 2 4 3 4 6 5 4 6 8 7 6 5 8
K=25 *int=0 B=36 i=54387836) 2 4 6 5 4 6 8 7 6 5 4 3 2 1 0 2 4 3 2 4 6 5 4 6 8 7 6 5 4 3 2 1 2 4 3 4 6 5 4 6 8 7 6 5 8
K=25 *int=3 B=33 i=54389340) 2 4 6 5 4 6 8 7 6 5 3* 2 1 0 1 3 2 1 3 5* 4 3 5 8 6* 5 4 3 2 1 3 5 4 5 8 7 6 5 7
K=25 *int=1 B=35 i=54411013) 2 4 6 5 3* 2 1 0 1 3 2 1 3 5 7 6 5 4 3 2 1 3 5 7 6 5 4 3 5 7 8 7 6 5 4 3 2 1 0 1 3 5 7
K=25 *int=1 B=35 i=54421558) 2 4 6 5 3* 2 1 3 5 7 6 5 7 8 7 6 5 4 3 2 1 0 1 3 5 4 3 2 1 3 5 7 6 5 4 3 5 7 6 5 7 8 7
K=25 *int=7 B=29 i=54431164) 2 4 6 5 3* 6 8 7 6 5 4 2* 1 0 1* 3* 6 5 8 6* 4* 2* 1 4 3 5 8 7 6 5 7
K=25 *int=9 B=27 i=54438005) 2 4 6 5 3* 1* 6 8 7 5* 3* 2 1 0 1 7* 5* 3* 2 1 3 4* 3 6* 5 8 7
K=25 *int=0 B=36 i=54449973) 2 4 6 7 6 5 4 3 2 1 0 2 4 3 2 4 6 5 4 6 8 7 6 5 4 3 2 1 0 2 4 3 2 4 6 5 4 6 8 7 6 5 4 3 8
K=25 *int=1 B=35 i=54453734) 2 4 6 7 6 5 4 3 2 1 0 2 4 6 5 4 3 2 4 6 8 7 6 5 4 3 2 1 0 2 4 3 6 8 7 6 4* 3 6 5 8 7 8
K=25 *int=0 B=36 i=54453763) 2 4 6 7 6 5 4 3 2 1 0 2 4 6 5 4 3 2 4 6 8 7 6 5 4 3 2 1 0 2 4 6 8 7 6 5 4 3 4 6 5 6 8 7 8
K=25 *int=0 B=36 i=54456418) 2 4 6 7 6 5 4 3 2 1 0 2 4 6 8 7 6 5 4 3 2 1 0 2 4 6 5 4 3 2 4 6 8 7 6 5 4 3 4 6 8 7 6 5 8
K=25 *int=2 B=34 i=54506789) 2 4 6 8 7 6 5 4 3 2 1 0 2 1 4 6 5 4 2* 1 4 3 6 5 8 6* 5 4 3 2 1 3 5 8 7 6 5 4 3 5 7
K=25 *int=0 B=36 i=54509546) 2 4 6 8 7 6 5 4 3 2 1 0 2 4 3 2 4 6 5 4 6 8 7 6 5 4 3 2 1 2 4 3 2 4 6 5 4 6 8 7 6 5 4 3 8
K=25 *int=2 B=34 i=54512332) 2 4 6 8 7 6 5 4 3 2 1 0 2 4 6 5 4 3 2 1 4 6 8 7 6 5 4 2* 1 4 3 6 5 8 6* 5 4 3 5 8 7
K=25 *int=1 B=35 i=54512752) 2 4 6 8 7 6 5 4 3 2 1 0 2 4 6 5 4 3 2 4 6 8 7 6 5 4 3 2 1 2 4 3 6 8 7 6 4* 3 6 5 8 7 8
K=25 *int=0 B=36 i=54512777) 2 4 6 8 7 6 5 4 3 2 1 0 2 4 6 5 4 3 2 4 6 8 7 6 5 4 3 2 1 2 4 6 8 7 6 5 4 3 4 6 5 6 8 7 8
K=25 *int=0 B=36 i=54514338) 2 4 6 8 7 6 5 4 3 2 1 0 2 4 6 8 7 6 5 4 3 2 1 2 4 6 5 4 3 2 4 6 8 7 6 5 4 3 4 6 8 7 6 5 8
K=25 *int=2 B=34 i=54517383) 2 4 6 8 7 6 5 4 3 2 1 0 1* 4 6 5 4 3 2 1 4 3 6 5 8 6* 5 4 3 2 1 3 5 8 7 6 5 4 3 5 7
K=25 *int=3 B=33 i=54518293) 2 4 6 8 7 6 5 4 3 2 1 0 1* 4 6 5 3* 2 1 3 6 5 8 6* 5 4 3 2 1 3 5 8 7 6 5 4 3 5 7
K=25 *int=3 B=33 i=54518342) 2 4 6 8 7 6 5 4 3 2 1 0 1* 4 6 5 3* 2 1 3 5* 8 7 6 5 4 3 2 1 3 5 8 7 6 5 4 3 5 7
K=25 *int=4 B=32 i=54518383) 2 4 6 8 7 6 5 4 3 2 1 0 1* 4 6 5 3* 2 1 3 5* 7* 6 5 4 3 2 1 3 5 7 6 5 4 3 5 7
K=25 *int=4 B=32 i=54518855) 2 4 6 8 7 6 5 4 3 2 1 0 1* 4 5* 3* 2 1 3 5 8 6* 5 4 3 2 1 3 5 8 7 6 5 4 3 5 7
K=25 *int=3 B=33 i=54519023) 2 4 6 8 7 6 5 4 3 1* 0 1 4 6 5 4 2* 1 4 3 6 5 8 6* 5 4 3 2 1 3 5 8 7 6 5 4 3 5 7
K=25 *int=3 B=33 i=54519175) 2 4 6 8 7 6 5 4 3 1* 0 1 3* 6 5 4 3 2 1 3 6 8 7 6 5 4 3 2 1 3 5* 8 7 6 5 4 3 5 8
K=25 *int=5 B=31 i=54521348) 2 4 6 8 7 6 5 3* 2 1 0 1* 5* 3* 2 1 3 5 8 6* 5 4 3 2 1 3 5 8 7 6 5 4 3 5 7
K=25 *int=8 B=28 i=54523001) 2 4 6 8 7 6 5 3* 1* 0 5* 3* 1* 8 7 5* 3* 2 1 3 5 8 6* 5 4 3 5 8 7
K=25 *int=8 B=28 i=54523011) 2 4 6 8 7 6 5 3* 1* 0 5* 3* 1* 8 7 5* 3* 2 1 3 5 7* 6 5 4 3 5 7 8
K=25 *int=9 B=27 i=54523023) 2 4 6 8 7 6 5 3* 1* 0 5* 3* 1* 8 7 5* 3* 2 1 3 7* 5* 4 3 5 7 8
K=25 *int=10 B=26 i=54523041) 2 4 6 8 7 6 5 3* 1* 0 5* 3* 1* 8 7 5* 3* 2 1 7* 5* 3* 5 7 8
K=25 *int=9 B=27 i=54523061) 2 4 6 8 7 6 5 3* 1* 0 5* 3* 1* 7* 5* 3* 2 1 3 5 6* 5 4 3 5 8 7
K=25 *int=7 B=29 i=54527025) 2 4 6 8 7 5* 3* 2 1 0 1 7* 5* 3* 2 1 3 4* 3 2 3 6* 5 4 3 5 8 7 6 5 7
K=25 *int=0 B=36 i=54541434) 2 4 7 6 5 4 3 2 1 0 2 4 3 2 4 6 5 4 6 8 7 6 5 4 3 2 1 0 2 4 3 2 4 6 5 4 6 8 7 6 5 4 3 2 8
K=25 *int=0 B=36 i=54546224) 2 4 7 6 5 4 3 2 1 0 2 4 6 5 4 3 2 4 6 8 7 6 5 4 3 2 1 0 2 4 6 8 7 6 5 4 3 2 4 6 5 6 8 7 8
K=25 *int=0 B=36 i=54548966) 2 4 7 6 5 4 3 2 1 0 2 4 6 8 7 6 5 4 3 2 1 0 2 4 6 5 4 3 2 4 6 8 7 6 5 4 3 2 4 6 8 7 6 5 8
K=25 *int=1 B=35 i=54583596) 2 4 7 6 5 3* 2 1 0 1 3 2 1 3 5 7 6 5 4 3 2 1 3 5 7 6 5 4 3 5 7 8 7 6 5 4 3 2 1 0 3 5 7
K=25 *int=1 B=35 i=54587993) 2 4 7 6 5 3* 2 1 3 5 7 6 5 7 8 7 6 5 4 3 2 1 0 1 3 5 4 3 2 3 5 7 6 5 4 3 5 7 6 5 7 8 7
K=25 *int=1 B=35 i=54608789) 2 4 7 8 7 6 5 3* 2 1 0 1 3 2 1 3 5 7 6 5 4 3 2 1 3 5 7 6 5 4 3 5 7 8 7 6 5 4 3 2 3 5 7
K=25 *int=10 B=26 i=54615638) 2 4 7 8 6* 5 3* 1* 0 5* 3* 1* 7* 5* 3* 2 3 5 6* 5 4 3 5 8 7
K=25 *int=10 B=26 i=54623737) 2 4 7 5* 3* 2 0* 2* 4* 6* 8 7 5* 3* 1* 0 5 3* 2 3 5 7 6 5 7
K=25 *int=10 B=26 i=54623905) 2 4 7 5* 3* 2 7* 5* 3* 1* 0 1 2* 4* 6* 5 3* 2 3 5 8 7 6 5 7
K=25 *int=0 B=36 i=54632735) 2 4 8 7 6 5 4 3 2 1 0 2 4 3 2 4 6 5 4 6 8 7 6 5 4 3 2 1 2 4 3 2 4 6 5 4 6 8 7 6 5 4 3 2 8
K=25 *int=0 B=36 i=54635178) 2 4 8 7 6 5 4 3 2 1 0 2 4 6 5 4 3 2 4 6 8 7 6 5 4 3 2 1 2 4 6 8 7 6 5 4 3 2 4 6 5 6 8 7 8
K=25 *int=0 B=36 i=54636471) 2 4 8 7 6 5 4 3 2 1 0 2 4 6 8 7 6 5 4 3 2 1 2 4 6 5 4 3 2 4 6 8 7 6 5 4 3 2 4 6 8 7 6 5 8
K=25 *int=1 B=35 i=54644254) 2 4 8 7 6 5 3* 2 1 0 1 3 2 1 3 5 7 6 5 4 3 2 1 3 5 7 6 5 4 3 5 7 8 7 6 5 4 3 2 1 3 5 7
K=25 *int=10 B=26 i=54653223) 2 4 8 6* 5 3* 1* 0 5* 3* 1* 7* 5* 3* 2 1 3 5 6* 5 4 3 5 8 7
K=25 *int=10 B=26 i=54653980) 2 4 5* 3* 1* 8 7 5* 3* 2 1 0 1 7* 5* 3* 2 1 3 4* 3 6* 5 8 7
K=25 *int=0 B=36 i=54674690) 2 5 4 3 2 1 0 2 4 3 2 4 6 5 4 6 7 6 5 4 3 2 1 0 2 4 3 2 4 6 5 4 6 8 7 6 5 4 3 2 1 0 2 4 8
K=25 *int=0 B=36 i=54675067) 2 5 4 3 2 1 0 2 4 3 2 4 6 5 4 6 8 7 6 5 4 3 2 1 0 2 4 3 2 4 6 5 4 6 8 7 6 5 4 3 2 1 2 4 8
K=25 *int=0 B=36 i=54696489) 2 5 4 3 2 1 0 2 4 6 5 4 3 2 4 6 7 6 5 4 3 2 1 0 2 4 6 8 7 6 5 4 3 2 1 0 2 4 6 5 4 6 8 7 8
K=25 *int=0 B=36 i=54697827) 2 5 4 3 2 1 0 2 4 6 5 4 3 2 4 6 8 7 6 5 4 3 2 1 0 2 4 6 8 7 6 5 4 3 2 1 2 4 6 5 4 6 8 7 8
K=25 *int=0 B=36 i=54707139) 2 5 4 3 2 1 0 2 4 6 7 6 5 4 3 2 1 0 2 4 6 5 4 3 2 4 6 8 7 6 5 4 3 2 1 0 2 4 6 8 7 6 5 4 8
K=25 *int=0 B=36 i=54713671) 2 5 4 3 2 1 0 2 4 6 8 7 6 5 4 3 2 1 0 2 4 6 5 4 3 2 4 6 8 7 6 5 4 3 2 1 2 4 6 8 7 6 5 4 8
K=25 *int=1 B=35 i=54797142) 2 5 4 3 2 1 2 4 6 5 4 3 2 4 6 8 7 6 5 4 3 2 1 0 1* 4 6 8 7 6 5 4 3 2 1 4 6 5 4 6 8 7 8
K=25 *int=0 B=36 i=54899346) 2 5 4 3 2 4 6 7 6 5 4 3 2 1 0 2 4 6 8 7 6 5 4 3 2 1 0 2 4 6 5 4 3 2 4 6 8 7 6 5 4 6 8 7 8
K=25 *int=0 B=36 i=54906269) 2 5 4 3 2 4 6 8 7 6 5 4 3 2 1 0 2 4 6 8 7 6 5 4 3 2 1 2 4 6 5 4 3 2 4 6 8 7 6 5 4 6 8 7 8
K=25 *int=5 B=31 i=54932106) 2 5 4 3 2 0* 2 4* 7 6 5 3* 1* 0 3 5 7 6 5 4 2* 5 7 8 7 6 5 4 3 2 1 0 2 5 7
K=25 *int=0 B=36 i=55030325) 2 5 4 6 7 6 5 4 3 2 1 0 2 4 3 2 4 6 5 4 6 8 7 6 5 4 3 2 1 0 2 4 3 2 4 6 5 4 6 8 7 6 5 4 8
K=25 *int=0 B=36 i=55057092) 2 5 4 6 8 7 6 5 4 3 2 1 0 2 4 3 2 4 6 5 4 6 8 7 6 5 4 3 2 1 2 4 3 2 4 6 5 4 6 8 7 6 5 4 8
K=25 *int=1 B=35 i=55092455) 2 5 4 7 5* 4 3 2 1 0 2 4 3 2 4 7 6 5 4 6 8 7 6 5 4 3 2 1 0 2 4 3 2 4 6 5 4 6 8 7 6 5 8
K=25 *int=10 B=26 i=55101673) 2 5 4 7 5* 3* 2 0* 2* 4* 6* 8 7 5* 3* 1* 0 5 3* 2 5 7 6 5 7
K=25 *int=10 B=26 i=55101814) 2 5 4 7 5* 3* 2 7* 5* 3* 1* 0 1 2* 4* 6* 5 3* 2 5 8 7 6 5 7
K=25 *int=10 B=26 i=55123355) 2 5 4 5* 3* 1* 8 7 5* 3* 2 1 0 1 7* 5* 3* 2 1 3 4* 6* 5 8 7
K=25 *int=10 B=26 i=55251682) 2 5 6 4* 3 8 6* 4* 2* 1 0 1* 3* 5* 7* 6 4* 2* 1 4 5 7 6 5 7
K=25 *int=10 B=26 i=55308362) 2 5 7 6 5 3* 5 7 8 6* 4* 2* 1 0 1* 3* 2 5* 3* 2 7* 5* 4 5 7
K=25 *int=1 B=35 i=55324805) 2 5 7 8 6* 5 4 3 2 1 0 2 4 6 5 4 3 2 1 2 4 6 5 4 3 2 4 6 8 7 6 5 4 3 2 4 6 8 7 6 5 4 8
K=25 *int=10 B=26 i=55369255) 2 5 3* 1* 0 7 5* 3* 1* 0 7 5* 3* 2 7* 5* 3* 2 1 0 2 5 4 7 8
K=25 *int=0 B=36 i=55389697) 2 6 5 4 3 2 1 0 2 4 3 2 4 6 5 4 6 7 6 5 4 3 2 1 0 2 4 3 2 4 6 5 4 6 8 7 6 5 4 3 2 1 0 4 8
K=25 *int=0 B=36 i=55390237) 2 6 5 4 3 2 1 0 2 4 3 2 4 6 5 4 6 8 7 6 5 4 3 2 1 0 2 4 3 2 4 6 5 4 6 8 7 6 5 4 3 2 1 4 8
K=25 *int=0 B=36 i=55397014) 2 6 5 4 3 2 1 0 2 4 6 5 4 3 2 4 6 7 6 5 4 3 2 1 0 2 4 6 8 7 6 5 4 3 2 1 0 4 6 5 4 6 8 7 8
K=25 *int=0 B=36 i=55398253) 2 6 5 4 3 2 1 0 2 4 6 5 4 3 2 4 6 8 7 6 5 4 3 2 1 0 2 4 6 8 7 6 5 4 3 2 1 4 6 5 4 6 8 7 8
K=25 *int=0 B=36 i=55403992) 2 6 5 4 3 2 1 0 2 4 6 7 6 5 4 3 2 1 0 2 4 6 5 4 3 2 4 6 8 7 6 5 4 3 2 1 0 4 6 8 7 6 5 4 8
K=25 *int=0 B=36 i=55411494) 2 6 5 4 3 2 1 0 2 4 6 8 7 6 5 4 3 2 1 0 2 4 6 5 4 3 2 4 6 8 7 6 5 4 3 2 1 4 6 8 7 6 5 4 8
K=25 *int=0 B=36 i=55485121) 2 6 5 4 3 2 4 6 7 6 5 4 3 2 1 0 2 4 6 8 7 6 5 4 3 2 1 0 2 4 6 5 4 3 4 6 8 7 6 5 4 6 8 7 8
K=25 *int=0 B=36 i=55490326) 2 6 5 4 3 2 4 6 8 7 6 5 4 3 2 1 0 2 4 6 8 7 6 5 4 3 2 1 2 4 6 5 4 3 4 6 8 7 6 5 4 6 8 7 8
K=25 *int=1 B=35 i=55490660) 2 6 5 4 3 2 4 6 8 7 6 5 4 3 2 1 0 1* 4 6 8 7 6 5 4 3 2 1 4 6 5 4 3 4 6 8 7 6 5 4 6 8 7
K=25 *int=0 B=36 i=55516635) 2 6 5 4 6 7 6 5 4 3 2 1 0 2 4 3 2 4 6 5 4 6 8 7 6 5 4 3 2 1 0 2 4 3 4 6 5 4 6 8 7 6 5 4 8
K=25 *int=0 B=36 i=55525358) 2 6 5 4 6 8 7 6 5 4 3 2 1 0 2 4 3 2 4 6 5 4 6 8 7 6 5 4 3 2 1 2 4 3 4 6 5 4 6 8 7 6 5 4 8
K=25 *int=0 B=36 i=55589680) 2 6 7 6 5 4 3 2 1 0 2 4 3 2 4 6 5 4 6 8 7 6 5 4 3 2 1 0 2 4 3 2 4 6 5 4 6 8 7 6 5 4 3 4 8
K=25 *int=0 B=36 i=55592422) 2 6 7 6 5 4 3 2 1 0 2 4 6 5 4 3 2 4 6 8 7 6 5 4 3 2 1 0 2 4 6 8 7 6 5 4 3 4 6 5 4 6 8 7 8
K=25 *int=0 B=36 i=55594891) 2 6 7 6 5 4 3 2 1 0 2 4 6 8 7 6 5 4 3 2 1 0 2 4 6 5 4 3 2 4 6 8 7 6 5 4 3 4 6 8 7 6 5 4 8
K=25 *int=0 B=36 i=55632696) 2 6 8 7 6 5 4 3 2 1 0 2 4 3 2 4 6 5 4 6 8 7 6 5 4 3 2 1 2 4 3 2 4 6 5 4 6 8 7 6 5 4 3 4 8
K=25 *int=0 B=36 i=55635358) 2 6 8 7 6 5 4 3 2 1 0 2 4 6 5 4 3 2 4 6 8 7 6 5 4 3 2 1 2 4 6 8 7 6 5 4 3 4 6 5 4 6 8 7 8
K=25 *int=0 B=36 i=55636711) 2 6 8 7 6 5 4 3 2 1 0 2 4 6 8 7 6 5 4 3 2 1 2 4 6 5 4 3 2 4 6 8 7 6 5 4 3 4 6 8 7 6 5 4 8
K=25 *int=10 B=26 i=55644057) 2 6 8 7 6 5 3* 1* 0 5* 3* 1* 8 7 5* 3* 2 1 7* 5* 3* 5 4 7 8
K=25 *int=5 B=31 i=55644237) 2 6 8 7 6 4* 3 2 1 0 1* 4 5* 3* 2 1 3 5 8 6* 5 4 3 2 1 3 5 8 7 6 5 4 3 5 7
K=25 *int=10 B=26 i=55646724) 2 6 4* 3 8 6* 4* 2* 1 0 1* 3* 5* 7* 6 4* 2* 1 4 3 5 7 6 5 7
K=25 *int=0 B=36 i=55655772) 2 7 6 5 4 3 2 1 0 2 4 3 2 4 6 5 4 6 8 7 6 5 4 3 2 1 0 2 4 3 2 4 6 5 4 6 8 7 6 5 4 3 2 4 8
K=25 *int=0 B=36 i=55658354) 2 7 6 5 4 3 2 1 0 2 4 6 5 4 3 2 4 6 8 7 6 5 4 3 2 1 0 2 4 6 8 7 6 5 4 3 2 4 6 5 4 6 8 7 8
K=25 *int=0 B=36 i=55660026) 2 7 6 5 4 3 2 1 0 2 4 6 8 7 6 5 4 3 2 1 0 2 4 6 5 4 3 2 4 6 8 7 6 5 4 3 2 4 6 8 7 6 5 4 8
K=25 *int=0 B=36 i=55719416) 2 8 7 6 5 4 3 2 1 0 2 4 3 2 4 6 5 4 6 8 7 6 5 4 3 2 1 2 4 3 2 4 6 5 4 6 8 7 6 5 4 3 2 4 8
K=25 *int=0 B=36 i=55720919) 2 8 7 6 5 4 3 2 1 0 2 4 6 5 4 3 2 4 6 8 7 6 5 4 3 2 1 2 4 6 8 7 6 5 4 3 2 4 6 5 4 6 8 7 8
K=25 *int=0 B=36 i=55721937) 2 8 7 6 5 4 3 2 1 0 2 4 6 8 7 6 5 4 3 2 1 2 4 6 5 4 3 2 4 6 8 7 6 5 4 3 2 4 6 8 7 6 5 4 8
K=25 *int=10 B=26 i=55731317) 2 0* 4 2* 4* 7 6 5 3* 1* 0 7 8 7 5* 3* 1* 0 7 5* 3* 2 3 5 7
K=25 *int=10 B=26 i=55731554) 2 0* 5 4 2* 4* 7 6 5 3* 1* 0 7 8 7 5* 3* 1* 0 7 5* 3* 2 5 7
K=25 *int=10 B=26 i=55732261) 2 3* 6 5 8 6* 4* 2* 1 0 1* 3* 2 1 5* 3* 7* 5* 4 3 2 1 3 5 7
K=25 *int=0 B=36 i=55732652) 3 2 1 0 1 3 2 1 3 4 3 5 6 5 4 3 2 1 3 5 7 8 7 6 5 4 3 2 1 0 1 3 5 7 6 5 4 3 2 1 3 5 4 3 7
K=25 *int=0 B=36 i=55732782) 3 2 1 0 1 3 2 1 3 4 3 5 7 6 5 4 3 2 1 3 5 7 8 7 6 5 4 3 2 1 0 1 3 5 7 6 5 4 3 2 3 5 4 3 7
K=25 *int=0 B=36 i=55732996) 3 2 1 0 1 3 2 1 3 5 4 3 5 6 5 4 3 2 1 3 5 7 8 7 6 5 4 3 2 1 0 1 3 5 7 6 5 4 3 2 1 3 5 4 7
K=25 *int=0 B=36 i=55733091) 3 2 1 0 1 3 2 1 3 5 4 3 5 7 6 5 4 3 2 1 3 5 7 8 7 6 5 4 3 2 1 0 1 3 5 7 6 5 4 3 2 3 5 4 7
K=25 *int=0 B=36 i=55737690) 3 2 1 0 1 3 4 3 2 1 3 5 4 3 5 6 5 7 8 7 6 5 4 3 2 1 0 1 3 5 4 3 2 1 3 5 7 6 5 4 3 2 1 3 7
K=25 *int=0 B=36 i=55738630) 3 2 1 0 1 3 4 3 2 1 3 5 4 3 5 7 6 5 7 8 7 6 5 4 3 2 1 0 1 3 5 4 3 2 1 3 5 7 6 5 4 3 2 3 7
K=25 *int=0 B=36 i=55743093) 3 2 1 0 1 3 4 3 2 1 3 5 6 5 4 3 2 1 3 5 7 6 5 4 3 5 7 8 7 6 5 4 3 2 1 0 1 3 2 1 3 5 4 3 7
K=25 *int=0 B=36 i=55748766) 3 2 1 0 1 3 4 3 2 1 3 5 7 6 5 4 3 2 1 3 5 7 6 5 4 3 5 7 8 7 6 5 4 3 2 1 0 1 3 2 3 5 4 3 7
K=25 *int=0 B=36 i=55807378) 3 2 1 0 1 3 5 4 3 2 1 3 5 4 3 5 6 5 7 8 7 6 5 4 3 2 1 0 1 3 5 4 3 2 1 3 5 7 6 5 4 3 2 1 7
K=25 *int=1 B=35 i=55807407) 3 2 1 0 1 3 5 4 3 2 1 3 5 4 3 5 6 5 7 8 7 6 5 4 3 2 1 0 1 3 5 4 3 5 7 6 5 4 2* 1 2 4 7
K=25 *int=0 B=36 i=55808275) 3 2 1 0 1 3 5 4 3 2 1 3 5 4 3 5 7 6 5 7 8 7 6 5 4 3 2 1 0 1 3 5 4 3 2 1 3 5 7 6 5 4 3 2 7
K=25 *int=0 B=36 i=55811575) 3 2 1 0 1 3 5 4 3 2 1 3 5 6 5 4 3 2 1 3 5 7 6 5 4 3 5 7 8 7 6 5 4 3 2 1 0 1 3 2 1 3 5 4 7
K=25 *int=1 B=35 i=55817648) 3 2 1 0 1 3 5 4 3 2 1 3 5 7 6 5 4 3 2 1 0 3 5 7 6 5 4 3 5 7 8 7 6 5 4 3 1* 0 3 2 5 4 7
K=25 *int=0 B=36 i=55818047) 3 2 1 0 1 3 5 4 3 2 1 3 5 7 6 5 4 3 2 1 3 5 7 6 5 4 3 5 7 8 7 6 5 4 3 2 1 0 1 3 2 3 5 4 7
K=25 *int=0 B=36 i=55847760) 3 2 1 0 1 3 5 6 5 4 3 2 1 3 5 4 3 5 7 6 5 7 8 7 6 5 4 3 2 1 0 1 3 5 4 3 2 1 3 5 7 6 5 4 7
K=25 *int=0 B=36 i=55860302) 3 2 1 0 1 3 5 7 6 5 4 3 2 1 3 5 4 3 5 7 6 5 7 8 7 6 5 4 3 2 1 0 1 3 5 4 3 2 3 5 7 6 5 4 7
K=25 *int=0 B=36 i=55866111) 3 2 1 0 1 3 6 5 4 3 2 1 3 5 4 3 5 7 6 5 7 8 7 6 5 4 3 2 1 0 1 3 5 4 3 2 1 3 5 7 6 5 4 3 7
K=25 *int=0 B=36 i=55886133) 3 2 1 0 1 3 7 6 5 4 3 2 1 3 5 4 3 5 7 6 5 7 8 7 6 5 4 3 2 1 0 1 3 5 4 3 2 3 5 7 6 5 4 3 7
K=25 *int=0 B=36 i=55997659) 3 2 1 0 2 4 3 2 4 5 4 6 7 6 5 4 3 2 1 0 2 4 3 2 4 6 5 4 6 8 7 6 5 4 3 2 1 0 2 4 3 2 4 6 8
K=25 *int=0 B=36 i=55999514) 3 2 1 0 2 4 3 2 4 5 4 6 8 7 6 5 4 3 2 1 0 2 4 3 2 4 6 5 4 6 8 7 6 5 4 3 2 1 2 4 3 2 4 6 8
K=25 *int=0 B=36 i=56007929) 3 2 1 0 2 4 3 2 4 6 5 4 6 7 6 5 4 3 2 1 0 2 4 3 2 4 6 5 4 6 8 7 6 5 4 3 2 1 0 2 4 3 4 6 8
K=25 *int=1 B=35 i=56009373) 3 2 1 0 2 4 3 2 4 6 5 4 6 8 7 6 5 4 3 2 1 0 2 4 3 2 1 4 6 5 4 6 8 7 6 5 4 2* 1 4 3 6 8
K=25 *int=0 B=36 i=56009430) 3 2 1 0 2 4 3 2 4 6 5 4 6 8 7 6 5 4 3 2 1 0 2 4 3 2 4 6 5 4 6 8 7 6 5 4 3 2 1 2 4 3 4 6 8
K=25 *int=0 B=36 i=56045466) 3 2 1 0 2 4 5 4 3 2 1 0 2 4 6 5 4 3 2 4 6 7 6 5 4 3 2 1 0 2 4 6 8 7 6 5 4 3 2 1 0 2 4 6 8
K=25 *int=0 B=36 i=56045685) 3 2 1 0 2 4 5 4 3 2 1 0 2 4 6 5 4 3 2 4 6 8 7 6 5 4 3 2 1 0 2 4 6 8 7 6 5 4 3 2 1 2 4 6 8
K=25 *int=0 B=36 i=56062448) 3 2 1 0 2 4 5 4 3 2 4 6 7 6 5 4 3 2 1 0 2 4 6 8 7 6 5 4 3 2 1 0 2 4 6 5 4 3 2 4 6 8 7 6 8
K=25 *int=0 B=36 i=56064416) 3 2 1 0 2 4 5 4 3 2 4 6 8 7 6 5 4 3 2 1 0 2 4 6 8 7 6 5 4 3 2 1 2 4 6 5 4 3 2 4 6 8 7 6 8
K=25 *int=0 B=36 i=56092096) 3 2 1 0 2 4 6 5 4 3 2 1 0 2 4 6 5 4 3 2 4 6 7 6 5 4 3 2 1 0 2 4 6 8 7 6 5 4 3 2 1 0 4 6 8
K=25 *int=0 B=36 i=56092280) 3 2 1 0 2 4 6 5 4 3 2 1 0 2 4 6 5 4 3 2 4 6 8 7 6 5 4 3 2 1 0 2 4 6 8 7 6 5 4 3 2 1 4 6 8
K=25 *int=0 B=36 i=56103980) 3 2 1 0 2 4 6 5 4 3 2 4 6 7 6 5 4 3 2 1 0 2 4 6 8 7 6 5 4 3 2 1 0 2 4 6 5 4 3 4 6 8 7 6 8
K=25 *int=0 B=36 i=56106074) 3 2 1 0 2 4 6 5 4 3 2 4 6 8 7 6 5 4 3 2 1 0 2 4 6 8 7 6 5 4 3 2 1 2 4 6 5 4 3 4 6 8 7 6 8
K=25 *int=0 B=36 i=56116683) 3 2 1 0 2 4 6 7 6 5 4 3 2 1 0 2 4 6 5 4 3 2 4 6 8 7 6 5 4 3 2 1 0 2 4 6 8 7 6 5 4 3 4 6 8
K=25 *int=0 B=36 i=56123043) 3 2 1 0 2 4 6 8 7 6 5 4 3 2 1 0 2 4 6 5 4 3 2 4 6 8 7 6 5 4 3 2 1 2 4 6 8 7 6 5 4 3 4 6 8
K=25 *int=0 B=36 i=56124490) 3 2 1 0 2 4 7 6 5 4 3 2 1 0 2 4 6 5 4 3 2 4 6 8 7 6 5 4 3 2 1 0 2 4 6 8 7 6 5 4 3 2 4 6 8
K=25 *int=0 B=36 i=56133344) 3 2 1 0 2 4 8 7 6 5 4 3 2 1 0 2 4 6 5 4 3 2 4 6 8 7 6 5 4 3 2 1 2 4 6 8 7 6 5 4 3 2 4 6 8
K=25 *int=8 B=28 i=56656121) 3 2 1 0 2* 5 4 7 5* 3* 2 1 0 2* 4* 6* 8 7 5* 3* 2 1 0 2 5 4 3 2 4
K=25 *int=1 B=35 i=56708982) 3 2 1 2 4 6 5 4 3 2 4 6 8 7 6 5 4 3 2 1 0 1* 4 6 8 7 6 5 4 3 2 1 4 6 5 4 3 4 6 8 7 6 8
K=25 *int=0 B=36 i=56747697) 3 2 1 3 4 3 2 1 0 1 3 5 6 5 4 3 2 1 3 5 4 3 5 7 6 5 7 8 7 6 5 4 3 2 1 0 1 3 5 4 3 2 1 3 7
K=25 *int=0 B=36 i=56752231) 3 2 1 3 4 3 2 1 0 1 3 5 7 6 5 4 3 2 1 3 5 4 3 5 7 6 5 7 8 7 6 5 4 3 2 1 0 1 3 5 4 3 2 3 7
K=25 *int=0 B=36 i=56782107) 3 2 1 3 4 3 2 1 3 5 6 5 4 3 5 7 8 7 6 5 4 3 2 1 0 1 3 2 1 3 5 4 3 5 7 6 5 4 3 2 1 3 7 8 7
K=25 *int=1 B=35 i=56782499) 3 2 1 3 4 3 2 1 3 5 6 5 4 3 5 8 7 6 5 4 3 2 1 0 1 3 2 1 3 5 4 3 5 7* 6 5 4 3 2 1 3 7 8
K=25 *int=0 B=36 i=56785049) 3 2 1 3 4 3 2 1 3 5 7 6 5 4 3 5 7 8 7 6 5 4 3 2 1 0 1 3 2 1 3 5 4 3 5 7 6 5 4 3 2 3 7 8 7
K=25 *int=0 B=36 i=56827698) 3 2 1 3 4 3 5 6 5 4 3 2 1 0 1 3 2 1 3 5 4 3 5 7 6 5 4 3 2 1 3 5 7 8 7 6 5 4 3 2 1 0 1 3 7
K=25 *int=0 B=36 i=56832281) 3 2 1 3 4 3 5 6 5 4 3 2 1 3 5 7 8 7 6 5 4 3 2 1 0 1 3 5 7 6 5 4 3 2 1 3 5 4 3 5 7 6 7 8 7
K=25 *int=0 B=36 i=56838677) 3 2 1 3 4 3 5 6 5 7 8 7 6 5 4 3 2 1 0 1 3 5 4 3 2 1 3 5 7 6 5 4 3 2 1 3 5 7 6 5 4 3 7 8 7
K=25 *int=0 B=36 i=56851331) 3 2 1 3 4 3 5 7 6 5 4 3 2 1 0 1 3 2 1 3 5 4 3 5 7 6 5 4 3 2 1 3 5 7 8 7 6 5 4 3 2 1 0 3 7
K=25 *int=0 B=36 i=56857060) 3 2 1 3 4 3 5 7 6 5 4 3 2 1 3 5 7 8 7 6 5 4 3 2 1 0 1 3 5 7 6 5 4 3 2 3 5 4 3 5 7 6 7 8 7
K=25 *int=0 B=36 i=56861942) 3 2 1 3 4 3 5 7 6 5 7 8 7 6 5 4 3 2 1 0 1 3 5 4 3 2 1 3 5 7 6 5 4 3 2 3 5 7 6 5 4 3 7 8 7
K=25 *int=0 B=36 i=56864234) 3 2 1 3 4 3 5 7 8 7 6 5 4 3 2 1 0 1 3 2 1 3 5 4 3 5 7 6 5 4 3 2 1 3 5 7 8 7 6 5 4 3 2 3 7
K=25 *int=0 B=36 i=56866895) 3 2 1 3 4 3 5 8 7 6 5 4 3 2 1 0 1 3 2 1 3 5 4 3 5 7 6 5 4 3 2 1 3 5 7 8 7 6 5 4 3 2 1 3 7
K=25 *int=1 B=35 i=56884784) 3 2 1 3 4 3 6 5 8 6* 5 4 3 2 1 0 1 3 5 4 3 2 1 3 5 8 7 6 5 4 3 2 1 3 5 7 6 5 4 3 7 8 7
K=25 *int=0 B=36 i=56957619) 3 2 1 3 5 4 3 2 1 0 1 3 5 6 5 4 3 2 1 3 5 4 3 5 7 6 5 7 8 7 6 5 4 3 2 1 0 1 3 5 4 3 2 1 7
K=25 *int=0 B=36 i=56963591) 3 2 1 3 5 4 3 2 1 0 1 3 5 7 6 5 4 3 2 1 3 5 4 3 5 7 6 5 7 8 7 6 5 4 3 2 1 0 1 3 5 4 3 2 7
K=25 *int=0 B=36 i=56983760) 3 2 1 3 5 4 3 2 1 3 5 6 5 4 3 5 7 8 7 6 5 4 3 2 1 0 1 3 2 1 3 5 4 3 5 7 6 5 4 3 2 1 7 8 7
K=25 *int=1 B=35 i=56984188) 3 2 1 3 5 4 3 2 1 3 5 6 5 4 3 5 8 7 6 5 4 3 2 1 0 1 3 2 1 3 5 4 3 5 7* 6 5 4 3 2 1 7 8
K=25 *int=0 B=36 i=56987530) 3 2 1 3 5 4 3 2 1 3 5 7 6 5 4 3 5 7 8 7 6 5 4 3 2 1 0 1 3 2 1 3 5 4 3 5 7 6 5 4 3 2 7 8 7
K=25 *int=0 B=36 i=57005858) 3 2 1 3 5 4 3 5 6 5 4 3 2 1 0 1 3 2 1 3 5 4 3 5 7 6 5 4 3 2 1 3 5 7 8 7 6 5 4 3 2 1 0 1 7
K=25 *int=0 B=36 i=57008587) 3 2 1 3 5 4 3 5 6 5 4 3 2 1 3 5 7 8 7 6 5 4 3 2 1 0 1 3 5 7 6 5 4 3 2 1 3 5 4 5 7 6 7 8 7
K=25 *int=0 B=36 i=57014691) 3 2 1 3 5 4 3 5 6 5 7 8 7 6 5 4 3 2 1 0 1 3 5 4 3 2 1 3 5 7 6 5 4 3 2 1 3 5 7 6 5 4 7 8 7
K=25 *int=0 B=36 i=57025220) 3 2 1 3 5 4 3 5 7 6 5 4 3 2 1 0 1 3 2 1 3 5 4 3 5 7 6 5 4 3 2 1 3 5 7 8 7 6 5 4 3 2 1 0 7
K=25 *int=1 B=35 i=57025311) 3 2 1 3 5 4 3 5 7 6 5 4 3 2 1 0 1 3 2 1 3 5 4 3 5 7 6 5 4 3 5 7 8 7 6 5 4 2* 1 0 2 4 7
K=25 *int=1 B=35 i=57027848) 3 2 1 3 5 4 3 5 7 6 5 4 3 2 1 3 5 7 8 7 6 5 4 3 2 1 0 1 3 2 5 7 6 5 3* 2 5 4 7 6 7 8 7
K=25 *int=0 B=36 i=57027882) 3 2 1 3 5 4 3 5 7 6 5 4 3 2 1 3 5 7 8 7 6 5 4 3 2 1 0 1 3 5 7 6 5 4 3 2 3 5 4 5 7 6 7 8 7
K=25 *int=0 B=36 i=57030826) 3 2 1 3 5 4 3 5 7 6 5 7 8 7 6 5 4 3 2 1 0 1 3 5 4 3 2 1 3 5 7 6 5 4 3 2 3 5 7 6 5 4 7 8 7
K=25 *int=0 B=36 i=57033158) 3 2 1 3 5 4 3 5 7 8 7 6 5 4 3 2 1 0 1 3 2 1 3 5 4 3 5 7 6 5 4 3 2 1 3 5 7 8 7 6 5 4 3 2 7
K=25 *int=0 B=36 i=57034664) 3 2 1 3 5 4 3 5 8 7 6 5 4 3 2 1 0 1 3 2 1 3 5 4 3 5 7 6 5 4 3 2 1 3 5 7 8 7 6 5 4 3 2 1 7
K=25 *int=1 B=35 i=57034729) 3 2 1 3 5 4 3 5 8 7 6 5 4 3 2 1 0 1 3 2 1 3 5 4 3 5 7 6 5 4 3 5 7 8 7 6 5 4 2* 1 2 4 7
K=25 *int=0 B=36 i=57068055) 3 2 1 3 5 6 5 4 3 2 1 0 1 3 5 7 6 5 4 3 2 1 3 5 4 3 5 7 6 5 7 8 7 6 5 4 3 2 1 0 1 3 5 4 7
K=25 *int=0 B=36 i=57073891) 3 2 1 3 5 6 5 4 3 2 1 3 5 7 6 5 4 3 5 7 8 7 6 5 4 3 2 1 0 1 3 2 1 3 5 4 3 5 7 6 5 4 7 8 7
K=25 *int=0 B=36 i=57081598) 3 2 1 3 5 6 5 4 3 5 7 8 7 6 5 4 3 2 1 0 1 3 2 1 3 5 4 3 5 7 6 5 4 3 2 1 3 5 7 8 7 6 5 4 7
K=25 *int=0 B=36 i=57106218) 3 2 1 3 5 7 6 5 4 3 2 1 0 1 3 5 7 6 5 4 3 2 1 3 5 4 3 5 7 6 5 7 8 7 6 5 4 3 2 1 0 3 5 4 7
K=25 *int=0 B=36 i=57110694) 3 2 1 3 5 7 6 5 4 3 2 1 3 5 7 6 5 4 3 5 7 8 7 6 5 4 3 2 1 0 1 3 2 3 5 4 3 5 7 6 5 4 7 8 7
K=25 *int=0 B=36 i=57114203) 3 2 1 3 5 7 6 5 4 3 5 7 8 7 6 5 4 3 2 1 0 1 3 2 1 3 5 4 3 5 7 6 5 4 3 2 3 5 7 8 7 6 5 4 7
K=25 *int=0 B=36 i=57120647) 3 2 1 3 5 7 8 7 6 5 4 3 2 1 0 1 3 5 7 6 5 4 3 2 1 3 5 4 3 5 7 6 5 7 8 7 6 5 4 3 2 3 5 4 7
K=25 *int=0 B=36 i=57124848) 3 2 1 3 5 8 7 6 5 4 3 2 1 0 1 3 5 7 6 5 4 3 2 1 3 5 4 3 5 7 6 5 7 8 7 6 5 4 3 2 1 3 5 4 7
K=25 *int=0 B=36 i=57133177) 3 2 1 3 6 5 4 3 2 1 0 1 3 5 7 6 5 4 3 2 1 3 5 4 3 5 7 6 5 7 8 7 6 5 4 3 2 1 0 1 3 5 4 3 7
K=25 *int=0 B=36 i=57143501) 3 2 1 3 6 5 4 3 2 1 3 5 7 6 5 4 3 5 7 8 7 6 5 4 3 2 1 0 1 3 2 1 3 5 4 3 5 7 6 5 4 3 7 8 7
K=25 *int=0 B=36 i=57155190) 3 2 1 3 6 5 4 3 5 7 8 7 6 5 4 3 2 1 0 1 3 2 1 3 5 4 3 5 7 6 5 4 3 2 1 3 5 7 8 7 6 5 4 3 7
K=25 *int=0 B=36 i=57194992) 3 2 1 3 7 6 5 4 3 2 1 0 1 3 5 7 6 5 4 3 2 1 3 5 4 3 5 7 6 5 7 8 7 6 5 4 3 2 1 0 3 5 4 3 7
K=25 *int=0 B=36 i=57199234) 3 2 1 3 7 6 5 4 3 2 1 3 5 7 6 5 4 3 5 7 8 7 6 5 4 3 2 1 0 1 3 2 3 5 4 3 5 7 6 5 4 3 7 8 7
K=25 *int=0 B=36 i=57202681) 3 2 1 3 7 6 5 4 3 5 7 8 7 6 5 4 3 2 1 0 1 3 2 1 3 5 4 3 5 7 6 5 4 3 2 3 5 7 8 7 6 5 4 3 7
K=25 *int=0 B=36 i=57209033) 3 2 1 3 7 8 7 6 5 4 3 2 1 0 1 3 5 7 6 5 4 3 2 1 3 5 4 3 5 7 6 5 7 8 7 6 5 4 3 2 3 5 4 3 7
K=25 *int=0 B=36 i=57212402) 3 2 1 3 8 7 6 5 4 3 2 1 0 1 3 5 7 6 5 4 3 2 1 3 5 4 3 5 7 6 5 7 8 7 6 5 4 3 2 1 3 5 4 3 7
K=25 *int=0 B=36 i=57850692) 3 2 4 5 4 3 2 1 0 2 4 6 7 6 5 4 3 2 1 0 2 4 6 5 4 3 2 4 6 8 7 6 5 4 3 2 1 0 2 4 6 8 7 6 8
K=25 *int=0 B=36 i=57854183) 3 2 4 5 4 3 2 1 0 2 4 6 8 7 6 5 4 3 2 1 0 2 4 6 5 4 3 2 4 6 8 7 6 5 4 3 2 1 2 4 6 8 7 6 8
K=25 *int=0 B=36 i=57925670) 3 2 4 5 4 6 7 6 5 4 3 2 1 0 2 4 3 2 4 6 5 4 6 8 7 6 5 4 3 2 1 0 2 4 3 2 4 6 5 4 6 8 7 6 8
K=25 *int=0 B=36 i=57933942) 3 2 4 5 4 6 8 7 6 5 4 3 2 1 0 2 4 3 2 4 6 5 4 6 8 7 6 5 4 3 2 1 2 4 3 2 4 6 5 4 6 8 7 6 8
K=25 *int=0 B=36 i=58020039) 3 2 4 6 5 4 3 2 1 0 2 4 6 7 6 5 4 3 2 1 0 2 4 6 5 4 3 2 4 6 8 7 6 5 4 3 2 1 0 4 6 8 7 6 8
K=25 *int=0 B=36 i=58024200) 3 2 4 6 5 4 3 2 1 0 2 4 6 8 7 6 5 4 3 2 1 0 2 4 6 5 4 3 2 4 6 8 7 6 5 4 3 2 1 4 6 8 7 6 8
K=25 *int=0 B=36 i=58071571) 3 2 4 6 5 4 6 7 6 5 4 3 2 1 0 2 4 3 2 4 6 5 4 6 8 7 6 5 4 3 2 1 0 2 4 3 4 6 5 4 6 8 7 6 8
K=25 *int=0 B=36 i=58077944) 3 2 4 6 5 4 6 8 7 6 5 4 3 2 1 0 2 4 3 2 4 6 5 4 6 8 7 6 5 4 3 2 1 2 4 3 4 6 5 4 6 8 7 6 8
K=25 *int=0 B=36 i=58102613) 3 2 4 6 7 6 5 4 3 2 1 0 2 4 6 8 7 6 5 4 3 2 1 0 2 4 6 5 4 3 2 4 6 8 7 6 5 4 3 4 6 8 7 6 8
K=25 *int=0 B=36 i=58130338) 3 2 4 6 8 7 6 5 4 3 2 1 0 2 4 6 8 7 6 5 4 3 2 1 2 4 6 5 4 3 2 4 6 8 7 6 5 4 3 4 6 8 7 6 8
K=25 *int=0 B=36 i=58146384) 3 2 4 7 6 5 4 3 2 1 0 2 4 6 8 7 6 5 4 3 2 1 0 2 4 6 5 4 3 2 4 6 8 7 6 5 4 3 2 4 6 8 7 6 8
K=25 *int=0 B=36 i=58186492) 3 2 4 8 7 6 5 4 3 2 1 0 2 4 6 8 7 6 5 4 3 2 1 2 4 6 5 4 3 2 4 6 8 7 6 5 4 3 2 4 6 8 7 6 8
K=25 *int=1 B=35 i=58292562) 3 2 5 4 7 5* 4 3 2 1 0 2 4 3 2 4 7 6 5 4 6 8 7 6 5 4 3 2 1 0 2 4 3 2 4 6 5 4 6 8 7 6 8
K=25 *int=10 B=26 i=58379502) 3 2 5 7 6 5 3* 5 7 8 6* 4* 2* 1 0 1* 3* 2 5* 3* 2 7* 5* 4 7
K=25 *int=1 B=35 i=58403915) 3 2 5 3* 2 1 0 2 5 4 6 7 6 5 4 3 2 1 0 2 4 6 5 4 3 2 4 6 8 7 6 5 4 3 2 1 0 2 4 6 8 7 8
K=25 *int=1 B=35 i=58404073) 3 2 5 3* 2 1 0 2 5 4 6 8 7 6 5 4 3 2 1 0 2 4 6 5 4 3 2 4 6 8 7 6 5 4 3 2 1 2 4 6 8 7 8
K=25 *int=8 B=28 i=58431764) 3 2 5 3* 1* 0 7 5* 3* 1* 0 7 5* 3* 2 5 4 6* 8 7 6 5 4 3 2 1 0 2 4
K=25 *int=10 B=26 i=58554691) 3 2 3* 6 5 8 6* 4* 2* 1 0 1* 3* 2 1 5* 3* 7* 5* 4 3 2 1 3 7
K=25 *int=0 B=36 i=58582654) 3 4 3 2 1 0 1 3 2 1 3 5 4 3 5 6 5 4 3 2 1 3 5 7 8 7 6 5 4 3 2 1 0 1 3 5 7 6 5 4 3 2 1 3 7
K=25 *int=0 B=36 i=58583941) 3 4 3 2 1 0 1 3 2 1 3 5 4 3 5 7 6 5 4 3 2 1 3 5 7 8 7 6 5 4 3 2 1 0 1 3 5 7 6 5 4 3 2 3 7
K=25 *int=0 B=36 i=58621926) 3 4 3 2 1 0 1 3 5 4 3 2 1 3 5 6 5 4 3 2 1 3 5 7 6 5 4 3 5 7 8 7 6 5 4 3 2 1 0 1 3 2 1 3 7
K=25 *int=1 B=35 i=58623653) 3 4 3 2 1 0 1 3 5 4 3 2 1 3 5 7 6 5 4 3 2 1 0 3 5 7 6 5 4 3 5 7 8 7 6 5 4 3 1* 0 3 2 7
K=25 *int=0 B=36 i=58623867) 3 4 3 2 1 0 1 3 5 4 3 2 1 3 5 7 6 5 4 3 2 1 3 5 7 6 5 4 3 5 7 8 7 6 5 4 3 2 1 0 1 3 2 3 7
K=25 *int=0 B=36 i=58637683) 3 4 3 2 1 0 1 3 5 6 5 4 3 2 1 3 5 4 3 5 7 6 5 7 8 7 6 5 4 3 2 1 0 1 3 5 4 3 2 1 3 5 7 6 7
K=25 *int=0 B=36 i=58646493) 3 4 3 2 1 0 1 3 5 7 6 5 4 3 2 1 3 5 4 3 5 7 6 5 7 8 7 6 5 4 3 2 1 0 1 3 5 4 3 2 3 5 7 6 7
K=25 *int=0 B=36 i=58844500) 3 4 3 2 1 3 5 4 3 5 6 5 7 8 7 6 5 4 3 2 1 0 1 3 5 4 3 2 1 3 5 7 6 5 4 3 2 1 3 5 7 6 7 8 7
K=25 *int=0 B=36 i=58846774) 3 4 3 2 1 3 5 4 3 5 7 6 5 7 8 7 6 5 4 3 2 1 0 1 3 5 4 3 2 1 3 5 7 6 5 4 3 2 3 5 7 6 7 8 7
K=25 *int=0 B=36 i=58872463) 3 4 3 2 1 3 5 6 5 4 3 2 1 0 1 3 5 7 6 5 4 3 2 1 3 5 4 3 5 7 6 5 7 8 7 6 5 4 3 2 1 0 1 3 7
K=25 *int=0 B=36 i=58877134) 3 4 3 2 1 3 5 6 5 4 3 2 1 3 5 7 6 5 4 3 5 7 8 7 6 5 4 3 2 1 0 1 3 2 1 3 5 4 3 5 7 6 7 8 7
K=25 *int=0 B=36 i=58883187) 3 4 3 2 1 3 5 6 5 4 3 5 7 8 7 6 5 4 3 2 1 0 1 3 2 1 3 5 4 3 5 7 6 5 4 3 2 1 3 5 7 8 7 6 7
K=25 *int=0 B=36 i=58905597) 3 4 3 2 1 3 5 7 6 5 4 3 2 1 0 1 3 5 7 6 5 4 3 2 1 3 5 4 3 5 7 6 5 7 8 7 6 5 4 3 2 1 0 3 7
K=25 *int=0 B=36 i=58909651) 3 4 3 2 1 3 5 7 6 5 4 3 2 1 3 5 7 6 5 4 3 5 7 8 7 6 5 4 3 2 1 0 1 3 2 3 5 4 3 5 7 6 7 8 7
K=25 *int=0 B=36 i=58912900) 3 4 3 2 1 3 5 7 6 5 4 3 5 7 8 7 6 5 4 3 2 1 0 1 3 2 1 3 5 4 3 5 7 6 5 4 3 2 3 5 7 8 7 6 7
K=25 *int=0 B=36 i=58918860) 3 4 3 2 1 3 5 7 8 7 6 5 4 3 2 1 0 1 3 5 7 6 5 4 3 2 1 3 5 4 3 5 7 6 5 7 8 7 6 5 4 3 2 3 7
K=25 *int=0 B=36 i=58922691) 3 4 3 2 1 3 5 8 7 6 5 4 3 2 1 0 1 3 5 7 6 5 4 3 2 1 3 5 4 3 5 7 6 5 7 8 7 6 5 4 3 2 1 3 7
K=25 *int=7 B=29 i=58948694) 3 4 3 2 1 3 6 5 8 6* 4* 3 2 1 0 1 3* 2 1 5* 3* 7* 5* 4 3 2 1 3 7 6 8
K=25 *int=0 B=36 i=59172692) 3 4 3 5 6 5 4 3 2 1 0 1 3 2 1 3 5 4 3 5 7 6 5 4 3 2 1 3 5 7 8 7 6 5 4 3 2 1 0 1 3 5 7 6 7
K=25 *int=0 B=36 i=59183217) 3 4 3 5 6 5 4 3 2 1 3 5 7 8 7 6 5 4 3 2 1 0 1 3 5 7 6 5 4 3 2 1 3 5 4 3 5 7 6 5 7 8 7 6 7
K=25 *int=0 B=36 i=59195633) 3 4 3 5 6 5 7 8 7 6 5 4 3 2 1 0 1 3 5 4 3 2 1 3 5 7 6 5 4 3 2 1 3 5 7 6 5 4 3 5 7 8 7 6 7
K=25 *int=0 B=36 i=59212404) 3 4 3 5 7 6 5 4 3 2 1 0 1 3 2 1 3 5 4 3 5 7 6 5 4 3 2 1 3 5 7 8 7 6 5 4 3 2 1 0 3 5 7 6 7
K=25 *int=0 B=36 i=59222199) 3 4 3 5 7 6 5 4 3 2 1 3 5 7 8 7 6 5 4 3 2 1 0 1 3 5 7 6 5 4 3 2 3 5 4 3 5 7 6 5 7 8 7 6 7
K=25 *int=0 B=36 i=59228964) 3 4 3 5 7 6 5 7 8 7 6 5 4 3 2 1 0 1 3 5 4 3 2 1 3 5 7 6 5 4 3 2 3 5 7 6 5 4 3 5 7 8 7 6 7
K=25 *int=0 B=36 i=59233033) 3 4 3 5 7 8 7 6 5 4 3 2 1 0 1 3 2 1 3 5 4 3 5 7 6 5 4 3 2 1 3 5 7 8 7 6 5 4 3 2 3 5 7 6 7
K=25 *int=0 B=36 i=59236993) 3 4 3 5 8 7 6 5 4 3 2 1 0 1 3 2 1 3 5 4 3 5 7 6 5 4 3 2 1 3 5 7 8 7 6 5 4 3 2 1 3 5 7 6 7
K=25 *int=1 B=35 i=59265479) 3 4 3 6 5 8 6* 5 4 3 2 1 0 1 3 5 4 3 2 1 3 5 8 7 6 5 4 3 2 1 3 5 7 6 5 4 3 5 7 8 7 6 7
K=25 *int=0 B=36 i=59505602) 3 5 4 3 2 1 0 1 3 2 1 3 5 4 3 5 6 5 4 3 2 1 3 5 7 8 7 6 5 4 3 2 1 0 1 3 5 7 6 5 4 3 2 1 7
K=25 *int=0 B=36 i=59507413) 3 5 4 3 2 1 0 1 3 2 1 3 5 4 3 5 7 6 5 4 3 2 1 3 5 7 8 7 6 5 4 3 2 1 0 1 3 5 7 6 5 4 3 2 7
K=25 *int=0 B=36 i=59535640) 3 5 4 3 2 1 0 1 3 5 4 3 2 1 3 5 6 5 4 3 2 1 3 5 7 6 5 4 3 5 7 8 7 6 5 4 3 2 1 0 1 3 2 1 7
K=25 *int=0 B=36 i=59537143) 3 5 4 3 2 1 0 1 3 5 4 3 2 1 3 5 7 6 5 4 3 2 1 3 5 7 6 5 4 3 5 7 8 7 6 5 4 3 2 1 0 1 3 2 7
K=25 *int=0 B=36 i=59547834) 3 5 4 3 2 1 0 1 3 5 6 5 4 3 2 1 3 5 4 3 5 7 6 5 7 8 7 6 5 4 3 2 1 0 1 3 5 4 3 2 1 5 7 6 7
K=25 *int=0 B=36 i=59558580) 3 5 4 3 2 1 0 1 3 5 7 6 5 4 3 2 1 3 5 4 3 5 7 6 5 7 8 7 6 5 4 3 2 1 0 1 3 5 4 3 2 5 7 6 7
K=25 *int=3 B=33 i=59620217) 3 5 4 3 2 1 0 3 5 7 6 5 4 3 1* 0 3 2 5 4 7 5* 4 3 2 4 7 8 6* 5 4 3 2 1 0 2 4 6 7
K=25 *int=3 B=33 i=59662031) 3 5 4 3 2 1 0 2* 5 7 6 5 4 3 2 1 0 2 5 7 6 5 4 3 2 4* 7 8 6* 5 4 3 2 1 0 2 4 6 8
K=25 *int=0 B=36 i=59678406) 3 5 4 3 2 1 3 5 4 3 5 6 5 7 8 7 6 5 4 3 2 1 0 1 3 5 4 3 2 1 3 5 7 6 5 4 3 2 1 5 7 6 7 8 7
K=25 *int=0 B=36 i=59679663) 3 5 4 3 2 1 3 5 4 3 5 7 6 5 7 8 7 6 5 4 3 2 1 0 1 3 5 4 3 2 1 3 5 7 6 5 4 3 2 5 7 6 7 8 7
K=25 *int=0 B=36 i=59689466) 3 5 4 3 2 1 3 5 6 5 4 3 2 1 0 1 3 5 7 6 5 4 3 2 1 3 5 4 3 5 7 6 5 7 8 7 6 5 4 3 2 1 0 1 7
K=25 *int=0 B=36 i=59694246) 3 5 4 3 2 1 3 5 6 5 4 3 2 1 3 5 7 6 5 4 3 5 7 8 7 6 5 4 3 2 1 0 1 3 2 1 3 5 4 5 7 6 7 8 7
K=25 *int=0 B=36 i=59701362) 3 5 4 3 2 1 3 5 6 5 4 3 5 7 8 7 6 5 4 3 2 1 0 1 3 2 1 3 5 4 3 5 7 6 5 4 3 2 1 5 7 8 7 6 7
K=25 *int=3 B=33 i=59717867) 3 5 4 3 2 1 3 5 6 8 7 5* 4 3 2 1 0 1 3 5 4 3 2 1 3 5* 8 7 6 4* 3 2 1 4 6 8 7 6 8
K=25 *int=0 B=36 i=59725129) 3 5 4 3 2 1 3 5 7 6 5 4 3 2 1 0 1 3 5 7 6 5 4 3 2 1 3 5 4 3 5 7 6 5 7 8 7 6 5 4 3 2 1 0 7
K=25 *int=1 B=35 i=59727551) 3 5 4 3 2 1 3 5 7 6 5 4 3 2 1 0 3 5 7 6 5 4 3 5 7 8 7 6 5 4 3 1* 0 3 2 5 4 5 7 6 7 8 7
K=25 *int=0 B=36 i=59729210) 3 5 4 3 2 1 3 5 7 6 5 4 3 2 1 3 5 7 6 5 4 3 5 7 8 7 6 5 4 3 2 1 0 1 3 2 3 5 4 5 7 6 7 8 7
K=25 *int=0 B=36 i=59732783) 3 5 4 3 2 1 3 5 7 6 5 4 3 5 7 8 7 6 5 4 3 2 1 0 1 3 2 1 3 5 4 3 5 7 6 5 4 3 2 5 7 8 7 6 7
K=25 *int=0 B=36 i=59738587) 3 5 4 3 2 1 3 5 7 8 7 6 5 4 3 2 1 0 1 3 5 7 6 5 4 3 2 1 3 5 4 3 5 7 6 5 7 8 7 6 5 4 3 2 7
K=25 *int=0 B=36 i=59741542) 3 5 4 3 2 1 3 5 8 7 6 5 4 3 2 1 0 1 3 5 7 6 5 4 3 2 1 3 5 4 3 5 7 6 5 7 8 7 6 5 4 3 2 1 7
K=25 *int=8 B=28 i=59838786) 3 5 4 3 2 5 7 6 5 3* 1* 0 7 8 7 5* 3* 1* 0 7 5* 3* 2 5 4 6* 8 7 6
K=25 *int=10 B=26 i=59842481) 3 5 4 3 2 5 7 8 6* 5 3* 1* 0 5* 3* 1* 7* 5* 3* 2 5 4 6* 8 7
K=25 *int=10 B=26 i=59846712) 3 5 4 3 2 5 8 6* 5 3* 1* 0 5* 3* 1* 7* 5* 3* 2 1 5 4 6* 8 7
K=25 *int=0 B=36 i=59861494) 3 5 4 3 5 6 5 4 3 2 1 0 1 3 2 1 3 5 4 3 5 7 6 5 4 3 2 1 3 5 7 8 7 6 5 4 3 2 1 0 1 5 7 6 7
K=25 *int=0 B=36 i=59866512) 3 5 4 3 5 6 5 4 3 2 1 3 5 7 8 7 6 5 4 3 2 1 0 1 3 5 7 6 5 4 3 2 1 3 5 4 5 7 6 5 7 8 7 6 7
K=25 *int=0 B=36 i=59875904) 3 5 4 3 5 6 5 7 8 7 6 5 4 3 2 1 0 1 3 5 4 3 2 1 3 5 7 6 5 4 3 2 1 3 5 7 6 5 4 5 7 8 7 6 7
K=25 *int=0 B=36 i=59892643) 3 5 4 3 5 7 6 5 4 3 2 1 0 1 3 2 1 3 5 4 3 5 7 6 5 4 3 2 1 3 5 7 8 7 6 5 4 3 2 1 0 5 7 6 7
K=25 *int=0 B=36 i=59897253) 3 5 4 3 5 7 6 5 4 3 2 1 3 5 7 8 7 6 5 4 3 2 1 0 1 3 5 7 6 5 4 3 2 3 5 4 5 7 6 5 7 8 7 6 7
K=25 *int=0 B=36 i=59900918) 3 5 4 3 5 7 6 5 7 8 7 6 5 4 3 2 1 0 1 3 5 4 3 2 1 3 5 7 6 5 4 3 2 3 5 7 6 5 4 5 7 8 7 6 7
K=25 *int=0 B=36 i=59905080) 3 5 4 3 5 7 8 7 6 5 4 3 2 1 0 1 3 2 1 3 5 4 3 5 7 6 5 4 3 2 1 3 5 7 8 7 6 5 4 3 2 5 7 6 7
K=25 *int=0 B=36 i=59907267) 3 5 4 3 5 8 7 6 5 4 3 2 1 0 1 3 2 1 3 5 4 3 5 7 6 5 4 3 2 1 3 5 7 8 7 6 5 4 3 2 1 5 7 6 7
K=25 *int=5 B=31 i=59922453) 3 5 4 3 1* 5 6 8 7 5* 3* 2 1 0 1 5 3* 6 8 7 6 5 4 2* 1 2 4 6 5 4 6 8 7 6 8
K=25 *int=0 B=36 i=59980569) 3 5 6 5 4 3 2 1 0 1 3 2 1 3 5 4 3 5 7 6 5 4 3 2 1 3 5 7 8 7 6 5 4 3 2 1 0 1 3 5 7 6 5 4 7
K=25 *int=0 B=36 i=59988780) 3 5 6 5 4 3 2 1 0 1 3 5 4 3 2 1 3 5 7 6 5 4 3 2 1 3 5 7 6 5 4 3 5 7 8 7 6 5 4 3 2 1 0 1 7
K=25 *int=0 B=36 i=59994187) 3 5 6 5 4 3 2 1 0 1 3 5 7 6 5 4 3 2 1 3 5 4 3 5 7 6 5 7 8 7 6 5 4 3 2 1 0 1 3 5 4 5 7 6 7
K=25 *int=0 B=36 i=60023926) 3 5 6 5 4 3 2 1 3 5 4 3 5 7 6 5 7 8 7 6 5 4 3 2 1 0 1 3 5 4 3 2 1 3 5 7 6 5 4 5 7 6 7 8 7
K=25 *int=0 B=36 i=60032446) 3 5 6 5 4 3 2 1 3 5 7 6 5 4 3 5 7 8 7 6 5 4 3 2 1 0 1 3 2 1 3 5 4 3 5 7 6 5 4 5 7 8 7 6 7
K=25 *int=0 B=36 i=60035561) 3 5 6 5 4 3 2 1 3 5 7 8 7 6 5 4 3 2 1 0 1 3 5 7 6 5 4 3 2 1 3 5 4 3 5 7 6 5 7 8 7 6 5 4 7
K=25 *int=3 B=33 i=60037286) 3 5 6 5 4 3 2 1 3 5 8 7 6 5 4 3 2 1 0 1 3 5 4 7* 5* 3* 2 1 3 4 7 6 5 4 6 8 7 6 8
K=25 *int=1 B=35 i=60065479) 3 5 6 5 4 3 5 7 8 7 6 5 4 3 2 1 0 1 3 2 1 3 5 4 3 5 7 6 5 4 3 2 1 3 5 4 7 8 7 5* 4 7 6
K=25 *int=0 B=36 i=60065495) 3 5 6 5 4 3 5 7 8 7 6 5 4 3 2 1 0 1 3 2 1 3 5 4 3 5 7 6 5 4 3 2 1 3 5 7 8 7 6 5 4 5 7 6 7
K=25 *int=0 B=36 i=60082492) 3 5 6 5 7 8 7 6 5 4 3 2 1 0 1 3 5 4 3 2 1 3 5 7 6 5 4 3 2 1 3 5 7 6 5 4 3 5 7 8 7 6 5 4 7
K=25 *int=1 B=35 i=60117091) 3 5 6 4* 3 2 1 0 2 4 3 2 4 6 7 6 5 4 3 2 1 0 2 4 6 8 7 6 5 4 3 2 1 0 4 6 5 4 6 8 7 6 8
K=25 *int=1 B=35 i=60117876) 3 5 6 4* 3 2 1 0 2 4 3 2 4 6 8 7 6 5 4 3 2 1 0 2 4 6 8 7 6 5 4 3 2 1 4 6 5 4 6 8 7 6 8
K=25 *int=10 B=26 i=60142471) 3 5 6 4* 2* 1 8 6* 4* 2* 1 0 1 8 6* 4* 3 2 1 3* 5* 4 7* 6 7
K=25 *int=0 B=36 i=60150259) 3 5 7 6 5 4 3 2 1 0 1 3 2 1 3 5 4 3 5 7 6 5 4 3 2 1 3 5 7 8 7 6 5 4 3 2 1 0 3 5 7 6 5 4 7
K=25 *int=0 B=36 i=60158174) 3 5 7 6 5 4 3 2 1 0 1 3 5 4 3 2 1 3 5 7 6 5 4 3 2 1 3 5 7 6 5 4 3 5 7 8 7 6 5 4 3 2 1 0 7
K=25 *int=0 B=36 i=60163388) 3 5 7 6 5 4 3 2 1 0 1 3 5 7 6 5 4 3 2 1 3 5 4 3 5 7 6 5 7 8 7 6 5 4 3 2 1 0 3 5 4 5 7 6 7
K=25 *int=8 B=28 i=60173956) 3 5 7 6 5 4 3 2 1 0 3 5 7 8 6* 4* 3 1* 0 3* 2 5* 3* 2 7* 5* 4 7 6
K=25 *int=0 B=36 i=60183117) 3 5 7 6 5 4 3 2 1 3 5 4 3 5 7 6 5 7 8 7 6 5 4 3 2 1 0 1 3 5 4 3 2 3 5 7 6 5 4 5 7 6 7 8 7
K=25 *int=0 B=36 i=60185867) 3 5 7 6 5 4 3 2 1 3 5 7 6 5 4 3 5 7 8 7 6 5 4 3 2 1 0 1 3 2 3 5 4 3 5 7 6 5 4 5 7 8 7 6 7
K=25 *int=0 B=36 i=60187669) 3 5 7 6 5 4 3 2 1 3 5 7 8 7 6 5 4 3 2 1 0 1 3 5 7 6 5 4 3 2 3 5 4 3 5 7 6 5 7 8 7 6 5 4 7
K=25 *int=7 B=29 i=60188501) 3 5 7 6 5 4 3 2 1 3 5 7 8 6* 4* 3 2 1 0 1 3* 2 5* 3* 2 7* 5* 4 7 6 8
K=25 *int=1 B=35 i=60200346) 3 5 7 6 5 4 3 5 7 8 7 6 5 4 3 2 1 0 1 3 2 1 3 5 4 3 5 7 6 5 4 3 2 3 5 4 7 8 7 5* 4 7 6
K=25 *int=0 B=36 i=60200362) 3 5 7 6 5 4 3 5 7 8 7 6 5 4 3 2 1 0 1 3 2 1 3 5 4 3 5 7 6 5 4 3 2 3 5 7 8 7 6 5 4 5 7 6 7
K=25 *int=0 B=36 i=60205870) 3 5 7 6 5 7 8 7 6 5 4 3 2 1 0 1 3 5 4 3 2 1 3 5 7 6 5 4 3 2 3 5 7 6 5 4 3 5 7 8 7 6 5 4 7
K=25 *int=1 B=35 i=60211075) 3 5 7 6 4* 3 2 1 0 2 4 3 2 4 6 8 7 6 5 4 3 2 1 0 2 4 6 8 7 6 5 4 3 2 4 6 5 4 6 8 7 6 8
K=25 *int=0 B=36 i=60224396) 3 5 7 8 7 6 5 4 3 2 1 0 1 3 2 1 3 5 4 3 5 7 6 5 4 3 2 1 3 5 7 8 7 6 5 4 3 2 3 5 7 6 5 4 7
K=25 *int=0 B=36 i=60225953) 3 5 7 8 7 6 5 4 3 2 1 0 1 3 5 4 3 2 1 3 5 7 6 5 4 3 2 1 3 5 7 6 5 4 3 5 7 8 7 6 5 4 3 2 7
K=25 *int=1 B=35 i=60227239) 3 5 7 8 7 6 5 4 3 2 1 0 1 3 5 7 6 5 4 3 2 1 3 5 4 3 2 5 7 6 5 7 8 7 6 5 3* 2 5 4 7 6 7
K=25 *int=0 B=36 i=60227336) 3 5 7 8 7 6 5 4 3 2 1 0 1 3 5 7 6 5 4 3 2 1 3 5 4 3 5 7 6 5 7 8 7 6 5 4 3 2 3 5 4 5 7 6 7
K=25 *int=0 B=36 i=60238537) 3 5 8 7 6 5 4 3 2 1 0 1 3 2 1 3 5 4 3 5 7 6 5 4 3 2 1 3 5 7 8 7 6 5 4 3 2 1 3 5 7 6 5 4 7
K=25 *int=0 B=36 i=60244666) 3 5 8 7 6 5 4 3 2 1 0 1 3 5 4 3 2 1 3 5 7 6 5 4 3 2 1 3 5 7 6 5 4 3 5 7 8 7 6 5 4 3 2 1 7
K=25 *int=0 B=36 i=60248600) 3 5 8 7 6 5 4 3 2 1 0 1 3 5 7 6 5 4 3 2 1 3 5 4 3 5 7 6 5 7 8 7 6 5 4 3 2 1 3 5 4 5 7 6 7
K=25 *int=1 B=35 i=60258662) 3 5 8 7 6 4* 3 2 1 0 2 4 3 2 4 6 8 7 6 5 4 3 2 1 2 4 6 8 7 6 5 4 3 2 4 6 5 4 6 8 7 6 8
K=25 *int=10 B=26 i=60267295) 3 5 8 6* 4* 3 1* 0 3* 1* 5* 3* 7* 5* 4 2* 1 2 4 7 6 5 4 6 8
K=25 *int=0 B=36 i=60272393) 3 6 5 4 3 2 1 0 1 3 2 1 3 5 4 3 5 7 6 5 4 3 2 1 3 5 7 8 7 6 5 4 3 2 1 0 1 3 5 7 6 5 4 3 7
K=25 *int=0 B=36 i=60284899) 3 6 5 4 3 2 1 0 1 3 5 4 3 2 1 3 5 7 6 5 4 3 2 1 3 5 7 6 5 4 3 5 7 8 7 6 5 4 3 2 1 0 1 3 7
K=25 *int=0 B=36 i=60288536) 3 6 5 4 3 2 1 0 1 3 5 7 6 5 4 3 2 1 3 5 4 3 5 7 6 5 7 8 7 6 5 4 3 2 1 0 1 3 5 4 3 5 7 6 7
K=25 *int=0 B=36 i=60328848) 3 6 5 4 3 2 1 3 5 4 3 5 7 6 5 7 8 7 6 5 4 3 2 1 0 1 3 5 4 3 2 1 3 5 7 6 5 4 3 5 7 6 7 8 7
K=25 *int=0 B=36 i=60335694) 3 6 5 4 3 2 1 3 5 7 6 5 4 3 5 7 8 7 6 5 4 3 2 1 0 1 3 2 1 3 5 4 3 5 7 6 5 4 3 5 7 8 7 6 7
K=25 *int=0 B=36 i=60338720) 3 6 5 4 3 2 1 3 5 7 8 7 6 5 4 3 2 1 0 1 3 5 7 6 5 4 3 2 1 3 5 4 3 5 7 6 5 7 8 7 6 5 4 3 7
K=25 *int=0 B=36 i=60383836) 3 6 5 4 3 5 7 8 7 6 5 4 3 2 1 0 1 3 2 1 3 5 4 3 5 7 6 5 4 3 2 1 3 5 7 8 7 6 5 4 3 5 7 6 7
K=25 *int=5 B=31 i=60390488) 3 6 5 4 3 1* 3 5* 8 7 6 4* 2* 1 0 1 4 6 8 7 6 5 3* 2 1 3 4 6 5 4 6 8 7 6 8
K=25 *int=0 B=36 i=60419095) 3 6 5 7 8 7 6 5 4 3 2 1 0 1 3 5 4 3 2 1 3 5 7 6 5 4 3 2 1 3 5 7 6 5 4 3 5 7 8 7 6 5 4 3 7
K=25 *int=1 B=35 i=60430078) 3 6 5 8 6* 5 4 3 2 1 0 1 3 5 4 3 2 1 3 5 8 7 6 5 4 3 2 1 3 5 7 6 5 4 3 5 7 8 7 6 5 4 7
K=25 *int=10 B=26 i=60433774) 3 6 5 8 6* 4* 3 1* 0 3* 1* 5* 3* 7* 5* 4 2* 1 4 7 6 5 4 6 8
K=25 *int=10 B=26 i=60509564) 3 6 4* 2* 1 8 6* 4* 2* 1 0 1 8 6* 4* 3 2 1 3* 5* 4 3 7* 6 7
K=25 *int=0 B=36 i=60518636) 3 7 6 5 4 3 2 1 0 1 3 2 1 3 5 4 3 5 7 6 5 4 3 2 1 3 5 7 8 7 6 5 4 3 2 1 0 3 5 7 6 5 4 3 7
K=25 *int=0 B=36 i=60526017) 3 7 6 5 4 3 2 1 0 1 3 5 4 3 2 1 3 5 7 6 5 4 3 2 1 3 5 7 6 5 4 3 5 7 8 7 6 5 4 3 2 1 0 3 7
K=25 *int=0 B=36 i=60528803) 3 7 6 5 4 3 2 1 0 1 3 5 7 6 5 4 3 2 1 3 5 4 3 5 7 6 5 7 8 7 6 5 4 3 2 1 0 3 5 4 3 5 7 6 7
K=25 *int=0 B=36 i=60544307) 3 7 6 5 4 3 2 1 3 5 4 3 5 7 6 5 7 8 7 6 5 4 3 2 1 0 1 3 5 4 3 2 3 5 7 6 5 4 3 5 7 6 7 8 7
K=25 *int=0 B=36 i=60545794) 3 7 6 5 4 3 2 1 3 5 7 6 5 4 3 5 7 8 7 6 5 4 3 2 1 0 1 3 2 3 5 4 3 5 7 6 5 4 3 5 7 8 7 6 7
K=25 *int=0 B=36 i=60547229) 3 7 6 5 4 3 2 1 3 5 7 8 7 6 5 4 3 2 1 0 1 3 5 7 6 5 4 3 2 3 5 4 3 5 7 6 5 7 8 7 6 5 4 3 7
K=25 *int=0 B=36 i=60560724) 3 7 6 5 4 3 5 7 8 7 6 5 4 3 2 1 0 1 3 2 1 3 5 4 3 5 7 6 5 4 3 2 3 5 7 8 7 6 5 4 3 5 7 6 7
K=25 *int=0 B=36 i=60566275) 3 7 6 5 7 8 7 6 5 4 3 2 1 0 1 3 5 4 3 2 1 3 5 7 6 5 4 3 2 3 5 7 6 5 4 3 5 7 8 7 6 5 4 3 7
K=25 *int=0 B=36 i=60583502) 3 7 8 7 6 5 4 3 2 1 0 1 3 2 1 3 5 4 3 5 7 6 5 4 3 2 1 3 5 7 8 7 6 5 4 3 2 3 5 7 6 5 4 3 7
K=25 *int=0 B=36 i=60585421) 3 7 8 7 6 5 4 3 2 1 0 1 3 5 4 3 2 1 3 5 7 6 5 4 3 2 1 3 5 7 6 5 4 3 5 7 8 7 6 5 4 3 2 3 7
K=25 *int=0 B=36 i=60586460) 3 7 8 7 6 5 4 3 2 1 0 1 3 5 7 6 5 4 3 2 1 3 5 4 3 5 7 6 5 7 8 7 6 5 4 3 2 3 5 4 3 5 7 6 7
K=25 *int=0 B=36 i=60595724) 3 8 7 6 5 4 3 2 1 0 1 3 2 1 3 5 4 3 5 7 6 5 4 3 2 1 3 5 7 8 7 6 5 4 3 2 1 3 5 7 6 5 4 3 7
K=25 *int=0 B=36 i=60601804) 3 8 7 6 5 4 3 2 1 0 1 3 5 4 3 2 1 3 5 7 6 5 4 3 2 1 3 5 7 6 5 4 3 5 7 8 7 6 5 4 3 2 1 3 7
K=25 *int=0 B=36 i=60603848) 3 8 7 6 5 4 3 2 1 0 1 3 5 7 6 5 4 3 2 1 3 5 4 3 5 7 6 5 7 8 7 6 5 4 3 2 1 3 5 4 3 5 7 6 7
K=25 *int=10 B=26 i=60614136) 3 1* 5 3* 5* 8 7 6 4* 2* 1 0 1* 3* 5* 8 7 6 4* 2* 1 2 4 6 8
K=25 *int=10 B=26 i=60614245) 3 1* 6 5 3* 5* 8 7 6 4* 2* 1 0 1* 3* 5* 8 7 6 4* 2* 1 4 6 8
K=25 *int=0 B=36 i=60615128) 4 3 2 1 0 1 3 2 1 3 5 4 3 5 6 5 4 3 2 1 3 5 7 8 7 6 5 4 3 2 1 0 1 3 5 7 6 5 4 3 2 1 3 5 7
K=25 *int=0 B=36 i=60615239) 4 3 2 1 0 1 3 2 1 3 5 4 3 5 7 6 5 4 3 2 1 3 5 7 8 7 6 5 4 3 2 1 0 1 3 5 7 6 5 4 3 2 3 5 7
K=25 *int=0 B=36 i=60615713) 4 3 2 1 0 1 3 5 4 3 2 1 3 5 6 5 4 3 2 1 3 5 7 6 5 4 3 5 7 8 7 6 5 4 3 2 1 0 1 3 2 1 3 5 7
K=25 *int=1 B=35 i=60617478) 4 3 2 1 0 1 3 5 4 3 2 1 3 5 7 6 5 4 3 2 1 0 3 5 7 6 5 4 3 5 7 8 7 6 5 4 3 1* 0 3 2 5 7
K=25 *int=0 B=36 i=60617610) 4 3 2 1 0 1 3 5 4 3 2 1 3 5 7 6 5 4 3 2 1 3 5 7 6 5 4 3 5 7 8 7 6 5 4 3 2 1 0 1 3 2 3 5 7
K=25 *int=0 B=36 i=60629383) 4 3 2 1 0 1 3 5 6 5 4 3 2 1 3 5 4 3 5 7 6 5 7 8 7 6 5 4 3 2 1 0 1 3 5 4 3 2 1 3 5 7 6 5 7
K=25 *int=0 B=36 i=60636263) 4 3 2 1 0 1 3 5 7 6 5 4 3 2 1 3 5 4 3 5 7 6 5 7 8 7 6 5 4 3 2 1 0 1 3 5 4 3 2 3 5 7 6 5 7
K=25 *int=0 B=36 i=60679836) 4 3 2 1 0 2 4 3 2 4 5 4 6 7 6 5 4 3 2 1 0 2 4 3 2 4 6 5 4 6 8 7 6 5 4 3 2 1 0 2 4 3 2 6 8
K=25 *int=0 B=36 i=60679993) 4 3 2 1 0 2 4 3 2 4 5 4 6 8 7 6 5 4 3 2 1 0 2 4 3 2 4 6 5 4 6 8 7 6 5 4 3 2 1 2 4 3 2 6 8
K=25 *int=0 B=36 i=60680136) 4 3 2 1 0 2 4 3 2 4 6 5 4 6 7 6 5 4 3 2 1 0 2 4 3 2 4 6 5 4 6 8 7 6 5 4 3 2 1 0 2 4 3 6 8
K=25 *int=0 B=36 i=60680419) 4 3 2 1 0 2 4 3 2 4 6 5 4 6 8 7 6 5 4 3 2 1 0 2 4 3 2 4 6 5 4 6 8 7 6 5 4 3 2 1 2 4 3 6 8
K=25 *int=0 B=36 i=60683423) 4 3 2 1 0 2 4 5 4 3 2 1 0 2 4 6 5 4 3 2 4 6 7 6 5 4 3 2 1 0 2 4 6 8 7 6 5 4 3 2 1 0 2 6 8
K=25 *int=0 B=36 i=60683683) 4 3 2 1 0 2 4 5 4 3 2 1 0 2 4 6 5 4 3 2 4 6 8 7 6 5 4 3 2 1 0 2 4 6 8 7 6 5 4 3 2 1 2 6 8
K=25 *int=0 B=36 i=60702284) 4 3 2 1 0 2 4 5 4 3 2 4 6 7 6 5 4 3 2 1 0 2 4 6 8 7 6 5 4 3 2 1 0 2 4 6 5 4 3 2 6 8 7 6 8
K=25 *int=0 B=36 i=60704451) 4 3 2 1 0 2 4 5 4 3 2 4 6 8 7 6 5 4 3 2 1 0 2 4 6 8 7 6 5 4 3 2 1 2 4 6 5 4 3 2 6 8 7 6 8
K=25 *int=0 B=36 i=60729391) 4 3 2 1 0 2 4 6 5 4 3 2 1 0 2 4 6 5 4 3 2 4 6 7 6 5 4 3 2 1 0 2 4 6 8 7 6 5 4 3 2 1 0 6 8
K=25 *int=1 B=35 i=60729472) 4 3 2 1 0 2 4 6 5 4 3 2 1 0 2 4 6 5 4 3 2 4 6 7 6 5 4 3 2 4 6 8 7 6 5 4 3 1* 0 1 3 6 8
K=25 *int=0 B=36 i=60729697) 4 3 2 1 0 2 4 6 5 4 3 2 1 0 2 4 6 5 4 3 2 4 6 8 7 6 5 4 3 2 1 0 2 4 6 8 7 6 5 4 3 2 1 6 8
K=25 *int=0 B=36 i=60741839) 4 3 2 1 0 2 4 6 5 4 3 2 4 6 7 6 5 4 3 2 1 0 2 4 6 8 7 6 5 4 3 2 1 0 2 4 6 5 4 3 6 8 7 6 8
K=25 *int=0 B=36 i=60744192) 4 3 2 1 0 2 4 6 5 4 3 2 4 6 8 7 6 5 4 3 2 1 0 2 4 6 8 7 6 5 4 3 2 1 2 4 6 5 4 3 6 8 7 6 8
K=25 *int=0 B=36 i=60754793) 4 3 2 1 0 2 4 6 7 6 5 4 3 2 1 0 2 4 6 5 4 3 2 4 6 8 7 6 5 4 3 2 1 0 2 4 6 8 7 6 5 4 3 6 8
K=25 *int=0 B=36 i=60760804) 4 3 2 1 0 2 4 6 8 7 6 5 4 3 2 1 0 2 4 6 5 4 3 2 4 6 8 7 6 5 4 3 2 1 2 4 6 8 7 6 5 4 3 6 8
K=25 *int=0 B=36 i=60762212) 4 3 2 1 0 2 4 7 6 5 4 3 2 1 0 2 4 6 5 4 3 2 4 6 8 7 6 5 4 3 2 1 0 2 4 6 8 7 6 5 4 3 2 6 8
K=25 *int=0 B=36 i=60770227) 4 3 2 1 0 2 4 8 7 6 5 4 3 2 1 0 2 4 6 5 4 3 2 4 6 8 7 6 5 4 3 2 1 2 4 6 8 7 6 5 4 3 2 6 8
K=25 *int=1 B=35 i=60963091) 4 3 2 1 2 4 6 5 4 3 2 4 6 8 7 6 5 4 3 2 1 0 1* 4 6 8 7 6 5 4 3 2 1 4 6 5 4 3 6 8 7 6 8
K=25 *int=0 B=36 i=60998643) 4 3 2 1 3 5 4 3 5 6 5 7 8 7 6 5 4 3 2 1 0 1 3 5 4 3 2 1 3 5 7 6 5 4 3 2 1 3 5 7 6 5 7 8 7
K=25 *int=0 B=36 i=61003440) 4 3 2 1 3 5 4 3 5 7 6 5 7 8 7 6 5 4 3 2 1 0 1 3 5 4 3 2 1 3 5 7 6 5 4 3 2 3 5 7 6 5 7 8 7
K=25 *int=0 B=36 i=61018528) 4 3 2 1 3 5 6 5 4 3 2 1 0 1 3 5 7 6 5 4 3 2 1 3 5 4 3 5 7 6 5 7 8 7 6 5 4 3 2 1 0 1 3 5 7
K=25 *int=0 B=36 i=61021624) 4 3 2 1 3 5 6 5 4 3 2 1 3 5 7 6 5 4 3 5 7 8 7 6 5 4 3 2 1 0 1 3 2 1 3 5 4 3 5 7 6 5 7 8 7
K=25 *int=0 B=36 i=61026039) 4 3 2 1 3 5 6 5 4 3 5 7 8 7 6 5 4 3 2 1 0 1 3 2 1 3 5 4 3 5 7 6 5 4 3 2 1 3 5 7 8 7 6 5 7
K=25 *int=0 B=36 i=61039461) 4 3 2 1 3 5 7 6 5 4 3 2 1 0 1 3 5 7 6 5 4 3 2 1 3 5 4 3 5 7 6 5 7 8 7 6 5 4 3 2 1 0 3 5 7
K=25 *int=0 B=36 i=61042080) 4 3 2 1 3 5 7 6 5 4 3 2 1 3 5 7 6 5 4 3 5 7 8 7 6 5 4 3 2 1 0 1 3 2 3 5 4 3 5 7 6 5 7 8 7
K=25 *int=0 B=36 i=61044280) 4 3 2 1 3 5 7 6 5 4 3 5 7 8 7 6 5 4 3 2 1 0 1 3 2 1 3 5 4 3 5 7 6 5 4 3 2 3 5 7 8 7 6 5 7
K=25 *int=0 B=36 i=61047520) 4 3 2 1 3 5 7 8 7 6 5 4 3 2 1 0 1 3 5 7 6 5 4 3 2 1 3 5 4 3 5 7 6 5 7 8 7 6 5 4 3 2 3 5 7
K=25 *int=0 B=36 i=61050135) 4 3 2 1 3 5 8 7 6 5 4 3 2 1 0 1 3 5 7 6 5 4 3 2 1 3 5 4 3 5 7 6 5 7 8 7 6 5 4 3 2 1 3 5 7
K=25 *int=8 B=28 i=61246371) 4 3 2 1 3* 6 5 8 6* 4* 3 2 1 0 1 3* 2 1 5* 3* 7* 5* 4 3 2 1 3 7 8
K=25 *int=0 B=36 i=61267222) 4 3 2 4 5 4 3 2 1 0 2 4 6 7 6 5 4 3 2 1 0 2 4 6 5 4 3 2 4 6 8 7 6 5 4 3 2 1 0 2 6 8 7 6 8
K=25 *int=0 B=36 i=61269485) 4 3 2 4 5 4 3 2 1 0 2 4 6 8 7 6 5 4 3 2 1 0 2 4 6 5 4 3 2 4 6 8 7 6 5 4 3 2 1 2 6 8 7 6 8
K=25 *int=0 B=36 i=61297301) 4 3 2 4 5 4 6 7 6 5 4 3 2 1 0 2 4 3 2 4 6 5 4 6 8 7 6 5 4 3 2 1 0 2 4 3 2 4 6 5 6 8 7 6 8
K=25 *int=0 B=36 i=61306825) 4 3 2 4 5 4 6 8 7 6 5 4 3 2 1 0 2 4 3 2 4 6 5 4 6 8 7 6 5 4 3 2 1 2 4 3 2 4 6 5 6 8 7 6 8
K=25 *int=0 B=36 i=61342193) 4 3 2 4 6 5 4 3 2 1 0 2 4 6 7 6 5 4 3 2 1 0 2 4 6 5 4 3 2 4 6 8 7 6 5 4 3 2 1 0 6 8 7 6 8
K=25 *int=0 B=36 i=61345092) 4 3 2 4 6 5 4 3 2 1 0 2 4 6 8 7 6 5 4 3 2 1 0 2 4 6 5 4 3 2 4 6 8 7 6 5 4 3 2 1 6 8 7 6 8
K=25 *int=0 B=36 i=61363049) 4 3 2 4 6 5 4 6 7 6 5 4 3 2 1 0 2 4 3 2 4 6 5 4 6 8 7 6 5 4 3 2 1 0 2 4 3 4 6 5 6 8 7 6 8
K=25 *int=1 B=35 i=61369283) 4 3 2 4 6 5 4 6 8 7 6 5 4 3 2 1 0 2 4 3 2 1 4 6 5 4 6 8 7 6 5 4 2* 1 4 3 6 5 6 8 7 6 8
K=25 *int=0 B=36 i=61369431) 4 3 2 4 6 5 4 6 8 7 6 5 4 3 2 1 0 2 4 3 2 4 6 5 4 6 8 7 6 5 4 3 2 1 2 4 3 4 6 5 6 8 7 6 8
K=25 *int=0 B=36 i=61382766) 4 3 2 4 6 7 6 5 4 3 2 1 0 2 4 6 8 7 6 5 4 3 2 1 0 2 4 6 5 4 3 2 4 6 8 7 6 5 4 3 6 8 7 6 8
K=25 *int=0 B=36 i=61394153) 4 3 2 4 6 8 7 6 5 4 3 2 1 0 2 4 6 8 7 6 5 4 3 2 1 2 4 6 5 4 3 2 4 6 8 7 6 5 4 3 6 8 7 6 8
K=25 *int=0 B=36 i=61399912) 4 3 2 4 7 6 5 4 3 2 1 0 2 4 6 8 7 6 5 4 3 2 1 0 2 4 6 5 4 3 2 4 6 8 7 6 5 4 3 2 6 8 7 6 8
K=25 *int=0 B=36 i=61416451) 4 3 2 4 8 7 6 5 4 3 2 1 0 2 4 6 8 7 6 5 4 3 2 1 2 4 6 5 4 3 2 4 6 8 7 6 5 4 3 2 6 8 7 6 8
K=25 *int=0 B=36 i=61635023) 4 3 5 6 5 4 3 2 1 0 1 3 2 1 3 5 4 3 5 7 6 5 4 3 2 1 3 5 7 8 7 6 5 4 3 2 1 0 1 3 5 7 6 5 7
K=25 *int=0 B=36 i=61655300) 4 3 5 6 5 4 3 2 1 3 5 7 8 7 6 5 4 3 2 1 0 1 3 5 7 6 5 4 3 2 1 3 5 4 3 5 7 6 5 7 8 7 6 5 7
K=25 *int=0 B=36 i=61673468) 4 3 5 6 5 7 8 7 6 5 4 3 2 1 0 1 3 5 4 3 2 1 3 5 7 6 5 4 3 2 1 3 5 7 6 5 4 3 5 7 8 7 6 5 7
K=25 *int=0 B=36 i=61698215) 4 3 5 7 6 5 4 3 2 1 0 1 3 2 1 3 5 4 3 5 7 6 5 4 3 2 1 3 5 7 8 7 6 5 4 3 2 1 0 3 5 7 6 5 7
K=25 *int=0 B=36 i=61715320) 4 3 5 7 6 5 4 3 2 1 3 5 7 8 7 6 5 4 3 2 1 0 1 3 5 7 6 5 4 3 2 3 5 4 3 5 7 6 5 7 8 7 6 5 7
K=25 *int=0 B=36 i=61724142) 4 3 5 7 6 5 7 8 7 6 5 4 3 2 1 0 1 3 5 4 3 2 1 3 5 7 6 5 4 3 2 3 5 7 6 5 4 3 5 7 8 7 6 5 7
K=25 *int=0 B=36 i=61730090) 4 3 5 7 8 7 6 5 4 3 2 1 0 1 3 2 1 3 5 4 3 5 7 6 5 4 3 2 1 3 5 7 8 7 6 5 4 3 2 3 5 7 6 5 7
K=25 *int=0 B=36 i=61737079) 4 3 5 8 7 6 5 4 3 2 1 0 1 3 2 1 3 5 4 3 5 7 6 5 4 3 2 1 3 5 7 8 7 6 5 4 3 2 1 3 5 7 6 5 7
K=25 *int=1 B=35 i=61784310) 4 3 6 5 8 6* 5 4 3 2 1 0 1 3 5 4 3 2 1 3 5 8 7 6 5 4 3 2 1 3 5 7 6 5 4 3 5 7 8 7 6 5 7
K=25 *int=1 B=35 i=61816892) 4 3 6 4* 3 2 1 0 1 3 2 1 3 6 5 4 3 5 7 6 5 4 3 2 1 3 5 7 8 7 6 5 4 3 2 1 0 1 3 5 7 6 7
K=25 *int=1 B=35 i=61823473) 4 3 6 4* 3 2 1 3 6 5 7 8 7 6 5 4 3 2 1 0 1 3 5 7 6 5 4 3 2 1 3 5 4 3 5 7 6 5 7 8 7 6 7
K=25 *int=8 B=28 i=61832780) 4 3 6 4* 2* 1 8 6* 4* 2* 1 0 1 8 6* 4* 3 2 1 3 6 5 4 3 5 7* 6 7 8
K=25 *int=0 B=36 i=61901014) 4 5 4 3 2 1 0 2 4 3 2 4 6 5 4 6 7 6 5 4 3 2 1 0 2 4 3 2 4 6 5 4 6 8 7 6 5 4 3 2 1 0 2 6 8
K=25 *int=0 B=36 i=61901731) 4 5 4 3 2 1 0 2 4 3 2 4 6 5 4 6 8 7 6 5 4 3 2 1 0 2 4 3 2 4 6 5 4 6 8 7 6 5 4 3 2 1 2 6 8
K=25 *int=0 B=36 i=61919412) 4 5 4 3 2 1 0 2 4 6 5 4 3 2 4 6 7 6 5 4 3 2 1 0 2 4 6 8 7 6 5 4 3 2 1 0 2 4 6 5 6 8 7 6 8
K=25 *int=0 B=36 i=61920125) 4 5 4 3 2 1 0 2 4 6 5 4 3 2 4 6 8 7 6 5 4 3 2 1 0 2 4 6 8 7 6 5 4 3 2 1 2 4 6 5 6 8 7 6 8
K=25 *int=0 B=36 i=61925473) 4 5 4 3 2 1 0 2 4 6 7 6 5 4 3 2 1 0 2 4 6 5 4 3 2 4 6 8 7 6 5 4 3 2 1 0 2 4 6 8 7 6 5 6 8
K=25 *int=0 B=36 i=61930217) 4 5 4 3 2 1 0 2 4 6 8 7 6 5 4 3 2 1 0 2 4 6 5 4 3 2 4 6 8 7 6 5 4 3 2 1 2 4 6 8 7 6 5 6 8
K=25 *int=1 B=35 i=61977191) 4 5 4 3 2 1 2 4 6 5 4 3 2 4 6 8 7 6 5 4 3 2 1 0 1* 4 6 8 7 6 5 4 3 2 1 4 6 5 6 8 7 6 8
K=25 *int=0 B=36 i=62049333) 4 5 4 3 2 4 6 7 6 5 4 3 2 1 0 2 4 6 8 7 6 5 4 3 2 1 0 2 4 6 5 4 3 2 4 6 8 7 6 5 6 8 7 6 8
K=25 *int=0 B=36 i=62059878) 4 5 4 3 2 4 6 8 7 6 5 4 3 2 1 0 2 4 6 8 7 6 5 4 3 2 1 2 4 6 5 4 3 2 4 6 8 7 6 5 6 8 7 6 8
K=25 *int=0 B=36 i=62126265) 4 5 4 6 7 6 5 4 3 2 1 0 2 4 3 2 4 6 5 4 6 8 7 6 5 4 3 2 1 0 2 4 3 2 4 6 5 4 6 8 7 6 5 6 8
K=25 *int=0 B=36 i=62137996) 4 5 4 6 8 7 6 5 4 3 2 1 0 2 4 3 2 4 6 5 4 6 8 7 6 5 4 3 2 1 2 4 3 2 4 6 5 4 6 8 7 6 5 6 8
K=25 *int=0 B=36 i=62228374) 4 6 5 4 3 2 1 0 2 4 3 2 4 6 5 4 6 7 6 5 4 3 2 1 0 2 4 3 2 4 6 5 4 6 8 7 6 5 4 3 2 1 0 6 8
K=25 *int=0 B=36 i=62229378) 4 6 5 4 3 2 1 0 2 4 3 2 4 6 5 4 6 8 7 6 5 4 3 2 1 0 2 4 3 2 4 6 5 4 6 8 7 6 5 4 3 2 1 6 8
K=25 *int=0 B=36 i=62238739) 4 6 5 4 3 2 1 0 2 4 6 5 4 3 2 4 6 7 6 5 4 3 2 1 0 2 4 6 8 7 6 5 4 3 2 1 0 4 6 5 6 8 7 6 8
K=25 *int=0 B=36 i=62239305) 4 6 5 4 3 2 1 0 2 4 6 5 4 3 2 4 6 8 7 6 5 4 3 2 1 0 2 4 6 8 7 6 5 4 3 2 1 4 6 5 6 8 7 6 8
K=25 *int=0 B=36 i=62242886) 4 6 5 4 3 2 1 0 2 4 6 7 6 5 4 3 2 1 0 2 4 6 5 4 3 2 4 6 8 7 6 5 4 3 2 1 0 4 6 8 7 6 5 6 8
K=25 *int=0 B=36 i=62248496) 4 6 5 4 3 2 1 0 2 4 6 8 7 6 5 4 3 2 1 0 2 4 6 5 4 3 2 4 6 8 7 6 5 4 3 2 1 4 6 8 7 6 5 6 8
K=25 *int=3 B=33 i=62297799) 4 6 5 4 3 2 1 4 6 8 7 6 5 4 2* 1 0 1 4 3 6 5 8 6* 5 4 3 2 1 3 5 4 3 5 8 6* 5 6 8
K=25 *int=3 B=33 i=62309722) 4 6 5 4 3 2 1 3* 6 8 7 6 5 4 3 2 1 0 1 3 6 8 7 6 5 4 3 2 1 3 5* 4 3 5 8 6* 5 8 7
K=25 *int=0 B=36 i=62316115) 4 6 5 4 3 2 4 6 7 6 5 4 3 2 1 0 2 4 6 8 7 6 5 4 3 2 1 0 2 4 6 5 4 3 4 6 8 7 6 5 6 8 7 6 8
K=25 *int=0 B=36 i=62325109) 4 6 5 4 3 2 4 6 8 7 6 5 4 3 2 1 0 2 4 6 8 7 6 5 4 3 2 1 2 4 6 5 4 3 4 6 8 7 6 5 6 8 7 6 8
K=25 *int=1 B=35 i=62325959) 4 6 5 4 3 2 4 6 8 7 6 5 4 3 2 1 0 1* 4 6 8 7 6 5 4 3 2 1 4 6 5 4 3 4 6 8 7 6 5 6 8 7 6
K=25 *int=8 B=28 i=62351061) 4 6 5 4 3 6 8 7 6 4* 2* 1 0 1* 3* 5* 8 7 6 4* 2* 1 4 3 5* 8 7 6 5
K=25 *int=0 B=36 i=62356581) 4 6 5 4 6 7 6 5 4 3 2 1 0 2 4 3 2 4 6 5 4 6 8 7 6 5 4 3 2 1 0 2 4 3 4 6 5 4 6 8 7 6 5 6 8
K=25 *int=0 B=36 i=62364899) 4 6 5 4 6 8 7 6 5 4 3 2 1 0 2 4 3 2 4 6 5 4 6 8 7 6 5 4 3 2 1 2 4 3 4 6 5 4 6 8 7 6 5 6 8
K=25 *int=0 B=36 i=62392948) 4 6 7 6 5 4 3 2 1 0 2 4 3 2 4 6 5 4 6 8 7 6 5 4 3 2 1 0 2 4 3 2 4 6 5 4 6 8 7 6 5 4 3 6 8
K=25 *int=0 B=36 i=62395239) 4 6 7 6 5 4 3 2 1 0 2 4 6 5 4 3 2 4 6 8 7 6 5 4 3 2 1 0 2 4 6 8 7 6 5 4 3 4 6 5 6 8 7 6 8
K=25 *int=0 B=36 i=62396468) 4 6 7 6 5 4 3 2 1 0 2 4 6 8 7 6 5 4 3 2 1 0 2 4 6 5 4 3 2 4 6 8 7 6 5 4 3 4 6 8 7 6 5 6 8
K=25 *int=1 B=35 i=62421800) 4 6 7 5* 4 3 2 1 0 1 3 5 4 3 2 1 3 5 4 3 5 7 6 5 7 8 7 6 5 4 3 2 1 0 3 5 4 3 5 7 6 5 7
K=25 *int=1 B=35 i=62426366) 4 6 7 5* 4 3 2 1 3 5 4 3 5 7 8 7 6 5 4 3 2 1 0 1 3 2 3 5 4 3 5 7 6 5 4 3 5 7 8 7 6 5 7
K=25 *int=0 B=36 i=62441067) 4 6 8 7 6 5 4 3 2 1 0 2 4 3 2 4 6 5 4 6 8 7 6 5 4 3 2 1 2 4 3 2 4 6 5 4 6 8 7 6 5 4 3 6 8
K=25 *int=0 B=36 i=62443114) 4 6 8 7 6 5 4 3 2 1 0 2 4 6 5 4 3 2 4 6 8 7 6 5 4 3 2 1 2 4 6 8 7 6 5 4 3 4 6 5 6 8 7 6 8
K=25 *int=0 B=36 i=62443973) 4 6 8 7 6 5 4 3 2 1 0 2 4 6 8 7 6 5 4 3 2 1 2 4 6 5 4 3 2 4 6 8 7 6 5 4 3 4 6 8 7 6 5 6 8
K=25 *int=8 B=28 i=62446514) 4 6 8 7 6 5 4 3 2 1 0 1* 4 3 6 4* 2* 1 8 6* 4* 2* 1 8 6* 4* 3 6 5
K=25 *int=1 B=35 i=62449540) 4 6 8 7 5* 4 3 2 1 0 1 3 5 4 3 2 1 3 5 4 3 5 7 6 5 7 8 7 6 5 4 3 2 1 3 5 4 3 5 7 6 5 7
K=25 *int=0 B=36 i=62465399) 4 7 6 5 4 3 2 1 0 2 4 3 2 4 6 5 4 6 8 7 6 5 4 3 2 1 0 2 4 3 2 4 6 5 4 6 8 7 6 5 4 3 2 6 8
K=25 *int=0 B=36 i=62468603) 4 7 6 5 4 3 2 1 0 2 4 6 5 4 3 2 4 6 8 7 6 5 4 3 2 1 0 2 4 6 8 7 6 5 4 3 2 4 6 5 6 8 7 6 8
K=25 *int=0 B=36 i=62469426) 4 7 6 5 4 3 2 1 0 2 4 6 8 7 6 5 4 3 2 1 0 2 4 6 5 4 3 2 4 6 8 7 6 5 4 3 2 4 6 8 7 6 5 6 8
K=25 *int=0 B=36 i=62530538) 4 8 7 6 5 4 3 2 1 0 2 4 3 2 4 6 5 4 6 8 7 6 5 4 3 2 1 2 4 3 2 4 6 5 4 6 8 7 6 5 4 3 2 6 8
K=25 *int=0 B=36 i=62532123) 4 8 7 6 5 4 3 2 1 0 2 4 6 5 4 3 2 4 6 8 7 6 5 4 3 2 1 2 4 6 8 7 6 5 4 3 2 4 6 5 6 8 7 6 8
K=25 *int=0 B=36 i=62532740) 4 8 7 6 5 4 3 2 1 0 2 4 6 8 7 6 5 4 3 2 1 2 4 6 5 4 3 2 4 6 8 7 6 5 4 3 2 4 6 8 7 6 5 6 8
