K=38 *int=3 B=52 i=247953388) 0 1 0 2 3 2 1 0 2 4 5 7 6 4* 3 2 4 7 9 8 7 5* 4 3 2 1 0 2 4 9 10 9 7* 6 5 4 3 2 1 0 2 4 6 9 8 7 6 5 4 3 2 4 6 8 7 6 5 4 6 8
K=38 *int=2 B=53 i=390608294) 0 1 0 2 3 2 4 5 7 6 4* 7 9 8 7 6 5 4 3 2 1 0 2 4 3 2 4 5 4 7 6 9 10 9 7* 6 5 4 3 2 1 0 2 4 6 9 8 7 6 5 4 3 2 4 6 5 4 6 8 7 6 8
K=38 *int=3 B=52 i=427240518) 0 1 0 2 3 2 4 7 9 8 7 6 5 4 3 2 1 0 2 4 6* 5 4 3 2 4 9 8 6* 5 4 6 9 10 9 7* 6 5 4 3 2 1 0 2 4 3 2 4 6 5 4 6 9 8 7 6 5 4 6 8
K=38 *int=3 B=52 i=736885307) 0 1 0 2 4 3 2 1 0 2 4 5 7 6 4* 3 2 4 7 9 8 7 5* 4 3 2 1 0 2 4 9 10 9 7* 6 5 4 3 2 1 0 2 4 6 9 8 7 6 5 4 3 2 4 6 8 7 6 5 4 8
K=38 *int=2 B=53 i=740240728) 0 1 0 2 4 3 2 1 0 2 4 6 5 4 3 2 4 6 8 7 6 5 4 3 2 4 6 8 10 9 8 7 6 5 4 3 1* 0 1 3 6 8 10 9 8 7 6 5 4 3 2 1 3 5* 8 7 6 5 4 3 5 8
K=38 *int=2 B=53 i=823080615) 0 1 0 2 4 3 2 4 5 7 6 4* 7 9 8 7 6 5 4 3 2 1 0 2 4 3 2 4 5 4 7 6 9 10 9 7* 6 5 4 3 2 1 0 2 4 6 9 8 7 6 5 4 3 2 4 6 5 4 6 8 7 8
K=38 *int=2 B=53 i=827706883) 0 1 0 2 4 3 2 4 6 5 4 3 2 1 0 2 4 6 8 7 6 5 4 3 2 4 6 8 10 9 8 7 6 5 4 3 1* 0 1 3 6 8 7 6 5 4 3 5* 8 10 9 8 7 6 5 4 3 2 1 3 5 8
K=38 *int=3 B=52 i=852643503) 0 1 0 2 4 3 2 4 7 9 8 7 6 5 4 3 2 1 0 2 4 6* 5 4 3 2 4 9 8 6* 5 4 6 9 10 9 7* 6 5 4 3 2 1 0 2 4 3 2 4 6 5 4 6 9 8 7 6 5 4 8
K=38 *int=2 B=53 i=1087676838) 0 1 0 2 4 7 9 8 7 6 5 4 3 2 1 0 2 4 6* 5 4 3 2 4 6 5 4 7 9 8 7 6 9 10 9 7* 6 5 4 3 2 1 0 2 4 6 5 4 3 2 4 6 9 8 7 6 5 4 6 8 7 8
K=38 *int=2 B=53 i=1228771322) 0 1 0 2 5 7 6 5 4 3 2 4* 7 9 8 7 6 5 4 3 2 1 0 2 4 7 9 10 8* 7 6 5 4 3 2 1 0 2 4 6 8 7 6 5 4 3 2 4 6 8 7 6 5 4 6 8 10 9 8 7 6 8
K=38 *int=2 B=53 i=1239199322) 0 1 0 2 5 7 9 8 7 6 5 4 3 2 1 0 2 4* 7 6 5 4 3 2 4 7 9 10 8* 7 6 5 4 3 2 1 0 2 4 6 8 7 6 5 4 3 2 4 6 8 10 9 8 7 6 5 4 6 8 7 6 8
K=38 *int=5 B=50 i=1239220323) 0 1 0 2 5 7 9 8 7 6 5 4 3 2 1 0 2 4* 7 6 5 3* 2 5 7 9 8 7 6 9 10 9 7* 5* 3* 2 1 0 2 5 4 3 2 4 6 9 8 7 6 5 4 6 8 7 6 8
K=38 *int=2 B=53 i=1336730531) 0 1 0 2 7 9 8 7 6 5 4 3 2 1 0 2 4 6* 5 4 3 2 4 6 5 4 7 9 8 7 6 9 10 9 7* 6 5 4 3 2 1 0 2 4 6 5 4 3 2 4 6 9 8 7 6 5 4 6 8 7 6 8
K=38 *int=2 B=53 i=4842646209) 0 1 3 2 1 3 5 4 3 2 1 3 5 7 6 5 4 3 5 7 9 8 7 6 5 7 9 10 9 8 7 6 5 4 3 2 1 0 1 3 5 4 2* 1 2 4 7 6 5 4 6* 9 8 7 6 5 4 3 2 4 6 9
K=38 *int=2 B=53 i=4862284414) 0 1 3 2 1 3 5 4 3 5 7 6 5 7 9 8 7 9 10 9 8 7 6 5 4 3 2 1 0 1 3 5 4 3 5 7 6 5 4 2* 1 2 4 7 9 8 7 6 5 4 3 2 4 6* 9 8 7 6 5 4 6 9
K=38 *int=4 B=51 i=5410951581) 0 1 3 2 0* 3 5 4 3 5 7 9 8 7 6 5 4 3 2 1 0 3 5 7 9 8 7 6 5 4 3 2 5 7 6 9 10 9 7* 5* 3* 2 1 0 2 5 4 3 4 6 9 8 7 6 5 4 6 8
K=38 *int=4 B=51 i=6109715573) 0 1 3 5 4 3 2 0* 3 5 4 3 5 7 6 5 7 9 8 7 6 5 4 3 2 1 0 3 5 4 3 2 5 7 6 9 10 9 7* 5* 3* 2 1 0 2 5 4 6 9 8 7 6 5 4 3 2 4 8
K=38 *int=4 B=51 i=6326486308) 0 1 3 5 7 6 5 4 3 2 0* 3 5 4 3 5 7 8 7 6 5 7 9 8 7 6 5 4 3 2 1 0 3 5 4 3 2 5 7 6 9 10 9 7* 5* 3* 2 1 0 2 5 4 6 9 8 7 6 8
K=38 *int=6 B=49 i=6328489375) 0 1 3 5 7 6 5 4 3 2 0* 3 5 7 9 8 7 6 5 4 3 2 1 0 3 5 7 6 5 4 7 9 8 7 5* 3* 2 9 10 9 7* 5* 3* 2 1 0 2 5 6 9 8 7 6 8
K=38 *int=4 B=51 i=6361480237) 0 1 3 5 7 9 8 7 6 5 4 3 2 0* 3 5 4 3 5 7 6 5 7 9 8 7 9 10 9 8 7 6 5 4 3 2 1 0 3 5 4 7 5* 3* 2 3 4 9 7* 6 5 4 6 9 8 7 6 8
K=38 *int=2 B=53 i=7514545370) 0 1 4 6 5 4 3 2 1 3* 6 8 7 6 5 4 3 2 1 3 6 8 9 7* 6 5 4 3 5 7 6 5 7 9 10 9 8 7 6 5 4 3 2 1 0 1 3 2 1 3 5 4 3 5 7 6 5 7 9 8 7 9
K=38 *int=2 B=53 i=7625344486) 0 1 4 6 8 7 6 5 4 3 2 1 3* 6 5 4 3 6 8 9 7* 6 5 7 9 10 9 8 7 6 5 4 3 2 1 0 1 3 5 4 3 2 1 3 5 7 6 5 4 3 5 7 9 8 7 6 5 7 9 8 7 9
K=38 *int=4 B=51 i=8246458059) 0 1 5 7 6 5 4 3 2 0* 3 5 4 3 5 7 9 8 7 6 5 4 3 2 1 0 3 5 7 9 8 7 6 5 4 3 2 5 7 6 9 10 9 7* 5* 3* 2 1 0 2 5 4 6 9 8 7 6 8
K=38 *int=3 B=52 i=8619689708) 0 2 1 0 2 3 2 1 0 2 4 5 7 6 4* 3 2 4 7 9 8 7 5* 4 3 2 1 0 2 4 9 10 9 7* 6 5 4 3 2 1 0 2 4 6 9 8 7 6 5 4 3 2 4 6 8 7 6 5 4 6
K=38 *int=2 B=53 i=8782988184) 0 2 1 0 2 3 2 4 5 7 6 4* 7 9 8 7 6 5 4 3 2 1 0 2 4 3 2 4 5 4 7 6 9 10 9 7* 6 5 4 3 2 1 0 2 4 6 9 8 7 6 5 4 3 2 4 6 5 4 6 8 7 6
K=38 *int=4 B=51 i=8796509116) 0 2 1 0 2 3 2 4 6 5 4 3 2 4 6 7 9 8 6* 5 4 3 2 1 0 2 4 6 9 10 9 7* 6 5 4 3 2 1 0 2 4 6 5 4 6 9 7* 6 5 3* 2 3 5 7 6 5 7 9
K=38 *int=4 B=51 i=8798766855) 0 2 1 0 2 3 2 4 6 5 4 3 6 7 9 8 6* 4* 2* 1 0 2 3 6 5 4 3 5 7 9 10 9 8 7 6 5 4 3 2 1 0 2* 5 7 9 8 7 6 5 4 3 2 5 7 6 5 7 9
K=38 *int=4 B=51 i=8804827070) 0 2 1 0 2 3 2 4 6 5 4 6 8 9 7* 6 5 3* 2 1 0 2* 5 7 6 5 4 3 5 7 9 10 9 8 7 6 5 4 2* 1 0 2 3 5 7 9 8 7 6 5 4 3 5 7 6 5 7 9
K=38 *int=4 B=51 i=8825624255) 0 2 1 0 2 3 2 4 7 6 5 4 3 2 4 6* 9 8 7 6 5 4 3 2 1 0 2 4 6 9 10 9 8 7 6 5 4 3 2 1 0 2 4 6 5 8* 6* 4* 3 2 4 5 8 7 6 5 7 9
K=38 *int=3 B=52 i=8832271015) 0 2 1 0 2 3 2 4 7 9 8 7 6 5 4 3 2 1 0 2 4 6* 5 4 3 2 4 9 8 6* 5 4 6 9 10 9 7* 6 5 4 3 2 1 0 2 4 3 2 4 6 5 4 6 9 8 7 6 5 4 6
K=38 *int=2 B=53 i=9025495438) 0 2 1 0 2 3 4 2* 5 7 9 8 7 6 5 4 3 2 1 0 2 5 7 9 8 7 6 5 4 3 5 7 9 10 9 8 7 6 5 4 2* 1 0 2 3 5 7 6 5 4 3 5 7 9 8 7 6 5 4 5 7 9
K=38 *int=2 B=53 i=9026730270) 0 2 1 0 2 3 4 2* 5 9 8 7 6 5 4 3 2 1 0 2 5 7 9 8 7 6 5 4 3 5 7 9 10 9 8 7 6 5 4 2* 1 0 2 3 5 7 6 5 4 3 5 7 9 8 7 6 5 4 3 5 7 9
K=38 *int=4 B=51 i=9087210873) 0 2 1 0 2 3 5 4 2* 5 6 5 7 9 8 7 6 5 4 3 1* 0 3 5 7 6 5 4 3 5 7 9 10 9 8 7 6 5 4 3 1* 0 3 2 5 4 7 9 8 7 5* 4 3 2 4 7 6 9
K=38 *int=4 B=51 i=9087258997) 0 2 1 0 2 3 5 4 2* 5 6 5 7 9 8 7 6 4* 3 2 1 0 2 4 6* 9 10 9 8 7 6 5 4 3 2 1 0 2 4 6 5 4 3 2 4 6 7 9 8 6* 5 4 3 2 4 6 7 9
K=38 *int=6 B=49 i=9089851774) 0 2 1 0 2 3 5 4 2* 5 7 6 5 4 5 7 9 8 7 6 5 7 9 10 9 8 7 6 5 3* 1* 0 5 3* 1* 3 2 5 7 6 5 4 7 9 8 7 5* 4 3 2 4 7 6 9
K=38 *int=4 B=51 i=9090506955) 0 2 1 0 2 3 5 4 2* 5 7 6 5 7 9 8 7 6 5 4 3 1* 0 3 5 4 3 5 7 6 5 7 9 10 9 8 7 6 5 4 3 1* 0 3 2 5 4 7 9 8 7 5* 4 3 2 4 7 6
K=38 *int=2 B=53 i=9091581597) 0 2 1 0 2 3 5 4 2* 5 7 9 8 7 6 5 4 3 2 1 0 2 5 7 9 8 7 6 5 4 3 5 7 9 10 9 8 7 6 5 4 2* 1 0 2 3 5 7 6 5 4 3 5 7 9 8 7 6 5 4 7 9
K=38 *int=2 B=53 i=9092736980) 0 2 1 0 2 3 5 4 2* 5 9 8 7 6 5 4 3 2 1 0 2 5 7 9 8 7 6 5 4 3 5 7 9 10 9 8 7 6 5 4 2* 1 0 2 3 5 7 6 5 4 3 5 7 9 8 7 6 5 4 3 7 9
K=38 *int=2 B=53 i=9107945246) 0 2 1 0 2 3 5 6 5 4 2* 5 7 9 8 7 6 5 4 3 2 1 0 2 5 7 9 8 7 6 5 4 3 5 7 9 10 9 8 7 6 5 4 2* 1 0 2 3 5 7 6 5 4 3 5 7 9 8 7 6 7 9
K=38 *int=2 B=53 i=9130223354) 0 2 1 0 2 3 5 7 6 5 4 2* 5 7 9 8 7 6 5 4 3 2 1 0 2 5 7 9 8 7 6 5 4 3 5 7 9 10 9 8 7 6 5 4 2* 1 0 2 3 5 7 6 5 4 5 7 9 8 7 6 7 9
K=38 *int=4 B=51 i=9138847536) 0 2 1 0 2 3 5 7 9 8 7 6 5 4 2* 1 0 5 7 6 5 4 2* 5 7 9 8 7 6 5 4 3 5 7 9 10 9 8 7 6 5 4 2* 1 0 2 3 5 4 7 9 8 7 5* 4 7 6 9
K=38 *int=3 B=52 i=9138847558) 0 2 1 0 2 3 5 7 9 8 7 6 5 4 2* 1 0 5 7 6 5 4 2* 5 7 9 8 7 6 5 4 3 5 7 9 10 9 8 7 6 5 4 2* 1 0 2 3 5 7 9 8 7 6 5 4 5 7 6 7 9
K=38 *int=3 B=52 i=9146452316) 0 2 1 0 2 3 5 9 8 7 6 5 4 2* 1 0 5 7 6 5 4 2* 5 7 9 8 7 6 5 4 3 5 7 9 10 9 8 7 6 5 4 2* 1 0 2 3 5 7 9 8 7 6 5 4 3 5 7 6 7 9
K=38 *int=2 B=53 i=9165809700) 0 2 1 0 2 3 6 5 4 2* 5 7 9 8 7 6 5 4 3 2 1 0 2 5 7 9 8 7 6 5 4 3 5 7 9 10 9 8 7 6 5 4 2* 1 0 2 3 5 7 6 5 4 3 5 7 9 8 7 6 5 7 9
K=38 *int=6 B=49 i=9187620372) 0 2 1 0 2 3 6 8 7 6 4* 2* 6 4* 8 7 10 8* 7 6 5 3* 1* 0 1 3 5 7 10 9 8 7 6 5 4 3 2 1 3 5 7 6 5 4 3 5 7 9 8 7 6 5 7 9
K=38 *int=2 B=53 i=9202497330) 0 2 1 0 2 3 7 6 5 4 2* 5 7 9 8 7 6 5 4 3 2 1 0 2 5 7 9 8 7 6 5 4 3 5 7 9 10 9 8 7 6 5 4 2* 1 0 2 3 5 7 6 5 4 5 7 9 8 7 6 5 7 9
K=38 *int=3 B=52 i=9211319738) 0 2 1 0 2 3 7 9 8 7 6 5 4 2* 1 0 5 7 6 5 4 2* 5 7 9 8 7 6 5 4 3 5 7 9 10 9 8 7 6 5 4 2* 1 0 2 3 5 7 9 8 7 6 5 4 5 7 6 5 7 9
K=38 *int=3 B=52 i=9218103487) 0 2 1 0 2 3 9 8 7 6 5 4 2* 1 0 5 7 6 5 4 2* 5 7 9 8 7 6 5 4 3 5 7 9 10 9 8 7 6 5 4 2* 1 0 2 3 5 7 9 8 7 6 5 4 3 5 7 6 5 7 9
K=38 *int=4 B=51 i=9227839395) 0 2 1 0 2 4 3 2 1 0 2 4 5 7 6 4* 3 2 4 7 9 8 7 5* 4 3 2 1 0 2 4 7 9 10 9 8 6* 5 4 3 2 1 0 2 4 6 5 7 9 8 7 6 4* 3 2 4 5 7
K=38 *int=3 B=52 i=9227839646) 0 2 1 0 2 4 3 2 1 0 2 4 5 7 6 4* 3 2 4 7 9 8 7 5* 4 3 2 1 0 2 4 9 10 9 7* 6 5 4 3 2 1 0 2 4 6 9 8 7 6 5 4 3 2 4 6 8 7 6 5 4
K=38 *int=2 B=53 i=9229198177) 0 2 1 0 2 4 3 2 1 0 2 4 6 5 4 3 2 4 6 8 7 6 5 4 3 2 4 6 8 10 9 8 7 6 5 4 3 1* 0 1 3 6 8 10 9 8 7 6 5 4 3 2 1 3 5* 8 7 6 5 4 3 5
K=38 *int=2 B=53 i=9229226778) 0 2 1 0 2 4 3 2 1 0 2 4 6 5 4 3 2 4 6 8 7 6 5 4 6 8 9 8 7 6 5 4 3 2 1 0 2 4 3 6 5 8 10 9 8 6* 5 4 2* 1 0 2 3 5 8 7 6 5 4 3 5 7
K=38 *int=2 B=53 i=9229241697) 0 2 1 0 2 4 3 2 1 0 2 4 6 5 4 3 2 4 6 8 7 6 5 4 6 8 10 9 8 7 6 5 4 3 2 1 0 2 4 3 6 5 8 10 9 8 6* 5 4 2* 1 2 3 5 8 7 6 5 4 3 5 7
K=38 *int=5 B=50 i=9229838449) 0 2 1 0 2 4 3 2 1 0 2 4 6 5 4 3 6 8 7 6 4* 2* 6 8 10 9 8 7 5* 4 3 1* 0 1 3 5 8 10 9 8 6* 5 4 3 2 1 3 5 8 7 6 5 4 3 5 7
K=38 *int=2 B=53 i=9320736859) 0 2 1 0 2 4 3 2 4 5 6 4* 3 2 4 5 7 8 7 6 5 7 9 10 9 8 7 6 5 4 3 1* 0 1 3 5 4 3 2 1 3 5 7 6 5 4 3 5 7 9 8 7 6 5 4 3 2 1 3 5 7 9
K=38 *int=2 B=53 i=9320742473) 0 2 1 0 2 4 3 2 4 5 6 4* 3 2 4 5 7 9 8 7 6 5 7 9 10 9 8 7 6 5 4 3 1* 0 1 3 5 4 3 2 1 3 5 7 6 5 4 3 5 7 9 8 7 6 5 4 3 2 3 5 7 9
K=38 *int=3 B=52 i=9321657293) 0 2 1 0 2 4 3 2 4 5 6 4* 7 8 7 9 10 9 8 7 6 5 3* 1* 0 1 3 5 7 6 5 4 3 2 1 3 5 7 9 8 7 6 5 4 3 2 1 3 5 7 9 8 7 6 5 4 3 5 7 9
K=38 *int=3 B=52 i=9321879461) 0 2 1 0 2 4 3 2 4 5 6 4* 7 9 8 7 9 10 9 8 7 6 5 3* 1* 0 1 3 5 7 6 5 4 3 2 1 3 5 7 9 8 7 6 5 4 3 2 3 5 7 9 8 7 6 5 4 3 5 7 9
K=38 *int=4 B=51 i=9322073870) 0 2 1 0 2 4 3 2 4 5 6 4* 8 7 10 8* 7 6 5 3* 1* 0 1 3 5 7 6 5 4 3 2 1 3 5 7 10 9 8 7 6 5 4 3 2 1 3 5 7 9 8 7 6 5 4 3 5 7 9
K=38 *int=2 B=53 i=9325524433) 0 2 1 0 2 4 3 2 4 5 7 6 4* 3 2 4 5 7 8 7 6 5 7 9 10 9 8 7 6 5 4 3 1* 0 1 3 5 4 3 2 1 3 5 7 6 5 4 3 5 7 9 8 7 6 5 4 3 2 1 5 7 9
K=38 *int=2 B=53 i=9325530402) 0 2 1 0 2 4 3 2 4 5 7 6 4* 3 2 4 5 7 9 8 7 6 5 7 9 10 9 8 7 6 5 4 3 1* 0 1 3 5 4 3 2 1 3 5 7 6 5 4 3 5 7 9 8 7 6 5 4 3 2 5 7 9
K=38 *int=3 B=52 i=9326107783) 0 2 1 0 2 4 3 2 4 5 7 6 4* 7 8 7 9 10 9 8 7 6 5 3* 1* 0 1 3 5 7 6 5 4 3 2 1 3 5 7 9 8 7 6 5 4 3 2 1 3 5 7 9 8 7 6 5 4 5 7 9
K=38 *int=2 B=53 i=9326220372) 0 2 1 0 2 4 3 2 4 5 7 6 4* 7 9 8 7 6 5 4 3 2 1 0 2 4 3 2 4 5 4 7 6 9 10 9 7* 6 5 4 3 2 1 0 2 4 6 9 8 7 6 5 4 3 2 4 6 5 4 6 8 7
K=38 *int=4 B=51 i=9326293998) 0 2 1 0 2 4 3 2 4 5 7 6 4* 7 9 8 7 9 10 9 8 7 6 5 3* 2 1 0 2* 5 7 6 5 4 3 2 1 2 5 7 9 8 7 6 5 4 3 2 4* 7 9 8 7 6 5 4 7 9
K=38 *int=3 B=52 i=9326294668) 0 2 1 0 2 4 3 2 4 5 7 6 4* 7 9 8 7 9 10 9 8 7 6 5 3* 1* 0 1 3 5 7 6 5 4 3 2 1 3 5 7 9 8 7 6 5 4 3 2 3 5 7 9 8 7 6 5 4 5 7 9
K=38 *int=2 B=53 i=9327098989) 0 2 1 0 2 4 3 2 4 5 7 8 7 6 4* 3 2 4 5 7 9 8 7 6 5 7 9 10 9 8 7 6 5 4 3 1* 0 1 3 5 4 3 2 1 3 5 7 6 5 4 3 5 7 9 8 7 6 5 4 5 7 9
K=38 *int=5 B=50 i=9328262075) 0 2 1 0 2 4 3 2 4 5 7 9 8 7 6 4* 3 2 1 0 2 4 7 9 8 7 5* 4 3 7 9 10 9 8 6* 4* 2* 1 0 2 3 6 5 4 3 5 7 9 8 7 6 5 4 5 7 9
K=38 *int=2 B=53 i=9328321587) 0 2 1 0 2 4 3 2 4 5 7 9 8 7 6 4* 3 2 4 5 7 9 8 7 6 5 7 9 10 9 8 7 6 5 4 3 1* 0 1 3 5 4 3 2 3 5 7 6 5 4 3 5 7 9 8 7 6 5 4 5 7 9
K=38 *int=2 B=53 i=9329740001) 0 2 1 0 2 4 3 2 4 5 8 7 6 4* 3 2 4 5 7 9 8 7 6 5 7 9 10 9 8 7 6 5 4 3 1* 0 1 3 5 4 3 2 1 3 5 7 6 5 4 3 5 7 9 8 7 6 5 4 3 5 7 9
K=38 *int=5 B=50 i=9331125579) 0 2 1 0 2 4 3 2 4 5 9 8 7 6 4* 3 2 1 0 2 4 7 9 8 7 5* 4 3 7 9 10 9 8 6* 4* 2* 1 0 2 3 6 5 4 3 5 7 9 8 7 6 5 4 3 5 7 9
K=38 *int=2 B=53 i=9331188709) 0 2 1 0 2 4 3 2 4 5 9 8 7 6 4* 3 2 4 5 7 9 8 7 6 5 7 9 10 9 8 7 6 5 4 3 1* 0 1 3 5 4 3 2 3 5 7 6 5 4 3 5 7 9 8 7 6 5 4 3 5 7 9
K=38 *int=2 B=53 i=9332990151) 0 2 1 0 2 4 3 2 4 6 5 4 3 2 1 0 2 4 6 8 7 6 5 4 3 2 4 6 8 10 9 8 7 6 5 4 3 1* 0 1 3 6 8 7 6 5 4 3 5* 8 10 9 8 7 6 5 4 3 2 1 3 5
K=38 *int=4 B=51 i=9335834641) 0 2 1 0 2 4 3 2 4 6 5 4 3 2 4 6 7 9 8 6* 5 4 6 9 10 9 7* 6 5 4 3 2 1 0 2 4 3 2 1 2 4 6 5 4 6 9 7* 6 5 3* 2 3 5 7 6 5 7 9
K=38 *int=6 B=49 i=9341950259) 0 2 1 0 2 4 3 2 4 6 5 4 6 7 9 8 6* 5 4 3 2 1 0 2 4 3 2 4 5* 4 9 10 9 7* 5* 4 3 2 1 0 2 4 9 7* 6 5 3* 2 3 5 7 6 5 7
K=38 *int=2 B=53 i=9343023897) 0 2 1 0 2 4 3 2 4 6 5 4 6 8 7 6 8 9 8 7 6 5 4 3 2 1 0 2 4 3 2 4 6 5 4 3 6 8 7 6 5 8 10 9 8 6* 5 4 2* 1 0 2 3 5 4 3 5 8 7 6 5 7
K=38 *int=2 B=53 i=9343283608) 0 2 1 0 2 4 3 2 4 6 5 4 6 8 7 6 8 10 9 8 7 6 5 4 3 2 1 0 2 4 3 2 4 6 5 4 3 6 8 7 6 5 8 10 9 8 6* 5 4 2* 1 2 3 5 4 3 5 8 7 6 5 7
K=38 *int=3 B=52 i=9343712947) 0 2 1 0 2 4 3 2 4 6 5 4 6 8 9 8 7 6 5 4 3 2 1 0 2 4 6 8 10 9 8 7 6 5 4 3 2 1 0 2 4 6 8 7 5* 3* 2 3 5 7* 10 9 8 7 6 5 4 3 5 7
K=38 *int=3 B=52 i=9343948450) 0 2 1 0 2 4 3 2 4 6 5 4 6 8 10 9 8 7 6 5 4 3 2 1 0 2 4 6 8 10 9 8 7 6 5 4 3 2 1 2 4 6 8 7 5* 3* 2 3 5 7* 10 9 8 7 6 5 4 3 5 7
K=38 *int=4 B=51 i=9344088115) 0 2 1 0 2 4 3 2 4 6 5 4 6 9 8 7 6 5 4 3 2 1 0 2 4 6 8* 10 9 8 7 6 5 4 3 2 1 0 2 4 6 8 7 5* 3* 2 3 5 7* 9 8 7 6 5 4 3 5 7
K=38 *int=4 B=51 i=9354125095) 0 2 1 0 2 4 3 2 4 6 7 5* 4 3 5 7 9 8 7 9 10 9 8 7 6 5 4 2* 1 0 2 5 7 6 5 3* 2 1 2 5 7 9 8 7 6 4* 3 2 4 5 7 9 8 7 6 5 7 9
K=38 *int=4 B=51 i=9355669028) 0 2 1 0 2 4 3 2 4 6 8 7 6 5 4 3 2 4 6 8 7 6 5 4 6 8 9 10 8* 7 6 5 4 3 1* 0 1 3* 6 8 7 5* 4 3 2 1 3 5 4 5 7 9 8 7 6 5 7 9
K=38 *int=4 B=51 i=9360567493) 0 2 1 0 2 4 3 2 4 7 6 5 4 3 2 4 6* 9 8 7 6 5 4 6 9 10 9 8 7 6 5 4 3 2 1 0 2 4 3 2 1 2 4 6 5 8* 6* 4* 3 2 4 5 8 7 6 5 7 9
K=38 *int=6 B=49 i=9362811487) 0 2 1 0 2 4 3 2 4 7 6 5 4 6* 9 8 7 6 5 4 3 2 1 0 2 4 3 2 4 6 5 9 10 9 8 6* 4* 3 2 1 0 2 8* 6* 4* 3 2 4 5 8 7 6 5 7
K=38 *int=3 B=52 i=9366360534) 0 2 1 0 2 4 3 2 4 7 9 8 7 6 5 4 3 2 1 0 2 4 6* 5 4 3 2 4 9 8 6* 5 4 6 9 10 9 7* 6 5 4 3 2 1 0 2 4 3 2 4 6 5 4 6 9 8 7 6 5 4
K=38 *int=4 B=51 i=9366360556) 0 2 1 0 2 4 3 2 4 7 9 8 7 6 5 4 3 2 1 0 2 4 6* 5 4 3 2 4 9 8 6* 5 4 6 9 10 9 7* 6 5 4 3 2 1 0 2 4 3 2 4 6 9 8 7 5* 4 5 7
K=38 *int=4 B=51 i=9436753924) 0 2 1 0 2 4 3 6 8 7 6 4* 2* 6 5 8 7 10 8* 7 6 5 4 3 1* 0 1 3 5 4 3 5 7 6 5 7 10 9 8 7 6 5 4 3 2 1 3 5 4 3 5 7 9 8 7 6 5 7
K=38 *int=4 B=51 i=9436754553) 0 2 1 0 2 4 3 6 8 7 6 4* 2* 6 5 8 7 10 8* 7 6 5 4 3 1* 0 1 3 5 7 6 5 4 3 5 7 10 9 8 7 6 5 4 3 2 1 3 5 4 5 7 9 8 7 6 5 7 9
K=38 *int=4 B=51 i=9544273285) 0 2 1 0 2 4 5 3* 2 1 3 5 6 5 7 9 8 7 6 5 4 3 2 0* 3 5 7 6 5 4 3 5 7 9 10 9 8 7 6 5 4 2* 1 0 2 4* 7 9 8 7 6 5 4 3 2 4 7 9
K=38 *int=6 B=49 i=9545068338) 0 2 1 0 2 4 5 3* 2 1 3 5 7 6 5 4 3 5 7 9 8 7 6 5 7 9 10 9 8 7 6 5 4 2* 0* 4* 2* 1 2 7 6 4* 7 9 8 7 6 5 4 3 2 4 7 9
K=38 *int=4 B=51 i=9545277872) 0 2 1 0 2 4 5 3* 2 1 3 5 7 6 5 7 9 8 7 6 5 4 3 2 0* 3 5 4 3 5 7 6 5 7 9 10 9 8 7 6 5 4 2* 1 0 2 4* 7 9 8 7 6 5 4 3 2 4 7
K=38 *int=4 B=51 i=9611922315) 0 2 1 0 2 4 6 8 7 6 5 4 3 2 1 0 2 4 6 5 4 3 2 4 6 8 9 7* 6 5 4 3 2 4 6* 9 10 9 8 7 5* 4 3 1* 0 1 3 5 4 3 5 7 9 8 7 6 5 7
K=38 *int=4 B=51 i=9615387942) 0 2 1 0 2 4 6 8 7 6 5 3* 2 1 3 5* 8 9 7* 6 5 4 3 2 0* 3 5 4 3 5 7 6 5 7 9 10 9 8 7 6 5 4 3 2 1 0 3 5 4 3 5 7 9 8 7 6 5 7
K=38 *int=4 B=51 i=9615388759) 0 2 1 0 2 4 6 8 7 6 5 3* 2 1 3 5* 8 9 7* 6 5 4 3 2 0* 3 5 7 6 5 4 3 5 7 9 10 9 8 7 6 5 4 3 2 1 0 3 5 4 5 7 9 8 7 6 5 7 9
K=38 *int=3 B=52 i=9617139520) 0 2 1 0 2 4 6 8 9 8 7 6 5 4 3 2 1 0 2 4 6 5 4 3 2 4 6 8 7 6 5 4 3 6 8 10 9 8 7 6 4* 2* 1 0 2 3 8 10 9 8 6* 5 4 3 5 8 7 6 5 7
K=38 *int=3 B=52 i=9618139954) 0 2 1 0 2 4 6 8 10 9 8 7 6 5 4 3 2 1 0 2 4 6 5 4 3 2 4 6 8 7 6 5 4 3 6 8 10 9 8 7 6 4* 2* 1 2 3 8 10 9 8 6* 5 4 3 5 8 7 6 5 7
K=38 *int=4 B=51 i=9618552720) 0 2 1 0 2 4 6 9 8 7 6 5 4 3 2 1 0 2 4 6 5 4 3 2 4 6 8* 7 6 5 4 3 6 8 7 9 10 9 8 6* 4* 2* 1 0 2 3 6 5 4 3 5 7 9 8 7 6 5 7
K=38 *int=2 B=53 i=9640836464) 0 2 1 0 2 4 7 9 8 7 6 5 4 3 2 1 0 2 4 6* 5 4 3 2 4 6 5 4 7 9 8 7 6 9 10 9 7* 6 5 4 3 2 1 0 2 4 6 5 4 3 2 4 6 9 8 7 6 5 4 6 8 7
K=38 *int=4 B=51 i=9662048847) 0 2 1 0 2 5 4 3 2 1 0 2 4* 7 6 5 4 3 2 4 7 9 8 7 6 5 4 3 2 1 0 2 4 6* 9 10 9 8 7 5* 4 3 2 1 0 2 4* 7 9 8 7 6 5 4 3 2 4 7
K=38 *int=2 B=53 i=9815564905) 0 2 1 0 2 5 7 6 5 4 3 2 4* 7 9 8 7 6 5 4 3 2 1 0 2 4 7 9 10 8* 7 6 5 4 3 2 1 0 2 4 6 8 7 6 5 4 3 2 4 6 8 7 6 5 4 6 8 10 9 8 7 6
K=38 *int=2 B=53 i=9827927217) 0 2 1 0 2 5 7 9 8 7 6 5 4 3 2 1 0 2 4* 7 6 5 4 3 2 4 7 9 10 8* 7 6 5 4 3 2 1 0 2 4 6 8 7 6 5 4 3 2 4 6 8 10 9 8 7 6 5 4 6 8 7 6
K=38 *int=5 B=50 i=9827947437) 0 2 1 0 2 5 7 9 8 7 6 5 4 3 2 1 0 2 4* 7 6 5 3* 2 5 7 9 8 7 6 9 10 9 7* 5* 3* 2 1 0 2 5 4 3 2 4 6 9 8 7 6 5 4 6 8 7 6
K=38 *int=6 B=49 i=9930903799) 0 2 1 0 2 6 8 7 6 5 3* 2 1 5* 3* 8 9 7* 5* 4 3 2 0* 3 5 7 9 10 9 8 7 6 5 4 3 2 1 0 3 5 7 6 5 4 3 5 7 9 8 7 6 5 7 9
K=38 *int=2 B=53 i=9961846531) 0 2 1 0 2 7 9 8 7 6 5 4 3 2 1 0 2 4 6* 5 4 3 2 4 6 5 4 7 9 8 7 6 9 10 9 7* 6 5 4 3 2 1 0 2 4 6 5 4 3 2 4 6 9 8 7 6 5 4 6 8 7 6
K=38 *int=2 B=53 i=12646393662) 0 2 3 2 1 0 2 4 3 2 4 5 4 6 7 9 8 6* 5 4 3 2 1 0 2 4 6 5 4 3 2 4 7 9 10 9 8 7 6 5 4 3 2 1 0 2 4 6* 9 8 7 6 5 4 3 2 4 6 5 4 6 9
K=38 *int=2 B=53 i=12651190971) 0 2 3 2 1 0 2 4 3 2 4 5 7 6 4* 7 9 8 7 6 5 4 3 2 1 0 2 4 3 2 4 5 4 7 6 9 10 9 7* 6 5 4 3 2 1 0 2 4 6 9 8 7 6 5 4 3 2 4 6 5 4 6
K=38 *int=5 B=50 i=12651210773) 0 2 3 2 1 0 2 4 3 2 4 5 7 6 4* 7 9 8 7 6 5 3* 2 1 0 2* 5 7 9 10 9 8 7 6 4* 3 2 1 0 2 4 6* 9 8 7 6 5 4 3 2 4 6 5 4 6 9
K=38 *int=2 B=53 i=12654182200) 0 2 3 2 1 0 2 4 3 2 4 6 5 4 6 7 9 8 6* 5 4 3 2 1 0 2 4 6 5 4 3 2 4 7 9 10 9 8 7 6 5 4 3 2 1 0 2 4 6* 9 8 7 6 5 4 3 2 4 6 5 6 9
K=38 *int=3 B=52 i=12711393968) 0 2 3 2 1 0 2 4 5 4 3 2 4 6 5 4 6 7 9 8 6* 5 4 3 2 1 0 2 4 9 10 9 8 6* 5 4 3 2 1 0 2 4 6 5 4 3 2 4 6* 9 8 7 6 5 4 3 2 4 6 9
K=38 *int=2 B=53 i=12713966056) 0 2 3 2 1 0 2 4 5 4 3 2 4 6 7 9 8 6* 5 4 3 2 1 0 2 4 6 5 4 3 2 4 7 9 8 7 6 5 4 6* 9 10 9 8 7 6 5 4 3 2 1 0 2 4 3 2 4 6 5 4 6 9
K=38 *int=3 B=52 i=12757949774) 0 2 3 2 1 0 2 4 6 5 4 3 2 4 6 5 4 6 7 9 8 6* 5 4 3 2 1 0 2 4 9 10 9 8 6* 5 4 3 2 1 0 2 4 6 5 4 3 2 4 6* 9 8 7 6 5 4 3 2 6 9
K=38 *int=2 B=53 i=12760419159) 0 2 3 2 1 0 2 4 6 5 4 3 2 4 6 7 9 8 6* 5 4 3 2 1 0 2 4 6 5 4 3 2 4 7 9 8 7 6 5 4 6* 9 10 9 8 7 6 5 4 3 2 1 0 2 4 3 2 4 6 5 6 9
K=38 *int=2 B=53 i=12796005322) 0 2 3 2 1 0 2 4 7 9 8 7 6 5 4 3 2 1 0 2 4 6* 5 4 3 2 4 6 5 4 7 9 8 7 6 9 10 9 7* 6 5 4 3 2 1 0 2 4 6 5 4 3 2 4 6 9 8 7 6 5 4 6
K=38 *int=3 B=52 i=13423218066) 0 2 3 2 4 5 4 3 2 1 0 2 4 6 7 9 8 6* 5 4 3 2 1 0 2 4 6 5 4 3 2 4 6* 5 4 9 8 6* 9 10 9 8 7 6 5 4 3 2 1 0 2 4 6 5 4 3 2 4 6 9
K=38 *int=3 B=52 i=13535007121) 0 2 3 2 4 6 5 4 3 2 1 0 2 4 6 7 9 8 6* 5 4 3 2 1 0 2 4 6 5 4 3 2 4 6* 5 4 9 8 6* 9 10 9 8 7 6 5 4 3 2 1 0 2 4 6 5 4 3 2 6 9
K=38 *int=4 B=51 i=14516412249) 0 2 3 5 4 2* 1 0 2 3 5 7 6 5 4 3 5 7 6 5 7 9 8 7 9 10 9 8 7 6 5 4 3 2 1 0 2* 5 7 6 4* 3 2 1 2 4 6* 9 8 7 6 5 4 3 2 4 6 9
K=38 *int=4 B=51 i=14685185609) 0 2 3 5 7 6 5 4 2* 1 0 2 3 5 7 6 5 4 3 5 7 9 8 7 6 5 4 3 2 1 0 2* 5 7 9 8 7 6 4* 3 2 4 6* 9 10 9 8 7 6 5 4 3 2 1 0 2 6 9
K=38 *int=6 B=49 i=14724079210) 0 2 3 5 7 9 8 7 6 5 4 2* 1 0 2 3 5 4 3 5 7 6 5 7 9 8 7 6 5 4 7 9 10 9 8 7 5* 3* 2 1 0 2* 4* 3 4 6* 9 8 7 6 5 4 6 9
K=38 *int=4 B=51 i=14724157533) 0 2 3 5 7 9 8 7 6 5 4 2* 1 0 2 3 5 7 6 5 4 3 5 7 9 10 9 8 7 6 5 4 3 2 1 0 2* 5 7 9 8 7 6 4* 3 2 4 6* 9 10 9 8 7 6 5 4 6 9
K=38 *int=4 B=51 i=15033129787) 0 2 3 7 9 8 7 6 5 4 2* 1 0 2 3 5 7 6 5 4 3 5 7 6 5 7 9 8 7 9 10 9 8 7 6 5 4 3 2 1 0 2* 5 7 6 4* 3 2 4 6* 9 8 7 6 5 4 6 9
K=38 *int=4 B=51 i=15102330124) 0 2 3 1* 0 1 3 5 4 3 5 7 6 5 4 3 2 1 3 5 7 9 8 7 6 5 4 3 2 5 7 9 10 9 8 7 6 5 3* 1* 0 1 2 7 9 8 7 5* 4 3 2 4 7 6 5 4 6 9
K=38 *int=2 B=53 i=15329397129) 0 2 4 3 2 1 0 2 4 3 2 4 5 4 6 7 9 8 6* 5 4 3 2 1 0 2 4 6 5 4 3 2 4 7 9 10 9 8 7 6 5 4 3 2 1 0 2 4 6* 9 8 7 6 5 4 3 2 4 6 5 4 9
K=38 *int=2 B=53 i=15332962328) 0 2 4 3 2 1 0 2 4 3 2 4 5 7 6 4* 7 9 8 7 6 5 4 3 2 1 0 2 4 3 2 4 5 4 7 6 9 10 9 7* 6 5 4 3 2 1 0 2 4 6 9 8 7 6 5 4 3 2 4 6 5 4
K=38 *int=5 B=50 i=15332979062) 0 2 4 3 2 1 0 2 4 3 2 4 5 7 6 4* 7 9 8 7 6 5 3* 2 1 0 2* 5 7 9 10 9 8 7 6 4* 3 2 1 0 2 4 6* 9 8 7 6 5 4 3 2 4 6 5 4 9
K=38 *int=2 B=53 i=15335161848) 0 2 4 3 2 1 0 2 4 3 2 4 6 5 4 6 7 9 8 6* 5 4 3 2 1 0 2 4 6 5 4 3 2 4 7 9 10 9 8 7 6 5 4 3 2 1 0 2 4 6* 9 8 7 6 5 4 3 2 4 6 5 9
K=38 *int=4 B=51 i=15335328830) 0 2 4 3 2 1 0 2 4 3 2 4 6 5 4 6 8 7 6 5 4 3 2 4 6 8 9 10 8* 7 6 5 4 3 1* 0 1 3* 6 8 7 5* 4 3 2 1 3 5 7 9 8 7 6 5 4 3 5 9
K=38 *int=3 B=52 i=15335331596) 0 2 4 3 2 1 0 2 4 3 2 4 6 5 4 6 8 7 6 5 4 3 2 4 6 8 10 9 8 7 6 5 4 3 1* 0 1 3* 6 5 6 8 7 6 8 10 9 8 7 6 4* 3 2 1 3 6 5 4 3 5
K=38 *int=3 B=52 i=15397017424) 0 2 4 3 2 1 0 2 4 5 4 3 2 4 6 5 4 6 7 9 8 6* 5 4 3 2 1 0 2 4 9 10 9 8 6* 5 4 3 2 1 0 2 4 6 5 4 3 2 4 6* 9 8 7 6 5 4 3 2 4 9
K=38 *int=2 B=53 i=15400161902) 0 2 4 3 2 1 0 2 4 5 4 3 2 4 6 7 9 8 6* 5 4 3 2 1 0 2 4 6 5 4 3 2 4 7 9 8 7 6 5 4 6* 9 10 9 8 7 6 5 4 3 2 1 0 2 4 3 2 4 6 5 4 9
K=38 *int=4 B=51 i=15408999522) 0 2 4 3 2 1 0 2 4 5 4 3 6 8 7 6 4* 2* 6 5 8 7 10 8* 7 6 5 4 3 1* 0 1 3 5 4 3 5 7 6 5 7 10 9 8 7 6 5 4 3 2 1 3 5 4 3 5 7 9
K=38 *int=4 B=51 i=15416805199) 0 2 4 3 2 1 0 2 4 5 4 6 8 7 6 5 4 3 2 1 0 2 4 6 5 4 3 2 4 6 8 9 7* 6 5 4 3 2 4 6* 9 10 9 8 7 5* 4 3 1* 0 1 3 5 4 3 5 7 9
K=38 *int=4 B=51 i=15417459305) 0 2 4 3 2 1 0 2 4 5 4 6 8 7 6 5 3* 2 1 3 5* 8 9 7* 6 5 4 3 2 0* 3 5 4 3 5 7 6 5 7 9 10 9 8 7 6 5 4 3 2 1 0 3 5 4 3 5 7 9
K=38 *int=4 B=51 i=15418137720) 0 2 4 3 2 1 0 2 4 5 4 6 9 8 7 6 5 4 3 2 1 0 2 4 6 5 4 3 2 4 6 8* 7 6 5 4 3 6 8 7 9 10 9 8 6* 4* 2* 1 0 2 3 6 5 4 3 5 7 9
K=38 *int=2 B=53 i=15428227018) 0 2 4 3 2 1 0 2 4 5 6 4* 3 2 4 5 7 6 5 7 8 7 9 10 9 8 7 6 5 4 3 1* 0 1 3 5 4 3 5 7 6 5 4 3 2 1 3 5 7 9 8 7 6 5 4 3 2 1 3 5 7 9
K=38 *int=2 B=53 i=15428236558) 0 2 4 3 2 1 0 2 4 5 6 4* 3 2 4 5 7 6 5 7 9 8 7 9 10 9 8 7 6 5 4 3 1* 0 1 3 5 4 3 5 7 6 5 4 3 2 1 3 5 7 9 8 7 6 5 4 3 2 3 5 7 9
K=38 *int=4 B=51 i=15432418020) 0 2 4 3 2 1 0 2 4 5 7 6 4* 3 2 1 0 2 4 7 8 7 5* 4 3 2 4 7 9 8 6* 5 4 3 2 1 0 2 4 6 5 7 9 10 9 8 7 6 4* 3 2 1 0 2 4 5 7 9
K=38 *int=2 B=53 i=15432815676) 0 2 4 3 2 1 0 2 4 5 7 6 4* 3 2 4 5 7 6 5 7 8 7 9 10 9 8 7 6 5 4 3 1* 0 1 3 5 4 3 5 7 6 5 4 3 2 1 3 5 7 9 8 7 6 5 4 3 2 1 5 7 9
K=38 *int=2 B=53 i=15432823518) 0 2 4 3 2 1 0 2 4 5 7 6 4* 3 2 4 5 7 6 5 7 9 8 7 9 10 9 8 7 6 5 4 3 1* 0 1 3 5 4 3 5 7 6 5 4 3 2 1 3 5 7 9 8 7 6 5 4 3 2 5 7 9
K=38 *int=2 B=53 i=15434284762) 0 2 4 3 2 1 0 2 4 5 7 8 7 6 4* 3 2 4 5 7 6 5 7 9 8 7 9 10 9 8 7 6 5 4 3 1* 0 1 3 5 4 3 5 7 6 5 4 3 2 1 3 5 7 9 8 7 6 5 4 5 7 9
K=38 *int=2 B=53 i=15435407347) 0 2 4 3 2 1 0 2 4 5 7 9 8 7 6 4* 3 2 4 5 7 6 5 7 9 8 7 9 10 9 8 7 6 5 4 3 1* 0 1 3 5 4 3 5 7 6 5 4 3 2 3 5 7 9 8 7 6 5 4 5 7 9
K=38 *int=2 B=53 i=15436729646) 0 2 4 3 2 1 0 2 4 5 8 7 6 4* 3 2 4 5 7 6 5 7 9 8 7 9 10 9 8 7 6 5 4 3 1* 0 1 3 5 4 3 5 7 6 5 4 3 2 1 3 5 7 9 8 7 6 5 4 3 5 7 9
K=38 *int=2 B=53 i=15438187415) 0 2 4 3 2 1 0 2 4 5 9 8 7 6 4* 3 2 4 5 7 6 5 7 9 8 7 9 10 9 8 7 6 5 4 3 1* 0 1 3 5 4 3 5 7 6 5 4 3 2 3 5 7 9 8 7 6 5 4 3 5 7 9
K=38 *int=3 B=52 i=15441881729) 0 2 4 3 2 1 0 2 4 5 3* 5 6 5 7 8 7 6 5 4 2* 5 7 9 10 9 8 7 6 5 4 3 1* 0 1 3 5 4 3 5 7 6 5 7 9 8 7 6 5 4 3 2 1 3 5 4 3 5 7 9
K=38 *int=3 B=52 i=15441957255) 0 2 4 3 2 1 0 2 4 5 3* 5 6 5 7 9 8 7 6 5 4 2* 5 7 9 10 9 8 7 6 5 4 3 1* 0 1 3 5 4 3 5 7 6 5 7 9 8 7 6 5 4 3 2 3 5 4 3 5 7 9
K=38 *int=3 B=52 i=15442283426) 0 2 4 3 2 1 0 2 4 5 3* 5 7 6 5 7 8 7 6 5 4 2* 5 7 9 10 9 8 7 6 5 4 3 1* 0 1 3 5 4 3 5 7 6 5 7 9 8 7 6 5 4 3 2 1 3 5 4 5 7 9
K=38 *int=4 B=51 i=15442357130) 0 2 4 3 2 1 0 2 4 5 3* 5 7 6 5 7 9 8 7 6 5 4 2* 5 7 9 10 9 8 7 6 5 4 3 1* 0 1 3 5 4 3 2 5 7 6 5 7 9 8 7 6 5 3* 2 5 4 7 9
K=38 *int=3 B=52 i=15442357222) 0 2 4 3 2 1 0 2 4 5 3* 5 7 6 5 7 9 8 7 6 5 4 2* 5 7 9 10 9 8 7 6 5 4 3 1* 0 1 3 5 4 3 5 7 6 5 7 9 8 7 6 5 4 3 2 3 5 4 5 7 9
K=38 *int=4 B=51 i=15446231654) 0 2 4 3 2 1 0 2 4 6 5 4 3 2 1 0 2 4 6 8 7 6 5 4 3 2 4 6 8 7 6 5 4 6 8 9 10 8* 7 6 5 3* 1* 0 1 3 5* 8 7 6 5 4 3 2 1 3 5 9
K=38 *int=3 B=52 i=15446232330) 0 2 4 3 2 1 0 2 4 6 5 4 3 2 1 0 2 4 6 8 7 6 5 4 3 2 4 6 8 7 6 5 4 6 8 10 9 8 7 6 5 3* 1* 0 1 3 5* 8 10 9 8 7 6 5 4 3 2 1 3 5
K=38 *int=3 B=52 i=15452840568) 0 2 4 3 2 1 0 2 4 6 5 4 3 2 4 6 5 4 6 7 9 8 6* 5 4 3 2 1 0 2 4 9 10 9 8 6* 5 4 3 2 1 0 2 4 6 5 4 3 2 4 6* 9 8 7 6 5 4 3 2 9
K=38 *int=4 B=51 i=15452840648) 0 2 4 3 2 1 0 2 4 6 5 4 3 2 4 6 5 4 6 7 9 8 6* 5 4 3 2 1 0 2 4 9 10 9 8 6* 5 4 3 2 1 0 2 4 6 5 4 6* 9 8 7 6 5 3* 2 3 5 9
K=38 *int=2 B=53 i=15455815947) 0 2 4 3 2 1 0 2 4 6 5 4 3 2 4 6 7 9 8 6* 5 4 3 2 1 0 2 4 6 5 4 3 2 4 7 9 8 7 6 5 4 6* 9 10 9 8 7 6 5 4 3 2 1 0 2 4 3 2 4 6 5 9
K=38 *int=5 B=50 i=15456046270) 0 2 4 3 2 1 0 2 4 6 5 4 3 2 4 6 7 5* 4 7 8 7 9 10 9 8 7 5* 4 3 1* 0 1 3* 7 5* 4 3 2 1 3 5 7 9 8 7 6 5 4 3 2 1 3 5 7 9
K=38 *int=5 B=50 i=15456062159) 0 2 4 3 2 1 0 2 4 6 5 4 3 2 4 6 7 5* 4 7 9 8 7 9 10 9 8 7 5* 4 3 1* 0 1 3* 7 5* 4 3 2 1 3 5 7 9 8 7 6 5 4 3 2 3 5 7 9
K=38 *int=6 B=49 i=15456272893) 0 2 4 3 2 1 0 2 4 6 5 4 3 2 4 6 8 7 6 5 4 3 2 1 0 2 4 6 8 9 7* 5* 4 3 2 4* 6* 9 10 9 8 7 5* 4 3 1* 0 1 3 5 4 3 5 9
K=38 *int=2 B=53 i=15456431071) 0 2 4 3 2 1 0 2 4 6 5 4 3 2 4 6 8 7 6 5 4 3 2 4 6 8 10 9 8 7 6 5 4 3 1* 0 1 3 6 8 10 9 8 7 6 5 4 3 2 1 3 5* 8 7 6 5 4 3 5 8 10 9
K=38 *int=6 B=49 i=15457393642) 0 2 4 3 2 1 0 2 4 6 5 4 3 2 4 6 9 8 7 6 5 4 3 2 1 0 2 4 6 8* 7 6 5 3* 5* 8 7 9 10 9 8 6* 4* 2* 1 0 2 3 6 5 4 3 5 9
K=38 *int=2 B=53 i=15497705381) 0 2 4 3 2 1 0 2 4 7 9 8 7 6 5 4 3 2 1 0 2 4 6* 5 4 3 2 4 6 5 4 7 9 8 7 6 9 10 9 7* 6 5 4 3 2 1 0 2 4 6 5 4 3 2 4 6 9 8 7 6 5 4
K=38 *int=4 B=51 i=15686955422) 0 2 4 3 2 1 4 5 7 6 4* 2* 0* 4 3 5 7 8 7 6 5 7 9 8 7 6 5 4 3 2 1 0 3 5 4 3 2 5 7 6 5 7 9 10 9 8 7 6 5 3* 2 1 0 2 5 4 7 9
K=38 *int=4 B=51 i=15686984832) 0 2 4 3 2 1 4 5 7 6 4* 2* 0* 4 3 5 7 9 8 7 6 5 4 3 2 1 0 3 5 7 9 8 7 6 5 4 3 2 5 7 6 5 7 9 10 9 8 7 6 5 3* 2 1 0 2 5 4 9
K=38 *int=3 B=52 i=15771373604) 0 2 4 3 2 4 5 4 3 2 1 0 2 4 6 7 9 8 6* 5 4 3 2 1 0 2 4 6 5 4 3 2 4 6* 5 4 9 8 6* 9 10 9 8 7 6 5 4 3 2 1 0 2 4 6 5 4 3 2 4 9
K=38 *int=3 B=52 i=15862384872) 0 2 4 3 2 4 6 5 4 3 2 1 0 2 4 6 7 9 8 6* 5 4 3 2 1 0 2 4 6 5 4 3 2 4 6* 5 4 9 8 6* 9 10 9 8 7 6 5 4 3 2 1 0 2 4 6 5 4 3 2 9
K=38 *int=4 B=51 i=15862385280) 0 2 4 3 2 4 6 5 4 3 2 1 0 2 4 6 7 9 8 6* 5 4 3 2 1 0 2 4 6 5 4 3 2 4 6* 9 8 7 5* 4 3 5 7 9 10 9 8 7 6 5 4 2* 1 0 2 3 5 9
K=38 *int=2 B=53 i=15862665944) 0 2 4 3 2 4 6 5 4 3 2 1 0 2 4 6 8 7 6 5 4 3 2 4 6 8 10 9 8 7 6 5 4 3 1* 0 1 3 6 8 7 6 5 4 3 5* 8 10 9 8 7 6 5 4 3 2 1 3 5 8 10 9
K=38 *int=4 B=51 i=15907731398) 0 2 4 3 2 4 6 7 5* 4 3 1* 0 3 5 4 3 5 7 8 7 6 5 7 9 8 7 6 5 4 3 1* 0 3 5 4 2* 5 7 6 5 7 9 10 9 8 7 6 5 4 3 2 1 0 2 5 7 9
K=38 *int=4 B=51 i=15907750461) 0 2 4 3 2 4 6 7 5* 4 3 1* 0 3 5 4 3 5 7 9 8 7 6 5 4 3 1* 0 3 5 7 9 8 7 6 5 4 2* 5 7 6 5 7 9 10 9 8 7 6 5 4 3 2 1 0 2 5 9
K=38 *int=4 B=51 i=15916396087) 0 2 4 3 2 4 6 8 10 9 8 7 5* 4 3 1* 0 1 3 5 4 3 5 7* 6 5 4 3 2 1 3 5 7 10 8* 7 6 5 4 3 2 1 3 5 7 6 5 7 10 9 8 7 6 5 4 3 5 9
K=38 *int=4 B=51 i=15916399326) 0 2 4 3 2 4 6 8 10 9 8 7 5* 4 3 1* 0 1 3 5 4 3 5 7* 6 5 7 10 8* 7 6 5 4 3 2 1 3 5 4 3 2 3 5 7 6 5 7 10 9 8 7 6 5 4 3 5 7 9
K=38 *int=4 B=51 i=15921020940) 0 2 4 3 2 4 7 6 5 4 3 2 1 0 2 4 6* 9 8 7 6 5 4 3 2 1 0 2 4 6 5 4 3 6 7 9 8 6* 4* 2* 6 5 7 9 10 9 8 7 6 5 4 3 2 1 0 2 5 9
K=38 *int=6 B=49 i=15948026225) 0 2 4 3 2 4 8 10 9 8 7 5* 4 3 1* 0 1 3 7* 5* 4 3 2 1 3 5 6* 5 4 3 5 10 8* 7 6 5 4 3 2 1 3 5 7 10 9 8 7 6 5 4 3 5 7 9
K=38 *int=2 B=53 i=16426195116) 0 2 4 5 4 3 2 1 0 2 4 3 2 4 6 5 4 6 7 9 8 6* 5 4 3 2 1 0 2 4 6 5 4 3 2 4 7 9 10 9 8 7 6 5 4 3 2 1 0 2 4 6* 9 8 7 6 5 4 3 2 4 9
K=38 *int=2 B=53 i=16450268208) 0 2 4 5 4 3 2 1 0 2 4 6 5 4 3 2 4 6 7 6 5 4 6 8 9 7* 6 5 4 3 2 1 0 2 4 3 2 4 5 7 6 4* 7 9 10 9 8 7 6 5 4 3 2 1 0 2 4 3 2 4 7 9
K=38 *int=2 B=53 i=16450687660) 0 2 4 5 4 3 2 1 0 2 4 6 5 4 3 2 4 6 7 9 8 6* 5 4 3 2 1 0 2 4 6 5 4 3 2 4 7 9 8 7 6 5 4 6* 9 10 9 8 7 6 5 4 3 2 1 0 2 4 3 2 4 9
K=38 *int=2 B=53 i=16450959250) 0 2 4 5 4 3 2 1 0 2 4 6 5 4 3 2 4 6 8 7 6 5 4 6 8 9 7* 6 5 4 3 2 1 0 2 4 3 2 4 5 7 6 4* 7 9 10 9 8 7 6 5 4 3 2 1 0 2 4 3 4 7 9
K=38 *int=5 B=50 i=16452372926) 0 2 4 5 4 3 2 1 0 2 4 6 5 4 3 6 7 9 8 6* 4* 2* 1 0 2 6 5 3* 2 5 7 9 8 7 6 4* 7 9 10 9 8 7 6 5 4 3 2 1 0 2 4 3 2 4 7 9
K=38 *int=3 B=52 i=16456253090) 0 2 4 5 4 3 2 1 0 2 4 6 7 6 5 4 3 2 1 0 2 4 6 8 7 6 5 4 3 2 4 6 8 9 7* 5* 4 3 2 1 0 2 4* 7 9 10 9 8 7 6 5 4 3 2 1 0 2 4 7 9
K=38 *int=2 B=53 i=16457165545) 0 2 4 5 4 3 2 1 0 2 4 6 7 6 5 4 3 2 4 6 5 4 6 8 9 7* 6 5 4 3 2 1 0 2 4 7 9 10 9 8 7 6 5 4 3 2 1 0 2 4 6* 5 4 3 2 4 6 7 9 8 7 9
K=38 *int=3 B=52 i=16460723144) 0 2 4 5 4 3 2 1 0 2 4 6 8 7 6 5 4 3 2 1 0 2 4 6 8 7 6 5 4 3 2 4 6 8 9 7* 5* 4 3 2 1 0 2 4* 7 9 10 9 8 7 6 5 4 3 2 1 0 4 7 9
K=38 *int=2 B=53 i=16461350170) 0 2 4 5 4 3 2 1 0 2 4 6 8 7 6 5 4 3 2 4 6 5 4 6 8 9 7* 6 5 4 3 2 1 0 2 4 7 9 10 9 8 7 6 5 4 3 2 1 0 2 4 6* 5 4 3 4 6 7 9 8 7 9
K=38 *int=3 B=52 i=16622570281) 0 2 4 5 4 6 7 6 5 4 3 2 1 0 2 4 3 2 4 6 5 4 6 8 9 7* 6 5 4 3 2 1 0 2 4 6* 5 4 3 2 4 9 10 9 8 6* 5 4 3 2 1 0 2 4 6 7 9 8 7 9
K=38 *int=3 B=52 i=16638064348) 0 2 4 5 4 6 8 7 6 5 4 3 2 1 0 2 4 3 2 4 6 5 4 6 8 9 7* 6 5 4 3 2 1 0 2 4 6* 5 4 3 2 4 9 10 9 8 6* 5 4 3 2 1 0 4 6 7 9 8 7 9
K=38 *int=4 B=51 i=16789996349) 0 2 4 5 7 9 8 7 6 4* 3 2 1 0 2 4 3 5 7 9 8 7 6 5 4 2* 5 7 6 5 7 9 8 7 9 10 9 8 7 6 4* 3 2 1 0 2 4 3 4 6* 5 4 6 7 9 8 7 9
K=38 *int=2 B=53 i=16906100164) 0 2 4 6 5 4 3 2 1 0 2 4 3 2 4 6 5 4 6 7 9 8 6* 5 4 3 2 1 0 2 4 6 5 4 3 2 4 7 9 10 9 8 7 6 5 4 3 2 1 0 2 4 6* 9 8 7 6 5 4 3 2 9
K=38 *int=4 B=51 i=16907379072) 0 2 4 6 5 4 3 2 1 0 2 4 3 2 4 6 7 6 5 4 6 8 7 6 5 4 3 2 4 6 8 9 10 8* 7 6 5 4 3 1* 0 1 3* 6 8 7 5* 4 3 2 1 3 5 7 9 8 7 9
K=38 *int=2 B=53 i=16920632891) 0 2 4 6 5 4 3 2 1 0 2 4 6 5 4 3 2 4 6 7 6 5 4 6 8 9 7* 6 5 4 3 2 1 0 2 4 3 2 4 5 7 6 4* 7 9 10 9 8 7 6 5 4 3 2 1 0 2 4 3 2 7 9
K=38 *int=2 B=53 i=16920962186) 0 2 4 6 5 4 3 2 1 0 2 4 6 5 4 3 2 4 6 7 9 8 6* 5 4 3 2 1 0 2 4 6 5 4 3 2 4 7 9 8 7 6 5 4 6* 9 10 9 8 7 6 5 4 3 2 1 0 2 4 3 2 9
K=38 *int=2 B=53 i=16921167918) 0 2 4 6 5 4 3 2 1 0 2 4 6 5 4 3 2 4 6 8 7 6 5 4 6 8 9 7* 6 5 4 3 2 1 0 2 4 3 2 4 5 7 6 4* 7 9 10 9 8 7 6 5 4 3 2 1 0 2 4 3 7 9
K=38 *int=5 B=50 i=16922339634) 0 2 4 6 5 4 3 2 1 0 2 4 6 5 4 3 6 7 9 8 6* 4* 2* 1 0 2 6 5 3* 2 5 7 9 8 7 6 4* 7 9 10 9 8 7 6 5 4 3 2 1 0 2 4 3 2 7 9
K=38 *int=3 B=52 i=16926410776) 0 2 4 6 5 4 3 2 1 0 2 4 6 7 6 5 4 3 2 1 0 2 4 6 8 7 6 5 4 3 2 4 6 8 9 7* 5* 4 3 2 1 0 2 4* 7 9 10 9 8 7 6 5 4 3 2 1 0 2 7 9
K=38 *int=2 B=53 i=16927536507) 0 2 4 6 5 4 3 2 1 0 2 4 6 7 6 5 4 3 2 4 6 5 4 6 8 9 7* 6 5 4 3 2 1 0 2 4 7 9 10 9 8 7 6 5 4 3 2 1 0 2 4 6* 5 4 3 2 6 7 9 8 7 9
K=38 *int=3 B=52 i=16931872712) 0 2 4 6 5 4 3 2 1 0 2 4 6 8 7 6 5 4 3 2 1 0 2 4 6 8 7 6 5 4 3 2 4 6 8 9 7* 5* 4 3 2 1 0 2 4* 7 9 10 9 8 7 6 5 4 3 2 1 0 7 9
K=38 *int=4 B=51 i=16931873019) 0 2 4 6 5 4 3 2 1 0 2 4 6 8 7 6 5 4 3 2 1 0 2 4 6 8 7 6 5 4 3 2 4 6 8 9 7* 5* 4 3 2 4* 7 9 10 9 8 7 6 5 4 3 1* 0 1 3 7 9
K=38 *int=6 B=49 i=16932588329) 0 2 4 6 5 4 3 2 1 0 2 4 6 8 7 6 5 4 3 2 4 6 5 4 6 8 7 6 8 9 10 8* 7 6 5 3* 1* 0 1 5* 3* 8 7 5* 4 3 2 1 3 7 9 8 7 9
K=38 *int=2 B=53 i=16932611613) 0 2 4 6 5 4 3 2 1 0 2 4 6 8 7 6 5 4 3 2 4 6 5 4 6 8 9 7* 6 5 4 3 2 1 0 2 4 7 9 10 9 8 7 6 5 4 3 2 1 0 2 4 6* 5 4 3 6 7 9 8 7 9
K=38 *int=4 B=51 i=16976709585) 0 2 4 6 5 4 3 2 4 6 7 6 8 10 9 8 7 5* 4 3 1* 0 1 3 5 4 3 5 7* 6 5 4 3 2 1 3 5 7 10 8* 7 6 5 4 3 2 1 3 5 7 6 5 7 10 9 8 7 9
K=38 *int=4 B=51 i=16978091293) 0 2 4 6 5 4 3 2 4 6 7 9 8 6* 5 4 3 2 1 0 2 4 6 9 10 9 7* 6 5 4 3 2 1 0 2 4 6 5 4 6 9 7* 6 5 3* 2 3 5 7 6 5 7 9 10 9 8 7 9
K=38 *int=4 B=51 i=16995582194) 0 2 4 6 5 4 3 6 7 9 8 6* 4* 2* 1 0 2 3 6 5 4 3 5 7 6 5 7 9 8 7 9 10 9 8 7 6 5 4 3 2 1 0 2* 5 7 6 5 4 3 2 5 7 6 7 9 8 7 9
K=38 *int=4 B=51 i=16995585847) 0 2 4 6 5 4 3 6 7 9 8 6* 4* 2* 1 0 2 3 6 5 4 3 5 7 9 10 9 8 7 6 5 4 3 2 1 0 2* 5 7 9 8 7 6 5 4 3 2 5 7 6 5 7 9 10 9 8 7 9
K=38 *int=3 B=52 i=17014905835) 0 2 4 6 5 4 6 7 6 5 4 3 2 1 0 2 4 3 2 4 6 5 4 6 8 9 7* 6 5 4 3 2 1 0 2 4 6* 5 4 3 2 4 9 10 9 8 6* 5 4 3 2 1 0 2 6 7 9 8 7 9
K=38 *int=3 B=52 i=17026126217) 0 2 4 6 5 4 6 8 7 6 5 4 3 2 1 0 2 4 3 2 4 6 5 4 6 8 9 7* 6 5 4 3 2 1 0 2 4 6* 5 4 3 2 4 9 10 9 8 6* 5 4 3 2 1 0 6 7 9 8 7 9
K=38 *int=4 B=51 i=17026128297) 0 2 4 6 5 4 6 8 7 6 5 4 3 2 1 0 2 4 3 2 4 6 5 4 6 8 9 7* 6 5 4 3 2 4 6* 9 10 9 8 7 5* 4 3 1* 0 1 3 5 4 3 5 7 6 7 9 8 7 9
K=38 *int=4 B=51 i=17031211650) 0 2 4 6 5 4 6 8 9 7* 6 5 3* 2 1 0 2* 5 7 6 5 4 3 5 7 6 5 7 9 8 7 9 10 9 8 7 6 5 4 2* 1 0 2 3 5 7 6 5 4 3 5 7 6 7 9 8 7 9
K=38 *int=4 B=51 i=17031212905) 0 2 4 6 5 4 6 8 9 7* 6 5 3* 2 1 0 2* 5 7 6 5 4 3 5 7 9 10 9 8 7 6 5 4 2* 1 0 2 3 5 7 9 8 7 6 5 4 3 5 7 6 5 7 9 10 9 8 7 9
K=38 *int=4 B=51 i=17032161073) 0 2 4 6 5 4 6 9 8 7 6 5 4 3 2 1 0 2 4 3 2 4 6 5 4 6 8* 7 6 5 4 3 6 8 7 9 10 9 8 6* 4* 2* 1 0 2 3 6 5 4 3 5 7 6 7 9 8 7 9
K=38 *int=2 B=53 i=17101604043) 0 2 4 6 7 6 5 4 3 2 1 0 2 4 6 5 4 3 2 4 6 8 7 6 5 4 6 8 9 7* 6 5 4 3 2 1 0 2 4 3 2 4 5 7 6 4* 7 9 10 9 8 7 6 5 4 3 2 1 0 2 7 9
K=38 *int=2 B=53 i=17103919189) 0 2 4 6 7 6 5 4 3 2 1 0 2 4 6 8 7 6 5 4 3 2 4 6 5 4 6 8 9 7* 6 5 4 3 2 1 0 2 4 7 9 10 9 8 7 6 5 4 3 2 1 0 2 4 6* 5 6 7 9 8 7 9
K=38 *int=2 B=53 i=17103982238) 0 2 4 6 7 6 5 4 3 2 1 0 2 4 6 8 7 6 5 4 3 2 4 6 8 9 8 7 6 5 4 3 2 1 0 2 4 6 5 8 7 10 8* 7 6 4* 3 2 1 0 2 4 5 7 6 5 7 10 9 8 7 9
K=38 *int=2 B=53 i=17104007732) 0 2 4 6 7 6 5 4 3 2 1 0 2 4 6 8 7 6 5 4 3 2 4 6 8 10 9 8 7 6 5 4 3 2 1 0 2 4 6 5 8 7 10 8* 7 6 4* 3 2 1 2 4 5 7 6 5 7 10 9 8 7 9
K=38 *int=5 B=50 i=17104199264) 0 2 4 6 7 6 5 4 3 2 1 0 2 4 6 8 7 6 5 3* 2 5* 8 9 7* 6 5 3* 2 1 0 2 5 7 9 10 9 8 7 6 4* 3 2 1 0 2 4 5 7 6 5 7 9 8 7 9
K=38 *int=2 B=53 i=17104466360) 0 2 4 6 7 6 5 4 3 2 1 0 2 4 6 8 9 8 7 6 5 4 3 2 1 0 2 4 6 8 7 6 5 4 3 2 4 6 5 8 7 10 8* 7 6 4* 3 2 1 0 2 4 5 7 10 9 8 7 6 5 7 9
K=38 *int=2 B=53 i=17104728871) 0 2 4 6 7 6 5 4 3 2 1 0 2 4 6 8 10 9 8 7 6 5 4 3 2 1 0 2 4 6 8 7 6 5 4 3 2 4 6 5 8 7 10 8* 7 6 4* 3 2 1 2 4 5 7 10 9 8 7 6 5 7 9
K=38 *int=3 B=52 i=17114483925) 0 2 4 6 7 6 5 4 3 2 4 6 8 9 8 7 6 5 4 3 2 1 0 2 4 6 8 10 9 8 7 6 5 4 3 2 1 0 2 4 6 5 8 6* 4* 3 2 4 5 10 8* 7 6 5 7 10 9 8 7 9
K=38 *int=3 B=52 i=17114808558) 0 2 4 6 7 6 5 4 3 2 4 6 8 10 9 8 7 6 5 4 3 2 1 0 2 4 6 8 10 9 8 7 6 5 4 3 2 1 2 4 6 5 8 6* 4* 3 2 4 5 10 8* 7 6 5 7 10 9 8 7 9
K=38 *int=3 B=52 i=17133740684) 0 2 4 6 7 6 8 9 8 7 6 5 4 3 2 1 0 2 4 6 5 4 3 2 4 6 8 7 6 5 4 6 8 7 10 8* 6* 5 4 3 2 1 0 2 4 3 2 4 5* 4 5 7 10 9 8 7 6 5 7 9
K=38 *int=3 B=52 i=17135396156) 0 2 4 6 7 6 8 10 9 8 7 6 5 4 3 2 1 0 2 4 6 5 4 3 2 4 6 8 7 6 5 4 6 8 7 10 8* 6* 5 4 3 2 1 2 4 3 2 4 5* 4 5 7 10 9 8 7 6 5 7 9
K=38 *int=2 B=53 i=17168431863) 0 2 4 6 8 7 6 5 4 3 2 1 0 2 4 6 5 4 3 2 4 6 8 7 6 5 4 6 8 9 7* 6 5 4 3 2 1 0 2 4 3 2 4 5 7 6 4* 7 9 10 9 8 7 6 5 4 3 2 1 0 7 9
K=38 *int=2 B=53 i=17169788545) 0 2 4 6 8 7 6 5 4 3 2 1 0 2 4 6 8 7 6 5 4 3 2 4 6 5 4 6 8 9 7* 6 5 4 3 2 1 0 2 4 7 9 10 9 8 7 6 5 4 3 2 1 0 4 6* 5 6 7 9 8 7 9
K=38 *int=2 B=53 i=17169833753) 0 2 4 6 8 7 6 5 4 3 2 1 0 2 4 6 8 7 6 5 4 3 2 4 6 8 9 8 7 6 5 4 3 2 1 0 2 4 6 5 8 7 10 8* 7 6 4* 3 2 1 0 4 5 7 6 5 7 10 9 8 7 9
K=38 *int=2 B=53 i=17169851910) 0 2 4 6 8 7 6 5 4 3 2 1 0 2 4 6 8 7 6 5 4 3 2 4 6 8 10 9 8 7 6 5 4 3 2 1 0 2 4 6 5 8 7 10 8* 7 6 4* 3 2 1 4 5 7 6 5 7 10 9 8 7 9
K=38 *int=5 B=50 i=17170006035) 0 2 4 6 8 7 6 5 4 3 2 1 0 2 4 6 8 7 6 5 3* 2 5* 8 9 7* 6 5 3* 2 1 0 2 5 7 9 10 9 8 7 6 4* 3 2 1 0 4 5 7 6 5 7 9 8 7 9
K=38 *int=2 B=53 i=17170242349) 0 2 4 6 8 7 6 5 4 3 2 1 0 2 4 6 8 9 8 7 6 5 4 3 2 1 0 2 4 6 8 7 6 5 4 3 2 4 6 5 8 7 10 8* 7 6 4* 3 2 1 0 4 5 7 10 9 8 7 6 5 7 9
K=38 *int=2 B=53 i=17170569433) 0 2 4 6 8 7 6 5 4 3 2 1 0 2 4 6 8 10 9 8 7 6 5 4 3 2 1 0 2 4 6 8 7 6 5 4 3 2 4 6 5 8 7 10 8* 7 6 4* 3 2 1 4 5 7 10 9 8 7 6 5 7 9
K=38 *int=3 B=52 i=17175922893) 0 2 4 6 8 7 6 5 4 3 2 4 6 8 9 8 7 6 5 4 3 2 1 0 2 4 6 8 10 9 8 7 6 5 4 3 2 1 0 2 4 6 5 8 6* 4* 3 4 5 10 8* 7 6 5 7 10 9 8 7 9
K=38 *int=3 B=52 i=17176223386) 0 2 4 6 8 7 6 5 4 3 2 4 6 8 10 9 8 7 6 5 4 3 2 1 0 2 4 6 8 10 9 8 7 6 5 4 3 2 1 2 4 6 5 8 6* 4* 3 4 5 10 8* 7 6 5 7 10 9 8 7 9
K=38 *int=3 B=52 i=17184176196) 0 2 4 6 8 7 6 8 9 8 7 6 5 4 3 2 1 0 2 4 6 5 4 3 2 4 6 8 7 6 5 4 6 8 7 10 8* 6* 5 4 3 2 1 0 2 4 3 4 5* 4 5 7 10 9 8 7 6 5 7 9
K=38 *int=3 B=52 i=17185034174) 0 2 4 6 8 7 6 8 10 9 8 7 6 5 4 3 2 1 0 2 4 6 5 4 3 2 4 6 8 7 6 5 4 6 8 7 10 8* 6* 5 4 3 2 1 2 4 3 4 5* 4 5 7 10 9 8 7 6 5 7 9
K=38 *int=2 B=53 i=17193345701) 0 2 4 6 8 9 8 7 6 5 4 3 2 1 0 2 4 3 2 4 6 5 4 6 8 7 6 8 10 9 8 7 6 5 4 3 2 1 0 2 4 6 5 3* 2 3 5 8 7 6 5 7* 10 9 8 7 6 5 4 3 5 7
K=38 *int=2 B=53 i=17194151839) 0 2 4 6 8 9 8 7 6 5 4 3 2 1 0 2 4 6 8 7 6 5 4 3 2 4 6 8 10 9 8 7 6 5 4 3 2 1 0 2 4 6 5 8 7 10 8* 7 6 4* 3 4 5 7 6 5 7 10 9 8 7 9
K=38 *int=2 B=53 i=17194253810) 0 2 4 6 8 9 8 7 6 5 4 3 2 1 0 2 4 6 8 10 9 8 7 6 5 4 3 2 1 0 2 4 6 5 4 6 8 7 6 5 3* 2 3 5 8 10 9 8 7 6 5 4 3 5 7* 10 9 8 7 6 5 7
K=38 *int=2 B=53 i=17194256428) 0 2 4 6 8 9 8 7 6 5 4 3 2 1 0 2 4 6 8 10 9 8 7 6 5 4 3 2 1 0 2 4 6 8 7 6 5 4 3 2 4 6 5 8 7 10 8* 7 6 4* 3 4 5 7 10 9 8 7 6 5 7 9
K=38 *int=5 B=50 i=17194261697) 0 2 4 6 8 9 8 7 6 5 4 3 2 1 0 2 4 6 8 10 9 8 7 5* 4 3 2 1 0 2 4* 7* 6 5 3* 2 3 5 7 10 8* 7 6 5 4 3 5 7 10 9 8 7 6 5 7 9
K=38 *int=2 B=53 i=17199601062) 0 2 4 6 8 10 9 8 7 6 5 4 3 2 1 0 2 4 3 2 4 6 5 4 6 8 7 6 8 10 9 8 7 6 5 4 3 2 1 2 4 6 5 3* 2 3 5 8 7 6 5 7* 10 9 8 7 6 5 4 3 5 7
K=38 *int=2 B=53 i=17200246358) 0 2 4 6 8 10 9 8 7 6 5 4 3 2 1 0 2 4 6 8 7 6 5 4 3 2 4 6 8 10 9 8 7 6 5 4 3 2 1 2 4 6 5 8 7 10 8* 7 6 4* 3 4 5 7 6 5 7 10 9 8 7 9
K=38 *int=2 B=53 i=17200307163) 0 2 4 6 8 10 9 8 7 6 5 4 3 2 1 0 2 4 6 8 10 9 8 7 6 5 4 3 2 1 2 4 6 5 4 6 8 7 6 5 3* 2 3 5 8 10 9 8 7 6 5 4 3 5 7* 10 9 8 7 6 5 7
K=38 *int=2 B=53 i=17200308462) 0 2 4 6 8 10 9 8 7 6 5 4 3 2 1 0 2 4 6 8 10 9 8 7 6 5 4 3 2 1 2 4 6 8 7 6 5 4 3 2 4 6 5 8 7 10 8* 7 6 4* 3 4 5 7 10 9 8 7 6 5 7 9
K=38 *int=5 B=50 i=17200310065) 0 2 4 6 8 10 9 8 7 6 5 4 3 2 1 0 2 4 6 8 10 9 8 7 5* 4 3 2 1 2 4* 7* 6 5 3* 2 3 5 7 10 8* 7 6 5 4 3 5 7 10 9 8 7 6 5 7 9
K=38 *int=2 B=53 i=17205208112) 0 2 4 6 9 8 7 6 5 4 3 2 1 0 2 4 6 8 7 6 5 4 3 2 4 6 8 10 9 8 7 6 5 4 3 2 1 0 2 4 6 5 8 7 10 8* 7 6 4* 3 2 4 5 7 6 5 7 10 9 8 7 9
K=38 *int=2 B=53 i=17205370499) 0 2 4 6 9 8 7 6 5 4 3 2 1 0 2 4 6 8 10 9 8 7 6 5 4 3 2 1 0 2 4 6 8 7 6 5 4 3 2 4 6 5 8 7 10 8* 7 6 4* 3 2 4 5 7 10 9 8 7 6 5 7 9
K=38 *int=2 B=53 i=17216644274) 0 2 4 6 10 9 8 7 6 5 4 3 2 1 0 2 4 6 8 7 6 5 4 3 2 4 6 8 10 9 8 7 6 5 4 3 2 1 2 4 6 5 8 7 10 8* 7 6 4* 3 2 4 5 7 6 5 7 10 9 8 7 9
K=38 *int=2 B=53 i=17216745617) 0 2 4 6 10 9 8 7 6 5 4 3 2 1 0 2 4 6 8 10 9 8 7 6 5 4 3 2 1 2 4 6 8 7 6 5 4 3 2 4 6 5 8 7 10 8* 7 6 4* 3 2 4 5 7 10 9 8 7 6 5 7 9
K=38 *int=2 B=53 i=17230505495) 0 2 4 7 6 5 4 3 2 1 0 2 4 6 5 4 3 2 4 6 8 7 6 5 4 6 8 9 7* 6 5 4 3 2 1 0 2 4 3 2 4 5 7 6 4* 7 9 10 9 8 7 6 5 4 3 2 1 0 2 4 7 9
K=38 *int=2 B=53 i=17233406942) 0 2 4 7 6 5 4 3 2 1 0 2 4 6 8 7 6 5 4 3 2 4 6 5 4 6 8 9 7* 6 5 4 3 2 1 0 2 4 7 9 10 9 8 7 6 5 4 3 2 1 0 2 4 6* 5 4 6 7 9 8 7 9
K=38 *int=4 B=51 i=17254675046) 0 2 4 7 6 5 4 3 2 4 6* 9 8 7 6 5 4 3 2 1 0 2 4 6 9 10 9 8 7 6 5 4 3 2 1 0 2 4 6 5 8* 6* 4* 3 2 4 5 8 7 6 5 7 9 10 9 8 7 9
K=38 *int=4 B=51 i=17302792325) 0 2 4 7 6 9 7* 6 5 4 3 2 1 0 2 4 6 5 4 3 2 4 6 9 8 7 6 5 4 6 8 7 10 8* 6* 5 4 3 2 1 0 2 4 3 2 4 5* 4 5 7 10 9 8 7 6 5 7 9
K=38 *int=4 B=51 i=17333826958) 0 2 4 7 9 8 7 6 5 4 3 2 1 0 2 4 3 2 4 6* 5 4 6 9 7* 6 5 4 3 2 4 6 9 10 8* 7 6 5 4 3 2 1 0 2 4 3 4 6 8 7 5* 4 5 7 9 8 7 9
K=38 *int=6 B=49 i=17335461906) 0 2 4 7 9 8 7 6 5 4 3 2 1 0 2 4 6* 5 4 3 2 4 9 10 8* 6* 5 4 3 2 1 0 2 4 6 7* 6 5 4 3 2 4 6 9* 8 7 5* 4 5 7 9 8 7 9
K=38 *int=2 B=53 i=17371017595) 0 2 4 8 7 6 5 4 3 2 1 0 2 4 6 5 4 3 2 4 6 8 7 6 5 4 6 8 9 7* 6 5 4 3 2 1 0 2 4 3 2 4 5 7 6 4* 7 9 10 9 8 7 6 5 4 3 2 1 0 4 7 9
K=38 *int=2 B=53 i=17372467113) 0 2 4 8 7 6 5 4 3 2 1 0 2 4 6 8 7 6 5 4 3 2 4 6 5 4 6 8 9 7* 6 5 4 3 2 1 0 2 4 7 9 10 9 8 7 6 5 4 3 2 1 0 4 6* 5 4 6 7 9 8 7 9
K=38 *int=2 B=53 i=17463519534) 0 2 5 4 3 2 1 0 2 4 3 2 4 6 5 4 6 7 9 8 6* 5 4 3 2 1 0 2 4 6 5 4 3 2 4 7 9 10 9 8 7 6 5 4 3 2 1 0 2 4 6* 9 8 7 6 5 4 3 2 4 6 9
K=38 *int=2 B=53 i=17494068333) 0 2 5 4 3 2 1 0 2 4 6 5 4 3 2 4 6 7 9 8 6* 5 4 3 2 1 0 2 4 6 5 4 3 2 4 7 9 8 7 6 5 4 6* 9 10 9 8 7 6 5 4 3 2 1 0 2 4 3 2 4 6 9
K=38 *int=4 B=51 i=17551934644) 0 2 5 4 3 2 1 0 2 4* 7 6 5 4 3 2 1 0 2 4 7 8 7 6 5 4 3 2 4 6* 9 8 7 5* 4 3 2 1 0 2 4* 7 9 10 9 8 7 6 5 4 3 2 1 0 2 4 7 9
K=38 *int=4 B=51 i=17995539983) 0 2 5 4 7 9 8 7 5* 4 3 2 1 0 2 4 3 2 4 7 6 5 4 6 9 8 7 6 5 4 3 2 4 6 8* 10 9 7* 6 5 4 3 2 1 0 2 4 3 4 6* 5 4 6 7 9 8 7 9
K=38 *int=6 B=49 i=17995754600) 0 2 5 4 7 9 8 7 5* 4 3 2 1 0 2 4 7 6 5 4 3 2 4 6 9 8 9* 7* 6 5 4 3 2 1 0 2 4 6* 5 4 3 2 4 8* 6* 5 4 6 7 10 9 8 7 9
K=38 *int=4 B=51 i=18002408766) 0 2 5 4 7 5* 4 3 2 1 0 2 4 3 2 4 7 6 5 4 6 8 9 7* 6 5 4 3 2 1 0 2 4 6* 5 4 3 2 4 9 10 9 8 6* 5 4 3 2 1 0 2 4 6 7 9 8 7 9
K=38 *int=2 B=53 i=18170417472) 0 2 5 6 5 7 9 8 7 6 5 4 3 2 1 0 2 4* 3 2 4 5 7 6 5 7 9 8 7 6 5 4 3 5 7 9 10 9 8 7 6 5 4 2* 1 0 2 3 5 4 3 5 7 6 5 7 9 8 7 6 7 9
K=38 *int=6 B=49 i=18279481655) 0 2 5 7 6 5 4 3 2 1 0 2 4* 3 2 7 8 6* 4* 8* 6* 5 4 3 2 1 0 2 4 3 2 4 6 5 4 6 8 7 9 10 9 8 6* 5 4 3 2 1 0 2 4 6 7 9
K=38 *int=4 B=51 i=18281580875) 0 2 5 7 6 5 4 3 2 1 0 2 4* 7 9 8 6* 5 4 3 2 1 0 2 4 6 5 4 3 2 4 6 8* 7 6 5 4 3 2 4 6 8 7 9 10 9 8 6* 5 4 3 2 1 0 2 6 7 9
K=38 *int=2 B=53 i=18300824217) 0 2 5 7 6 5 4 3 2 4* 7 9 8 7 6 5 4 3 2 1 0 2 4 7 9 10 8* 7 6 5 4 3 2 1 0 2 4 6 8 7 6 5 4 3 2 4 6 8 7 6 5 4 6 8 10 9 8 7 6 8 10 9
K=38 *int=3 B=52 i=18320297426) 0 2 5 7 6 5 4 7 9 8 7 5* 4 3 2 1 0 2 4 3 2 4 5 4 6* 9 10 8* 7 6 5 4 3 2 1 0 2 4 6 8 7 6 5 4 3 2 4 6 5 4 6 8 7 6 8 10 9 8 7 6
K=38 *int=4 B=51 i=18320297445) 0 2 5 7 6 5 4 7 9 8 7 5* 4 3 2 1 0 2 4 3 2 4 5 4 6* 9 10 8* 7 6 5 4 3 2 1 0 2 4 6 8 7 6 5 4 3 2 4 6 5 4 6 8 10 9 7* 6 7 9
K=38 *int=2 B=53 i=18327245073) 0 2 5 7 6 5 7 9 8 7 6 5 4 3 2 1 0 2 4* 3 2 4 5 7 6 5 7 9 8 7 6 5 4 3 5 7 9 10 9 8 7 6 5 4 2* 1 0 2 3 5 4 5 7 6 5 7 9 8 7 6 7 9
K=38 *int=5 B=50 i=18327252308) 0 2 5 7 6 5 7 9 8 7 6 5 4 3 2 1 0 2 4* 3 2 4 7 5* 4 7 9 8 6* 9 10 9 8 7 5* 4 3 2 1 0 2 4* 3 2 4 5 7 6 5 7 9 8 7 6 7 9
K=38 *int=2 B=53 i=18386931923) 0 2 5 7 9 8 7 6 5 4 3 2 1 0 2 4* 3 2 4 5 7 6 5 7 9 8 7 6 5 4 3 5 7 9 10 9 8 7 6 5 4 2* 1 0 2 3 5 4 3 5 7 6 5 7 9 8 7 6 5 4 7 9
K=38 *int=2 B=53 i=18387178162) 0 2 5 7 9 8 7 6 5 4 3 2 1 0 2 4* 7 6 5 4 3 2 4 7 9 10 8* 7 6 5 4 3 2 1 0 2 4 6 8 7 6 5 4 3 2 4 6 8 10 9 8 7 6 5 4 6 8 7 6 8 10 9
K=38 *int=4 B=51 i=18387325226) 0 2 5 7 9 8 7 6 5 4 3 2 1 0 2 4* 7 9 8 7 6 5 3* 2 5 7 6 5 7 9 8 7 9 10 9 8 7 6 5 3* 2 1 0 2 5 4 3 4 7 6 5 4 6* 9 8 7 6 9
K=38 *int=3 B=52 i=18387327253) 0 2 5 7 9 8 7 6 5 4 3 2 1 0 2 4* 7 9 8 7 6 5 3* 5 7 6 5 7 9 8 7 9 10 9 8 7 6 5 4 2* 1 0 2 3 5 4 3 5 7 6 5 4 5 7 9 8 7 6 7 9
K=38 *int=4 B=51 i=18387349975) 0 2 5 7 9 8 7 6 5 4 3 2 1 0 2 4* 7 9 10 9 8 6* 5 4 3 2 1 0 2 4 6 5 4 3 2 4 6 8* 7 6 5 4 3 2 4 6 8 7 9 10 9 8 6* 5 4 6 7 9
K=38 *int=3 B=52 i=18387353519) 0 2 5 7 9 8 7 6 5 4 3 2 1 0 2 4* 7 9 10 8* 6* 5 4 3 2 1 0 2 4 6 5 4 3 2 4 6 8 7 6 5 4 3 2 4 6 8 10 9 8 7 6 5 4 6 8 10 9 8 7 6
K=38 *int=2 B=53 i=18459461770) 0 2 5 9 8 7 6 5 4 3 2 1 0 2 4* 3 2 4 5 7 6 5 7 9 8 7 6 5 4 3 5 7 9 10 9 8 7 6 5 4 2* 1 0 2 3 5 4 3 5 7 6 5 7 9 8 7 6 5 4 3 7 9
K=38 *int=3 B=52 i=18459973071) 0 2 5 9 8 7 6 5 4 3 2 1 0 2 4* 7 9 8 7 6 5 3* 5 7 6 5 7 9 8 7 9 10 9 8 7 6 5 4 2* 1 0 2 3 5 4 3 5 7 6 5 4 3 5 7 9 8 7 6 7 9
K=38 *int=2 B=53 i=18585258465) 0 2 6 5 4 3 2 1 0 2 4 3 2 4 6 5 4 6 7 9 8 6* 5 4 3 2 1 0 2 4 6 5 4 3 2 4 7 9 10 9 8 7 6 5 4 3 2 1 0 2 4 6* 9 8 7 6 5 4 3 2 6 9
K=38 *int=2 B=53 i=18601362145) 0 2 6 5 4 3 2 1 0 2 4 6 5 4 3 2 4 6 7 9 8 6* 5 4 3 2 1 0 2 4 6 5 4 3 2 4 7 9 8 7 6 5 4 6* 9 10 9 8 7 6 5 4 3 2 1 0 2 4 3 2 6 9
K=38 *int=2 B=53 i=18834345056) 0 2 6 5 7 9 8 7 6 5 4 3 2 1 0 2 4* 3 2 4 5 7 6 5 7 9 8 7 6 5 4 3 5 7 9 10 9 8 7 6 5 4 2* 1 0 2 3 5 4 3 5 7 6 5 7 9 8 7 6 5 7 9
K=38 *int=4 B=51 i=19003086831) 0 2 6 8 7 6 5 4 3 2 4 6 8 10 9 8 7 5* 4 3 1* 0 1 3 5 4 3 5 7* 6 5 7 10 8* 7 6 5 4 3 2 1 3 5 4 3 5 7 6 5 7 10 9 8 7 6 5 7 9
K=38 *int=4 B=51 i=19030881790) 0 2 6 8 9 7* 6 5 4 3 2 1 0 2 4* 7 6 5 3* 5 7 6 5 7 9 8 7 9 10 9 8 7 6 5 4 2* 1 0 2 3 5 4 3 5 7 6 5 4 3 5 7 9 8 7 6 5 7 9
K=38 *int=4 B=51 i=19034931669) 0 2 6 8 10 9 8 7 6 5 4 3 1* 0 1 3 5* 4 3 5 8 6* 5 4 3 2 1 3 5 10 8* 7 6 5 4 3 2 1 3 5 7 10 9 8 7 6 5 4 3 5 7 9 8 7 6 5 7 9
K=38 *int=2 B=53 i=19151724968) 0 2 7 6 5 7 9 8 7 6 5 4 3 2 1 0 2 4* 3 2 4 5 7 6 5 7 9 8 7 6 5 4 3 5 7 9 10 9 8 7 6 5 4 2* 1 0 2 3 5 4 5 7 6 5 7 9 8 7 6 5 7 9
K=38 *int=5 B=50 i=19151755336) 0 2 7 6 5 7 9 8 7 6 5 4 3 2 1 0 2 4* 3 2 4 7 5* 4 7 9 8 6* 9 10 9 8 7 5* 4 3 2 1 0 2 4* 3 2 4 5 7 6 5 7 9 8 7 6 5 7 9
K=38 *int=2 B=53 i=19231685241) 0 2 7 9 8 7 6 5 4 3 2 1 0 2 4* 3 2 4 5 7 6 5 7 9 8 7 6 5 4 3 5 7 9 10 9 8 7 6 5 4 2* 1 0 2 3 5 4 3 5 7 6 5 7 9 8 7 6 5 4 5 7 9
K=38 *int=3 B=52 i=19232129013) 0 2 7 9 8 7 6 5 4 3 2 1 0 2 4* 7 9 8 7 6 5 3* 5 7 6 5 7 9 8 7 9 10 9 8 7 6 5 4 2* 1 0 2 3 5 4 3 5 7 6 5 4 5 7 9 8 7 6 5 7 9
K=38 *int=2 B=53 i=19318664284) 0 2 9 8 7 6 5 4 3 2 1 0 2 4* 3 2 4 5 7 6 5 7 9 8 7 6 5 4 3 5 7 9 10 9 8 7 6 5 4 2* 1 0 2 3 5 4 3 5 7 6 5 7 9 8 7 6 5 4 3 5 7 9
K=38 *int=3 B=52 i=19319250417) 0 2 9 8 7 6 5 4 3 2 1 0 2 4* 7 9 8 7 6 5 3* 5 7 6 5 7 9 8 7 9 10 9 8 7 6 5 4 2* 1 0 2 3 5 4 3 5 7 6 5 4 3 5 7 9 8 7 6 5 7 9
K=38 *int=2 B=53 i=19466727407) 0 3 2 1 0 2 4 3 2 4 5 7 6 4* 7 9 8 7 6 5 4 3 2 1 0 2 4 3 2 4 5 4 7 6 9 10 9 7* 6 5 4 3 2 1 0 2 4 6 9 8 7 6 5 4 3 2 4 6 5 4 6 8
K=38 *int=2 B=53 i=19619630472) 0 3 2 1 0 2 4 7 9 8 7 6 5 4 3 2 1 0 2 4 6* 5 4 3 2 4 6 5 4 7 9 8 7 6 9 10 9 7* 6 5 4 3 2 1 0 2 4 6 5 4 3 2 4 6 9 8 7 6 5 4 6 8
K=38 *int=4 B=51 i=20065606318) 0 3 2 1 0 2* 5 4 3 2 5 6 5 4 7 9 8 7 5* 4 3 2 1 0 2 4 7 9 10 9 8 6* 5 4 3 2 1 0 2 4 6 5 4 3 2 4 6* 9 8 7 6 5 4 3 2 4 6 9
K=38 *int=6 B=49 i=22012538300) 0 3 2 5 7 6 5 3* 2 1 0 2 5 4 3 2 4 7 6 7* 5* 4 9 7* 5* 4 3 2 1 0 2 4 3 2 4 5 4 6* 9 10 9 8 7 6 5 4 3 2 1 0 2 4 6 9
K=38 *int=4 B=51 i=22012943702) 0 3 2 5 7 6 5 3* 2 1 0 2 5 4 7 6 9 7* 6 5 4 3 2 1 0 2 4 6 5 4 3 2 4 6 9 7* 6 5 4 3 2 4 6* 9 10 9 8 7 6 5 4 3 2 1 0 2 6 9
K=38 *int=4 B=51 i=22047223461) 0 3 2 5 7 9 8 7 6 5 3* 2 1 0 2 5 4 7 6 9 10 9 7* 6 5 4 3 2 1 0 2 4 6 5 4 3 2 4 6 9 7* 6 5 4 3 2 4 6* 9 10 9 8 7 6 5 4 6 9
K=38 *int=4 B=51 i=22089728261) 0 3 2 5 3* 2 1 0 2 5 4 6 7 9 8 6* 5 4 3 2 1 0 2 4 6 5 4 3 2 4 6* 5 4 9 8 6* 9 10 9 8 7 6 5 4 3 2 1 0 2 4 6 5 4 3 2 4 6 9
K=38 *int=2 B=53 i=23177783154) 0 3 4 3 5 7 6 5 4 3 2 1 0 2* 5 7 9 8 7 6 5 4 3 2 1 0 2 5 7 6 5 4 3 5 7 9 8 7 6 5 4 2* 5 7 9 10 9 8 7 6 5 4 3 2 1 0 2 5 7 9 8 9
K=38 *int=2 B=53 i=23189343420) 0 3 4 3 5 7 6 5 7 9 8 7 6 5 4 3 2 1 0 2* 5 4 3 2 5 7 6 5 4 5 7 9 8 7 6 5 7 9 10 9 8 7 6 5 4 3 2 1 0 2 4* 3 2 4 5 7 6 5 7 9 8 9
K=38 *int=6 B=49 i=24039418243) 0 3 5 4 3 2 1 0 2* 5 6 4* 6* 9 8 7 5* 3* 2 1 0 2 5 4 3 2 4 6 9 10 9 8 7 6 5 4 3 2 1 0 2 4 6 8* 7 6 5 4 3 2 4 6 8 9
K=38 *int=2 B=53 i=24039581901) 0 3 5 4 3 2 1 0 2* 5 7 6 5 4 3 2 1 0 2 5 7 8 6* 5 4 3 2 4 6 5 4 6 8 9 8 7 6 5 4 3 2 1 0 2 4 6 8 10 9 8 7 6 5 4 3 2 1 0 2 4 6 8
K=38 *int=2 B=53 i=24039582413) 0 3 5 4 3 2 1 0 2* 5 7 6 5 4 3 2 1 0 2 5 7 8 6* 5 4 3 2 4 6 5 4 6 8 10 9 8 7 6 5 4 3 2 1 0 2 4 6 8 10 9 8 7 6 5 4 3 2 1 2 4 6 8
K=38 *int=4 B=51 i=24040337565) 0 3 5 4 3 2 1 0 2* 5 7 6 5 4 3 5 7 6 5 7 9 8 7 9 10 9 8 7 6 5 4 2* 1 0 2 5 7 6 5 3* 2 1 2 5 4 7 6 9 7* 6 5 4 3 2 4 6 9 8
K=38 *int=4 B=51 i=24042015638) 0 3 5 4 3 2 1 0 2* 5 7 6 4* 3 2 4 6* 9 8 7 6 5 4 3 2 1 0 2 4 6 9 10 9 8 7 6 5 4 3 2 1 0 2 4 6 5 4 6 8* 7 6 5 4 3 2 4 8 9
K=38 *int=4 B=51 i=24042019390) 0 3 5 4 3 2 1 0 2* 5 7 6 4* 3 2 4 6* 9 8 7 6 5 4 6 9 10 9 8 7 6 5 4 3 2 1 0 2 4 3 2 1 2 4 6 5 4 6 8* 7 6 5 4 3 2 4 6 8 9
K=38 *int=2 B=53 i=24211148609) 0 3 5 4 3 2 5 7 6 5 7 8 9 7* 6 5 3* 2 1 0 2 5 4 3 2 4 7 6 5 4 6 8 7 6 8 10 9 8 7 6 5 4 3 2 1 0 2 4 3 2 4 6 5 4 6 8 7 6 8 10 9 8
K=38 *int=2 B=53 i=24211319852) 0 3 5 4 3 2 5 7 6 5 7 8 10 9 7* 6 5 3* 2 1 0 2 5 4 3 2 4 7 6 5 4 6 8 7 6 8 10 9 8 7 6 5 4 3 2 1 2 4 3 2 4 6 5 4 6 8 7 6 8 10 9 8
K=38 *int=4 B=51 i=24213380791) 0 3 5 4 3 2 5 7 6 5 3* 2 1 0 2 7 8 9 7* 5* 4 3 2 1 0 2 4 7 6 5 4 3 2 4 6 8 7 6 5 4 6 8 9 10 8* 7 6 5 4 3 2 1 0 2 4 6 8 9
K=38 *int=3 B=52 i=24213380831) 0 3 5 4 3 2 5 7 6 5 3* 2 1 0 2 7 8 9 7* 5* 4 3 2 1 0 2 4 7 6 5 4 3 2 4 6 8 7 6 5 4 6 8 10 9 8 7 6 5 4 3 2 1 0 2 4 6 8 10 9 8
K=38 *int=3 B=52 i=24213394594) 0 3 5 4 3 2 5 7 6 5 3* 2 1 0 2 7 8 10 9 7* 5* 4 3 2 1 0 2 4 7 6 5 4 3 2 4 6 8 7 6 5 4 6 8 10 9 8 7 6 5 4 3 2 1 2 4 6 8 10 9 8
K=38 *int=2 B=53 i=24284389477) 0 3 5 4 3 5 7 6 5 4 3 2 1 0 2* 5 7 9 8 7 6 5 4 3 2 1 0 2 5 7 6 5 4 3 5 7 9 8 7 6 5 4 2* 5 7 9 10 9 8 7 6 5 4 3 2 1 0 2 7 9 8 9
K=38 *int=5 B=50 i=24284423538) 0 3 5 4 3 5 7 6 5 4 3 2 1 0 2* 5 7 9 8 7 6 4* 3 2 1 0 2 4 6* 9 8 7 5* 4 3 2 4* 7 9 10 9 8 7 6 5 4 3 2 1 0 2 4 7 9 8 9
K=38 *int=2 B=53 i=24291805852) 0 3 5 4 3 5 7 6 5 7 9 8 7 6 5 4 3 2 1 0 2* 5 4 3 2 5 7 6 5 4 5 7 9 8 7 6 5 7 9 10 9 8 7 6 5 4 3 2 1 0 2 4* 3 2 4 5 7 6 7 9 8 9
K=38 *int=2 B=53 i=24773471357) 0 3 5 7 6 5 4 3 2 1 0 2* 5 4 3 2 5 7 8 6* 5 4 6 8 9 8 7 6 5 4 3 2 1 0 2 4 3 2 4 6 5 4 6 8 7 6 8 10 9 8 7 6 5 4 3 2 1 0 2 4 6 8
K=38 *int=2 B=53 i=24773473579) 0 3 5 7 6 5 4 3 2 1 0 2* 5 4 3 2 5 7 8 6* 5 4 6 8 10 9 8 7 6 5 4 3 2 1 0 2 4 3 2 4 6 5 4 6 8 7 6 8 10 9 8 7 6 5 4 3 2 1 2 4 6 8
K=38 *int=4 B=51 i=24775534870) 0 3 5 7 6 5 4 3 2 1 0 2* 5 7 6 5 4 3 5 7 9 8 7 6 5 4 2* 1 0 2 5 7 9 8 7 6 5 3* 2 5 4 7 6 9 10 9 7* 6 5 4 3 2 1 0 2 6 9 8
K=38 *int=3 B=52 i=24775535942) 0 3 5 7 6 5 4 3 2 1 0 2* 5 7 6 5 4 3 5 7 9 8 7 6 5 4 2* 1 0 5 7 9 8 7 6 5 4 2* 5 7 9 10 9 8 7 6 5 4 3 2 1 0 2 5 7 6 7 9 8 9
K=38 *int=4 B=51 i=24776290361) 0 3 5 7 6 5 4 3 2 1 0 2* 5 7 8 7 6 4* 3 2 4 6* 9 8 7 6 5 4 3 2 1 0 2 4 6 9 10 9 8 7 6 5 4 3 2 1 0 2 4 6 5 4 6 8* 7 6 8 9
K=38 *int=3 B=52 i=24776489369) 0 3 5 7 6 5 4 3 2 1 0 2* 5 7 8 6* 4* 3 2 4 6 8 9 8 7 6 5 4 3 2 1 0 2 4 6 8 10 9 8 7 6 5 4 3 2 1 0 2 4 6 5 4 6 8 7 6 8 10 9 8
K=38 *int=3 B=52 i=24776491837) 0 3 5 7 6 5 4 3 2 1 0 2* 5 7 8 6* 4* 3 2 4 6 8 10 9 8 7 6 5 4 3 2 1 0 2 4 6 8 10 9 8 7 6 5 4 3 2 1 2 4 6 5 4 6 8 7 6 8 10 9 8
K=38 *int=2 B=53 i=24776530925) 0 3 5 7 6 5 4 3 2 1 0 2* 5 7 9 8 7 6 5 4 3 2 1 0 2 5 7 6 5 4 3 5 7 9 8 7 6 5 4 2* 5 7 9 10 9 8 7 6 5 4 3 2 1 0 2 5 7 9 8 7 6 9
K=38 *int=2 B=53 i=24797299876) 0 3 5 7 6 5 4 3 2 5 7 8 9 7* 6 5 3* 2 1 0 2 5 4 7 6 8 10 9 8 7 6 5 4 3 2 1 0 2 4 6 5 4 3 2 4 6 8 7 6 5 4 6 8 10 9 8 7 6 8 10 9 8
K=38 *int=2 B=53 i=24797447389) 0 3 5 7 6 5 4 3 2 5 7 8 10 9 7* 6 5 3* 2 1 0 2 5 4 7 6 8 10 9 8 7 6 5 4 3 2 1 2 4 6 5 4 3 2 4 6 8 7 6 5 4 6 8 10 9 8 7 6 8 10 9 8
K=38 *int=5 B=50 i=24798145775) 0 3 5 7 6 5 4 3 2 5 7 9 8 7 6 5 3* 2 1 0 2 5 7 9 10 8* 7 6 4* 3 2 1 0 2 4 7* 5* 4 3 2 4 7 6 5 4 6 8 10 9 8 7 6 8 10 9 8
K=38 *int=4 B=51 i=24803806315) 0 3 5 7 6 5 4 3 5 7 9 8 7 6 5 4 3 2 1 0 2* 5 4 5 7 6 5 7 9 8 7 9 10 9 8 7 6 5 3* 2 1 0 2 5 7 6 4* 3 2 4 5 7 6 9 7* 6 9 8
K=38 *int=3 B=52 i=24803806327) 0 3 5 7 6 5 4 3 5 7 9 8 7 6 5 4 3 2 1 0 2* 5 4 5 7 6 5 7 9 8 7 9 10 9 8 7 6 5 3* 2 1 0 2 5 7 6 4* 3 2 4 5 7 9 8 7 6 7 9 8 9
K=38 *int=2 B=53 i=24824018769) 0 3 5 7 6 5 7 9 8 7 6 5 4 3 2 1 0 2* 5 4 3 2 5 7 6 5 4 5 7 9 8 7 6 5 7 9 10 9 8 7 6 5 4 3 2 1 0 2 4* 3 2 4 5 7 6 5 7 9 8 7 6 9
K=38 *int=6 B=49 i=24884480442) 0 3 5 7 9 8 7 6 5 4 3 2 1 0 2* 5 4 5 7 6 5 7 9 8 7 6 5 3* 5 7 9 10 9 8 7 6 4* 2* 1 0 2 3* 5 4 7 6 9 7* 6 5 4 6 9 8
K=38 *int=4 B=51 i=24884672731) 0 3 5 7 9 8 7 6 5 4 3 2 1 0 2* 5 7 6 5 4 3 5 7 9 10 9 8 7 6 5 4 2* 1 0 2 5 7 9 8 7 6 5 3* 2 5 4 7 6 9 10 9 7* 6 5 4 6 9 8
K=38 *int=3 B=52 i=25515529507) 0 3 7 6 5 4 3 2 1 0 2* 5 7 6 5 4 3 5 7 9 8 7 6 5 4 2* 1 0 5 7 9 8 7 6 5 4 2* 5 7 9 10 9 8 7 6 5 4 3 2 1 0 2 5 7 6 5 7 9 8 9
K=38 *int=2 B=53 i=25516600317) 0 3 7 6 5 4 3 2 1 0 2* 5 7 9 8 7 6 5 4 3 2 1 0 2 5 7 6 5 4 3 5 7 9 8 7 6 5 4 2* 5 7 9 10 9 8 7 6 5 4 3 2 1 0 2 5 7 9 8 7 6 5 9
K=38 *int=3 B=52 i=25553335439) 0 3 7 6 5 4 3 5 7 9 8 7 6 5 4 3 2 1 0 2* 5 4 5 7 6 5 7 9 8 7 9 10 9 8 7 6 5 3* 2 1 0 2 5 7 6 4* 3 2 4 5 7 9 8 7 6 5 7 9 8 9
K=38 *int=2 B=53 i=25587788712) 0 3 7 6 5 7 9 8 7 6 5 4 3 2 1 0 2* 5 4 3 2 5 7 6 5 4 5 7 9 8 7 6 5 7 9 10 9 8 7 6 5 4 3 2 1 0 2 4* 3 2 4 5 7 6 5 7 9 8 7 6 5 9
K=38 *int=4 B=51 i=25673440178) 0 3 7 9 8 7 6 5 4 3 2 1 0 2* 5 7 6 5 4 3 5 7 6 5 7 9 8 7 9 10 9 8 7 6 5 4 2* 1 0 2 5 7 6 5 3* 2 5 4 7 6 9 7* 6 5 4 6 9 8
K=38 *int=4 B=51 i=25673577998) 0 3 7 9 8 7 6 5 4 3 2 1 0 2* 5 7 6 4* 3 2 4 6* 9 8 7 6 5 4 6 9 10 9 8 7 6 5 4 3 2 1 0 2 4 3 2 4 6 5 4 6 8* 7 6 5 4 6 8 9
K=38 *int=2 B=53 i=26125980855) 0 4 3 2 1 0 2 4 3 2 4 5 7 6 4* 7 9 8 7 6 5 4 3 2 1 0 2 4 3 2 4 5 4 7 6 9 10 9 7* 6 5 4 3 2 1 0 2 4 6 9 8 7 6 5 4 3 2 4 6 5 4 8
K=38 *int=3 B=52 i=26132332864) 0 4 3 2 1 0 2 4 3 2 4 6 5 4 6 8 7 6 5 4 3 2 4 6 8 10 9 8 7 6 5 4 3 1* 0 1 3* 6 5 6 8 7 6 8 10 9 8 7 6 4* 3 2 1 3 6 5 4 3 5 8
K=38 *int=3 B=52 i=26215104510) 0 4 3 2 1 0 2 4 6 5 4 3 2 1 0 2 4 6 8 7 6 5 4 3 2 4 6 8 7 6 5 4 6 8 10 9 8 7 6 5 3* 1* 0 1 3 5* 8 10 9 8 7 6 5 4 3 2 1 3 5 8
K=38 *int=2 B=53 i=26224823704) 0 4 3 2 1 0 2 4 6 5 4 3 2 4 6 8 7 6 5 4 3 2 4 6 8 10 9 8 7 6 5 4 3 1* 0 1 3 6 8 10 9 8 7 6 5 4 3 2 1 3 5* 8 7 6 5 4 3 5 8 10 9 8
K=38 *int=2 B=53 i=26263171539) 0 4 3 2 1 0 2 4 7 9 8 7 6 5 4 3 2 1 0 2 4 6* 5 4 3 2 4 6 5 4 7 9 8 7 6 9 10 9 7* 6 5 4 3 2 1 0 2 4 6 5 4 3 2 4 6 9 8 7 6 5 4 8
K=38 *int=2 B=53 i=26947343369) 0 4 3 2 4 6 5 4 3 2 1 0 2 4 6 8 7 6 5 4 3 2 4 6 8 10 9 8 7 6 5 4 3 1* 0 1 3 6 8 7 6 5 4 3 5* 8 10 9 8 7 6 5 4 3 2 1 3 5 8 10 9 8
K=38 *int=2 B=53 i=27562669233) 0 4 3 5 7 6 5 4 3 2 1 0 2* 5 7 9 8 7 6 5 4 3 2 1 0 2 5 7 6 5 4 3 5 7 9 8 7 6 5 4 2* 5 7 9 10 9 8 7 6 5 4 3 2 1 0 2 5 7 9 8 7 9
K=38 *int=2 B=53 i=27582682843) 0 4 3 5 7 6 5 7 9 8 7 6 5 4 3 2 1 0 2* 5 4 3 2 5 7 6 5 4 5 7 9 8 7 6 5 7 9 10 9 8 7 6 5 4 3 2 1 0 2 4* 3 2 4 5 7 6 5 7 9 8 7 9
K=38 *int=4 B=51 i=28716323275) 0 4 6 5 4 3 2 1 0 2 4 3 2 4 6 8 7 6 5 4 3 2 4 6 8 7 6 5 4 6 8 9 10 8* 7 6 5 4 3 1* 0 1 3* 6 8 7 5* 4 3 2 1 3 5 7 9 8 7 9
K=38 *int=4 B=51 i=28724190499) 0 4 6 5 4 3 2 1 0 2 4 3 6 8 7 6 4* 2* 6 5 8 7 10 8* 7 6 5 4 3 1* 0 1 3 5 7 6 5 4 3 5 7 10 9 8 7 6 5 4 3 2 1 3 5 7 9 8 7 9
K=38 *int=4 B=51 i=28738643647) 0 4 6 5 4 3 2 1 0 2 4 6 8 7 6 5 3* 2 1 3 5* 8 9 7* 6 5 4 3 2 0* 3 5 7 6 5 4 3 5 7 9 10 9 8 7 6 5 4 3 2 1 0 3 5 7 9 8 7 9
K=38 *int=6 B=49 i=28855727322) 0 4 6 5 4 3 6 7 9 8 6* 4* 2* 1 0 2 3* 5* 4 3 5 7 9 8 7 6 5 7 9 10 9 8 7 6 5 4 3 2 1 0 2* 5 4 3 2 5 7 6 5 7 9 8 7 9
K=38 *int=6 B=49 i=28902126174) 0 4 6 5 4 6 8 9 7* 6 5 3* 2 1 0 2* 4* 7 6 5 3* 5 7 9 8 7 6 5 7 9 10 9 8 7 6 5 4 2* 1 0 2 3 5 4 3 5 7 6 5 7 9 8 7 9
K=38 *int=4 B=51 i=29037222321) 0 4 6 7 9 8 6* 5 4 3 2 1 0 2 4 6 5 3* 2 5 7 6 5 7 9 8 7 9 10 9 8 7 6 5 3* 2 1 0 2 5 7 6 4* 3 2 4 5 7 9 8 7 6 5 7 9 8 7 9
K=38 *int=4 B=51 i=29046034476) 0 4 6 7 5* 4 3 2 1 0 2* 5 4 3 5 7 9 8 7 6 5 4 2* 1 0 5 7 9 8 7 6 5 4 2* 5 7 9 10 9 8 7 6 5 4 3 2 1 0 2 5 7 6 5 7 9 8 7 9
K=38 *int=4 B=51 i=29076498077) 0 4 6 8 7 6 5 4 3 2 1 3* 6 8 9 7* 5* 4 3 2 0* 3 5 4 3 5 7 6 5 7 9 8 7 9 10 9 8 7 6 5 4 3 2 1 0 3 5 4 3 5 7 6 5 7 9 8 7 9
K=38 *int=4 B=51 i=29283982347) 0 4 7 9 8 7 6 5 4 3 2 1 0 2 4 3 2 4 6* 5 4 3 2 4 6 9 7* 6 5 4 6 9 10 8* 7 6 5 4 3 2 1 0 2 4 3 2 4 6 8 7 5* 4 5 7 9 8 7 9
K=38 *int=4 B=51 i=29284554739) 0 4 7 9 8 7 6 5 4 3 2 1 0 2 4 3 6* 4* 2* 6 5 7 9 8 7 9 10 9 8 7 6 5 4 3 2 1 0 2 5 7 6 5 4 3 2 4* 7 9 8 7 6 5 4 7 9 8 7 9
K=38 *int=2 B=53 i=29972135226) 0 5 4 3 5 7 6 5 4 3 2 1 0 2* 5 7 9 8 7 6 5 4 3 2 1 0 2 5 7 6 5 4 3 5 7 9 8 7 6 5 4 2* 5 7 9 10 9 8 7 6 5 4 3 2 1 0 2 7 9 8 7 9
K=38 *int=5 B=50 i=29972203109) 0 5 4 3 5 7 6 5 4 3 2 1 0 2* 5 7 9 8 7 6 4* 3 2 1 0 2 4 6* 9 8 7 5* 4 3 2 4* 7 9 10 9 8 7 6 5 4 3 2 1 0 2 4 7 9 8 7 9
K=38 *int=2 B=53 i=29983869150) 0 5 4 3 5 7 6 5 7 9 8 7 6 5 4 3 2 1 0 2* 5 4 3 2 5 7 6 5 4 5 7 9 8 7 6 5 7 9 10 9 8 7 6 5 4 3 2 1 0 2 4* 3 2 4 5 7 6 7 9 8 7 9
K=38 *int=4 B=51 i=30348955787) 0 5 4 7 9 8 7 5* 4 3 2 1 0 2 4 3 2 4 7 6 5 4 3 2 4 6 9 8 7 6 5 4 6 8* 10 9 7* 6 5 4 3 2 1 0 2 4 3 2 4 6* 5 4 6 7 9 8 7 9
K=38 *int=3 B=52 i=30707542541) 0 5 7 6 5 4 3 2 1 0 2* 5 7 6 5 4 3 5 7 9 8 7 6 5 4 2* 1 0 5 7 9 8 7 6 5 4 2* 5 7 9 10 9 8 7 6 5 4 3 2 1 0 2 5 7 6 7 9 8 7 9
K=38 *int=2 B=53 i=30708428286) 0 5 7 6 5 4 3 2 1 0 2* 5 7 9 8 7 6 5 4 3 2 1 0 2 5 7 6 5 4 3 5 7 9 8 7 6 5 4 2* 5 7 9 10 9 8 7 6 5 4 3 2 1 0 2 5 7 9 8 7 6 7 9
K=38 *int=2 B=53 i=30742221904) 0 5 7 6 5 4 3 2 4* 7 9 8 7 6 5 4 3 2 1 0 2 4 7 9 10 8* 7 6 5 4 3 2 1 0 2 4 6 8 7 6 5 4 3 2 4 6 8 7 6 5 4 6 8 10 9 8 7 6 8 10 9 8
K=38 *int=3 B=52 i=30747531504) 0 5 7 6 5 4 3 5 7 9 8 7 6 5 4 3 2 1 0 2* 5 4 5 7 6 5 7 9 8 7 9 10 9 8 7 6 5 3* 2 1 0 2 5 7 6 4* 3 2 4 5 7 9 8 7 6 7 9 8 7 9
K=38 *int=3 B=52 i=30765814617) 0 5 7 6 5 4 7 9 8 7 5* 4 3 2 1 0 2 4 3 2 4 5 4 6* 9 10 8* 7 6 5 4 3 2 1 0 2 4 6 8 7 6 5 4 3 2 4 6 5 4 6 8 7 6 8 10 9 8 7 6 8
K=38 *int=2 B=53 i=30777160361) 0 5 7 6 5 7 9 8 7 6 5 4 3 2 1 0 2* 5 4 3 2 5 7 6 5 4 5 7 9 8 7 6 5 7 9 10 9 8 7 6 5 4 3 2 1 0 2 4* 3 2 4 5 7 6 5 7 9 8 7 6 7 9
K=38 *int=2 B=53 i=30842224282) 0 5 7 9 8 7 6 5 4 3 2 1 0 2 4* 7 6 5 4 3 2 4 7 9 10 8* 7 6 5 4 3 2 1 0 2 4 6 8 7 6 5 4 3 2 4 6 8 10 9 8 7 6 5 4 6 8 7 6 8 10 9 8
K=38 *int=3 B=52 i=30842387239) 0 5 7 9 8 7 6 5 4 3 2 1 0 2 4* 7 9 10 8* 6* 5 4 3 2 1 0 2 4 6 5 4 3 2 4 6 8 7 6 5 4 3 2 4 6 8 10 9 8 7 6 5 4 6 8 10 9 8 7 6 8
K=38 *int=3 B=52 i=31592986654) 0 7 6 5 4 3 2 1 0 2* 5 7 6 5 4 3 5 7 9 8 7 6 5 4 2* 1 0 5 7 9 8 7 6 5 4 2* 5 7 9 10 9 8 7 6 5 4 3 2 1 0 2 5 7 6 5 7 9 8 7 9
K=38 *int=2 B=53 i=31593815452) 0 7 6 5 4 3 2 1 0 2* 5 7 9 8 7 6 5 4 3 2 1 0 2 5 7 6 5 4 3 5 7 9 8 7 6 5 4 2* 5 7 9 10 9 8 7 6 5 4 3 2 1 0 2 5 7 9 8 7 6 5 7 9
K=38 *int=3 B=52 i=31640673408) 0 7 6 5 4 3 5 7 9 8 7 6 5 4 3 2 1 0 2* 5 4 5 7 6 5 7 9 8 7 9 10 9 8 7 6 5 3* 2 1 0 2 5 7 6 4* 3 2 4 5 7 9 8 7 6 5 7 9 8 7 9
K=38 *int=2 B=53 i=31686565536) 0 7 6 5 7 9 8 7 6 5 4 3 2 1 0 2* 5 4 3 2 5 7 6 5 4 5 7 9 8 7 6 5 7 9 10 9 8 7 6 5 4 3 2 1 0 2 4* 3 2 4 5 7 6 5 7 9 8 7 6 5 7 9
K=38 *int=2 B=53 i=32721524423) 1 0 1 3 2 1 3 5 4 3 2 1 3 5 7 6 5 4 3 5 7 9 8 7 6 5 7 9 10 9 8 7 6 5 4 3 2 1 0 1 3 5 4 2* 1 2 4 7 6 5 4 6* 9 8 7 6 5 4 3 2 4 6
K=38 *int=2 B=53 i=32737879630) 1 0 1 3 2 1 3 5 4 3 5 7 6 5 7 8 7 6 5 4 3 2 1 3 5 7 9 10 9 8 7 6 5 4 3 2 1 0 1 3 5 4 7 6 9 7* 6 5 3* 2 1 3 4 6 5 4 6 9 8 7 6 8
K=38 *int=2 B=53 i=32738089062) 1 0 1 3 2 1 3 5 4 3 5 7 6 5 7 8 7 9 10 9 8 7 6 5 4 3 2 1 0 1 3 5 7 6 5 4 3 2 1 3 5 4 7 6 9 7* 6 5 3* 2 1 3 4 6 9 8 7 6 5 4 6 8
K=38 *int=2 B=53 i=32738399896) 1 0 1 3 2 1 3 5 4 3 5 7 6 5 7 9 8 7 6 5 4 3 2 1 3 5 7 9 10 9 8 7 6 5 4 3 2 1 0 1 3 5 4 7 6 9 7* 6 5 3* 2 3 4 6 5 4 6 9 8 7 6 8
K=38 *int=2 B=53 i=32738485869) 1 0 1 3 2 1 3 5 4 3 5 7 6 5 7 9 8 7 9 10 9 8 7 6 5 4 3 2 1 0 1 3 5 4 3 5 7 6 5 4 2* 1 2 4 7 9 8 7 6 5 4 3 2 4 6* 9 8 7 6 5 4 6
K=38 *int=2 B=53 i=32738488391) 1 0 1 3 2 1 3 5 4 3 5 7 6 5 7 9 8 7 9 10 9 8 7 6 5 4 3 2 1 0 1 3 5 7 6 5 4 3 2 1 3 5 4 7 6 9 7* 6 5 3* 2 3 4 6 9 8 7 6 5 4 6 8
K=38 *int=5 B=50 i=32738493897) 1 0 1 3 2 1 3 5 4 3 5 7 6 5 7 9 8 7 9 10 9 8 7 6 4* 3 2 1 0 1 3* 6* 5 4 2* 1 2 4 6 9 7* 6 5 4 3 2 4 6 9 8 7 6 5 4 6 8
K=38 *int=3 B=52 i=32739303721) 1 0 1 3 2 1 3 5 4 3 5 7 8 7 6 5 4 3 2 1 3 5 7 9 8 7 6 5 4 3 5 7 6 9 10 9 7* 5* 4 3 2 1 0 1 3 2 1 3 4* 3 4 6 9 8 7 6 5 4 6 8
K=38 *int=3 B=52 i=32740117161) 1 0 1 3 2 1 3 5 4 3 5 7 9 8 7 6 5 4 3 2 1 3 5 7 9 8 7 6 5 4 3 5 7 6 9 10 9 7* 5* 4 3 2 1 0 1 3 2 3 4* 3 4 6 9 8 7 6 5 4 6 8
K=38 *int=3 B=52 i=33286657172) 1 0 1 3 5 7 8 7 6 5 4 3 2 1 3 5 4 3 5 7 6 5 7 9 8 7 9 10 9 8 7 6 5 4 3 2 1 0 1 3 5 4 7 5* 3* 2 1 3 4 9 7* 6 5 4 6 9 8 7 6 8
K=38 *int=3 B=52 i=33290396194) 1 0 1 3 5 7 9 8 7 6 5 4 3 2 1 3 5 4 3 5 7 6 5 7 9 8 7 9 10 9 8 7 6 5 4 3 2 1 0 1 3 5 4 7 5* 3* 2 3 4 9 7* 6 5 4 6 9 8 7 6 8
K=38 *int=2 B=53 i=33703874715) 1 0 1 4 6 5 4 3 2 1 3* 6 8 7 6 5 4 3 2 1 3 6 8 9 7* 6 5 4 3 5 7 6 5 7 9 10 9 8 7 6 5 4 3 2 1 0 1 3 2 1 3 5 4 3 5 7 6 5 7 9 8 7
K=38 *int=2 B=53 i=33741296672) 1 0 1 4 6 8 7 6 5 4 3 2 1 3* 6 5 4 3 6 8 9 7* 6 5 7 9 10 9 8 7 6 5 4 3 2 1 0 1 3 5 4 3 2 1 3 5 7 6 5 4 3 5 7 9 8 7 6 5 7 9 8 7
K=38 *int=2 B=53 i=36090090275) 1 0 2 4 3 2 1 0 2 4 6 5 4 3 2 4 6 8 7 6 5 4 3 2 4 6 8 10 9 8 7 6 5 4 3 1* 0 1 3 6 8 10 9 8 7 6 5 4 3 2 1 3 5* 8 7 6 5 4 3 5 8 10
K=38 *int=2 B=53 i=36253099831) 1 0 2 4 3 2 4 6 5 4 3 2 1 0 2 4 6 8 7 6 5 4 3 2 4 6 8 10 9 8 7 6 5 4 3 1* 0 1 3 6 8 7 6 5 4 3 5* 8 10 9 8 7 6 5 4 3 2 1 3 5 8 10
K=38 *int=2 B=53 i=37220449852) 1 0 2 5 7 6 5 4 3 2 4* 7 9 8 7 6 5 4 3 2 1 0 2 4 7 9 10 8* 7 6 5 4 3 2 1 0 2 4 6 8 7 6 5 4 3 2 4 6 8 7 6 5 4 6 8 10 9 8 7 6 8 10
K=38 *int=2 B=53 i=37256541102) 1 0 2 5 7 9 8 7 6 5 4 3 2 1 0 2 4* 7 6 5 4 3 2 4 7 9 10 8* 7 6 5 4 3 2 1 0 2 4 6 8 7 6 5 4 3 2 4 6 8 10 9 8 7 6 5 4 6 8 7 6 8 10
K=38 *int=4 B=51 i=39426470060) 1 0 3 5 4 3 1* 0 3 2 5 4 7 5* 4 3 2 4 7 9 8 6* 5 4 3 2 1 0 2 4 6 9 10 9 7* 6 5 4 3 2 1 0 2 4 6 5 4 6 9 8 7 6 5 4 3 2 4 8
K=38 *int=4 B=51 i=39426474262) 1 0 3 5 4 3 1* 0 3 2 5 4 7 5* 4 3 2 4 7 9 8 6* 5 4 6 9 10 9 7* 6 5 4 3 2 1 0 2 4 3 2 1 2 4 6 5 4 6 9 8 7 6 5 4 3 2 4 6 8
K=38 *int=6 B=49 i=39427029334) 1 0 3 5 4 3 1* 0 3 2 5 4 5* 7 9 8 6* 4* 3 2 1 0 2 4 5* 4 3 2 4 9 10 9 7* 6 5 4 3 2 1 0 2 4 6 9 8 7 6 5 4 3 2 4 6 8
K=38 *int=4 B=51 i=39663225732) 1 0 3 5 7 6 5 4 3 1* 0 3 2 5 4 7 8 7 5* 4 3 2 4 7 9 8 6* 5 4 3 2 1 0 2 4 6 9 10 9 7* 6 5 4 3 2 1 0 2 4 6 5 4 6 9 8 7 6 8
K=38 *int=4 B=51 i=40063749168) 1 0 3 7 9 8 7 6 5 4 3 1* 0 3 2 5 4 7 5* 4 3 2 4 7 9 8 6* 5 4 6 9 10 9 7* 6 5 4 3 2 1 0 2 4 3 2 4 6 5 4 6 9 8 7 6 5 4 6 8
K=38 *int=4 B=51 i=40113832280) 1 0 3 1* 0 3 2 4 5 7 6 4* 3 2 4 7 9 8 7 5* 4 3 2 1 0 2 4 9 10 9 7* 6 5 4 3 2 1 0 2 4 6 9 8 7 6 5 4 3 2 4 6 8 7 6 5 4 6 8
K=38 *int=3 B=52 i=45394742079) 1 2 1 3 4 3 2 1 3 5 6 8 7 5* 4 3 5 8 10 9 8 6* 5 4 3 2 1 0 1 3 2 1 3 5 4 3 5 6 5 7* 10 9 8 7 6 5 4 3 2 1 3 5 7 6 5 4 3 5 7 10
K=38 *int=2 B=53 i=45480728978) 1 2 1 3 4 3 5 6 8 7 5* 8 10 9 8 7 6 5 4 3 2 1 0 1 3 5 4 3 2 1 3 5 6 5 4 3 5 8 7 6 5 7* 10 9 8 7 6 5 4 3 2 1 3 5 4 3 5 7 6 5 7 10
K=38 *int=3 B=52 i=45505826213) 1 2 1 3 4 3 5 8 10 9 8 7 6 5 4 3 2 1 0 1 3 5 7* 6 5 4 3 2 1 3 5 10 9 7* 6 5 4 3 2 1 3 5 7 6 5 4 3 5 7* 10 9 8 7 6 5 4 3 5 7 10
K=38 *int=2 B=53 i=45793453784) 1 2 1 3 5 4 3 2 1 0 3 5 7 6 5 4 3 5 7 9 8 7 6 5 4 3 1* 0 3 2 5 4 5 7 6 5 7 9 8 7 9 10 9 8 7 6 5 4 3 2 1 0 2 4* 7 6 5 4 3 2 4 7
K=38 *int=3 B=52 i=45806829631) 1 2 1 3 5 4 3 2 1 3 5 6 8 7 5* 4 3 5 8 10 9 8 6* 5 4 3 2 1 0 1 3 2 1 3 5 4 3 5 6 5 7* 10 9 8 7 6 5 4 3 2 1 3 5 7 6 5 4 3 7 10
K=38 *int=2 B=53 i=45859005388) 1 2 1 3 5 4 3 5 6 8 7 5* 8 10 9 8 7 6 5 4 3 2 1 0 1 3 5 4 3 2 1 3 5 6 5 4 3 5 8 7 6 5 7* 10 9 8 7 6 5 4 3 2 1 3 5 4 3 5 7 6 7 10
K=38 *int=2 B=53 i=45862934466) 1 2 1 3 5 4 3 5 7 6 5 4 3 2 1 0 3 5 7 9 8 7 6 5 4 3 1* 0 3 2 5 4 5 7 6 5 7 9 8 7 6 5 4 3 2 4* 7 9 10 9 8 7 6 5 4 3 2 1 0 2 4 7
K=38 *int=3 B=52 i=45878996800) 1 2 1 3 5 4 3 5 8 10 9 8 7 6 5 4 3 2 1 0 1 3 5 7* 6 5 4 3 2 1 3 5 10 9 7* 6 5 4 3 2 1 3 5 7 6 5 4 3 5 7* 10 9 8 7 6 5 4 3 7 10
K=38 *int=2 B=53 i=46060297462) 1 2 1 3 5 8 10 9 8 7 6 5 4 3 2 1 0 1 3 5 7* 6 5 4 3 2 1 3 5 7 6 5 4 3 5 8 10 9 8 7 6 5 4 3 2 1 3 5 7* 10 9 8 7 6 5 4 3 5 7 6 7 10
K=38 *int=2 B=53 i=46182589970) 1 2 1 3 6 8 7 6 5 4 3 5* 8 10 9 8 7 6 5 4 3 2 1 0 1 3 2 1 3 5 4 3 5 6 5 8 7 10 8* 7 6 5 4 3 2 1 3 5 7 6 5 4 3 5 7 10 9 8 7 6 5 7
K=38 *int=2 B=53 i=46192340840) 1 2 1 3 6 8 10 9 8 7 6 5 4 3 2 1 0 1 3 5* 8 7 6 5 4 3 2 1 3 5 4 3 5 6 5 8 7 10 8* 7 6 5 4 3 2 1 3 5 7 10 9 8 7 6 5 4 3 5 7 6 5 7
K=38 *int=5 B=50 i=46192357760) 1 2 1 3 6 8 10 9 8 7 6 5 4 3 2 1 0 1 3 5* 8 7 6 4* 3 2 1 3* 6 8 10 9 8 7 5* 4 3 2 1 3 5 7* 10 9 8 7 6 5 4 3 5 7 6 5 7 10
K=38 *int=2 B=53 i=46298249527) 1 2 1 3 8 10 9 8 7 6 5 4 3 2 1 0 1 3 5 7* 6 5 4 3 2 1 3 5 7 6 5 4 3 5 8 10 9 8 7 6 5 4 3 2 1 3 5 7* 10 9 8 7 6 5 4 3 5 7 6 5 7 10
K=38 *int=4 B=51 i=49747545699) 1 2 4 3 1* 4 6 5 4 6 8 10 9 8 7 6 5 4 3 2 1 0 1 4 6 8 10 9 8 7 6 5 4 3 2 1 3* 6 8 7 5* 4 3 2 3 5 7* 10 9 8 7 6 5 4 3 5 7 10
K=38 *int=4 B=51 i=50256271880) 1 2 4 6 5 4 3 1* 4 6 5 4 6 8 7 6 8 10 9 8 7 6 5 4 3 2 1 0 1 4 6 5 4 3 2 1 3* 6 8 7 5* 4 3 5 7* 10 9 8 7 6 5 4 3 2 1 3 7 10
K=38 *int=4 B=51 i=50399755359) 1 2 4 6 8 7 6 5 4 3 1* 4 6 5 4 6 8 9 8 7 6 8 10 9 8 7 6 5 4 3 2 1 0 1 4 6 5 4 3 2 1 3* 6 8 7 5* 4 3 5 7* 10 9 8 7 6 5 7 10
K=38 *int=6 B=49 i=50400201521) 1 2 4 6 8 7 6 5 4 3 1* 4 6 8 10 9 8 7 6 5 4 3 2 1 0 1 4 6 8 7 6 5 8 10 9 8 6* 4* 3 2 1 3* 5* 4 5 7* 10 9 8 7 6 5 7 10
K=38 *int=4 B=51 i=50420030261) 1 2 4 6 8 10 9 8 7 6 5 4 3 1* 0 1 2 4 6 5 4 3 2 4 6 8 7 6 5 4 3 6 8 10 9 8 7 6 4* 2* 1 2 3 8 10 9 8 6* 5 4 3 5 8 7 6 5 7 10
K=38 *int=4 B=51 i=51849727562) 1 2 6 8 7 6 5 4 3 1* 4 6 5 4 6 8 10 9 8 7 6 5 4 3 2 1 0 1 4 6 8 10 9 8 7 6 5 4 3 2 1 3* 6 8 7 5* 4 3 5 7* 10 9 8 7 6 5 7 10
K=38 *int=3 B=52 i=52350267526) 1 3 2 1 0 1 3 2 1 3 5 4 3 5 7 6 5 4 3 2 1 3 5 7 9 8 7 6 5 4 3 2 5 7 9 10 9 8 7 6 5 3* 1* 0 1 2 7 9 8 7 5* 4 3 2 4 7 6 5 4 6
K=38 *int=2 B=53 i=52580613209) 1 3 2 1 0 1 3 5 4 3 2 1 3 5 7 6 5 4 3 2 1 3 5 7 9 8 7 6 5 4 3 2 5 7 9 8 7 6 5 4 7 9 10 9 8 7 5* 4 3 1* 0 1 2 4 3 2 4 7 6 5 4 6
K=38 *int=3 B=52 i=52581069606) 1 3 2 1 0 1 3 5 4 3 2 1 3 5 7 6 5 4 3 5 7 6 5 7 9 8 7 9 10 9 8 7 6 5 4 3 2 1 0 1 3 5 7 6 4* 2* 1 2 4 6* 9 8 7 6 5 4 3 2 4 6
K=38 *int=4 B=51 i=52592487128) 1 3 2 1 0 1 3 5 4 3 2 5 6 8 7 5* 3* 1* 5 4 6 8 10 9 8 7 6 5 4 3 2 1 0 1 4 6 8 10 9 8 7 6 5 4 3 2 1 3* 6 8 7 6 5 4 3 6 8 10
K=38 *int=4 B=51 i=52601257910) 1 3 2 1 0 1 3 5 4 3 5 7 6 5 4 3 2 1 3 5 7 8 10 9 7* 6 5 4 3 2 1 0 1 3 5 7 6 5 4 3 5 7* 10 9 8 6* 5 4 2* 1 2 4 6 5 4 6 8 10
K=38 *int=4 B=51 i=52603393828) 1 3 2 1 0 1 3 5 4 3 5 7 8 6* 5 4 2* 1 4 6 5 4 6 8 10 9 8 7 6 5 4 2* 1 0 1 4 6 8 10 9 8 7 6 5 3* 2 1 3 4 6 8 7 6 5 4 6 8 10
K=38 *int=4 B=51 i=52603932732) 1 3 2 1 0 1 3 5 4 3 5 8 7 6 5 4 3 2 1 3 5 7* 10 9 8 7 6 5 4 3 2 1 0 1 3 5 7 6 5 4 7 8 10 9 7* 5* 3* 2 1 3 4 7 6 5 4 6 8 10
K=38 *int=6 B=49 i=53042955059) 1 3 2 1 0 3 4 6 5 3* 1* 6 8 7 6 5 3* 6 8 10 9 8 7 6 5 4 2* 0* 2 1 4 6 8 7 6 5 4 3 6 8 10 9 8 7 6 4* 3 2 1 3 6 5 8 10
K=38 *int=6 B=49 i=53078707006) 1 3 2 1 0 3 4 7 9 8 7 5* 3* 1* 0 7 5* 3* 2 5 4 6 9 8 7 6 8* 10 9 8 7 6 5 4 3 2 1 0 2 4 6 5 4 3 2 4 6 8 7 6 5 4 6 8
K=38 *int=2 B=53 i=53136850703) 1 3 2 1 0 3 5 4 3 5 6 7 5* 4 3 1* 0 3 2 5 4 6 8 9 8 7 6 5 4 3 2 1 0 2 4 6 8 7 6 5 4 3 2 4 6 8 10 9 8 7 6 5 4 3 2 1 0 2 4 6 8 10
K=38 *int=2 B=53 i=53136852765) 1 3 2 1 0 3 5 4 3 5 6 7 5* 4 3 1* 0 3 2 5 4 6 8 10 9 8 7 6 5 4 3 2 1 0 2 4 6 8 7 6 5 4 3 2 4 6 8 10 9 8 7 6 5 4 3 2 1 2 4 6 8 10
K=38 *int=2 B=53 i=53138079759) 1 3 2 1 0 3 5 4 3 5 6 8 7 5* 4 3 1* 0 3 2 5 4 6 8 9 8 7 6 5 4 3 2 1 0 2 4 6 8 7 6 5 4 3 2 4 6 8 10 9 8 7 6 5 4 3 2 1 0 4 6 8 10
K=38 *int=2 B=53 i=53138082104) 1 3 2 1 0 3 5 4 3 5 6 8 7 5* 4 3 1* 0 3 2 5 4 6 8 10 9 8 7 6 5 4 3 2 1 0 2 4 6 8 7 6 5 4 3 2 4 6 8 10 9 8 7 6 5 4 3 2 1 4 6 8 10
K=38 *int=2 B=53 i=53138549930) 1 3 2 1 0 3 5 4 3 5 6 8 9 8 7 5* 4 3 1* 0 3 2 5 4 6 8 10 9 8 7 6 5 4 3 2 1 0 2 4 6 8 7 6 5 4 3 2 4 6 8 10 9 8 7 6 5 4 3 4 6 8 10
K=38 *int=2 B=53 i=53138850390) 1 3 2 1 0 3 5 4 3 5 6 8 10 9 8 7 5* 4 3 1* 0 3 2 5 4 6 8 10 9 8 7 6 5 4 3 2 1 2 4 6 8 7 6 5 4 3 2 4 6 8 10 9 8 7 6 5 4 3 4 6 8 10
K=38 *int=2 B=53 i=53139162528) 1 3 2 1 0 3 5 4 3 5 6 9 8 7 5* 4 3 1* 0 3 2 5 4 6 8 10 9 8 7 6 5 4 3 2 1 0 2 4 6 8 7 6 5 4 3 2 4 6 8 10 9 8 7 6 5 4 3 2 4 6 8 10
K=38 *int=2 B=53 i=53139510509) 1 3 2 1 0 3 5 4 3 5 6 10 9 8 7 5* 4 3 1* 0 3 2 5 4 6 8 10 9 8 7 6 5 4 3 2 1 2 4 6 8 7 6 5 4 3 2 4 6 8 10 9 8 7 6 5 4 3 2 4 6 8 10
K=38 *int=4 B=51 i=53146343295) 1 3 2 1 0 3 5 4 3 5 7 9 8 7 6 5 4 3 1* 0 3 5 7 9 8 7 6 5 4 2* 5 7 6 5 7 9 10 8* 7 6 4* 3 2 1 0 2 4 3 4 6 8 7 6 5 4 6 8 10
K=38 *int=3 B=52 i=53161786748) 1 3 2 1 0 3 5 4 3 1* 0 5 6 7 5* 3* 2 5 4 6 8 9 8 7 6 5 4 3 2 1 0 2 4 6 8 10 9 8 7 6 5 4 3 2 1 0 2 4 6 8 7 6 5 4 3 2 4 6 8 10
K=38 *int=3 B=52 i=53161790348) 1 3 2 1 0 3 5 4 3 1* 0 5 6 7 5* 3* 2 5 4 6 8 10 9 8 7 6 5 4 3 2 1 0 2 4 6 8 10 9 8 7 6 5 4 3 2 1 2 4 6 8 7 6 5 4 3 2 4 6 8 10
K=38 *int=4 B=51 i=53161791575) 1 3 2 1 0 3 5 4 3 1* 0 5 6 7 5* 3* 2 5 4 6 9 8 7 6 5 4 3 2 1 0 2 4 6 8* 10 9 8 7 6 5 4 3 2 1 0 2 4 6 8 7 6 5 4 3 2 4 6 8
K=38 *int=3 B=52 i=53161902385) 1 3 2 1 0 3 5 4 3 1* 0 5 6 8 7 5* 3* 2 5 4 6 8 9 8 7 6 5 4 3 2 1 0 2 4 6 8 10 9 8 7 6 5 4 3 2 1 0 2 4 6 8 7 6 5 4 3 4 6 8 10
K=38 *int=3 B=52 i=53161906472) 1 3 2 1 0 3 5 4 3 1* 0 5 6 8 7 5* 3* 2 5 4 6 8 10 9 8 7 6 5 4 3 2 1 0 2 4 6 8 10 9 8 7 6 5 4 3 2 1 2 4 6 8 7 6 5 4 3 4 6 8 10
K=38 *int=4 B=51 i=53198254202) 1 3 2 1 0 3 5 4 7 9 8 7 5* 3* 1* 0 3 2 4 7 6 5 4 3 2 4 6 9 8 7 6 5 4 6 8* 10 9 8 7 6 5 4 3 2 1 0 2 4 3 2 4 6 8 7 6 5 4 6
K=38 *int=4 B=51 i=53198258993) 1 3 2 1 0 3 5 4 7 9 8 7 5* 3* 1* 0 3 2 4 7 6 5 4 6 9 8 7 6 5 4 3 2 4 6 8* 10 9 8 7 6 5 4 3 2 1 0 2 4 3 4 6 8 7 6 5 4 6 8
K=38 *int=3 B=52 i=53650465591) 1 3 2 1 3 4 3 2 1 3 5 6 8 7 5* 4 3 5 8 10 9 8 6* 5 4 3 2 1 0 1 3 2 1 3 5 4 3 5 6 5 7* 10 9 8 7 6 5 4 3 2 1 3 5 7 6 5 4 3 5 10
K=38 *int=2 B=53 i=53733698487) 1 3 2 1 3 4 3 5 6 8 7 5* 8 10 9 8 7 6 5 4 3 2 1 0 1 3 5 4 3 2 1 3 5 6 5 4 3 5 8 7 6 5 7* 10 9 8 7 6 5 4 3 2 1 3 5 4 3 5 7 6 5 10
K=38 *int=4 B=51 i=53742301622) 1 3 2 1 3 4 3 5 7 6 5 4 3 5 7 8 10 9 7* 6 5 4 3 2 1 0 1 3 2 1 3 5 4 3 5 7 6 5 4 3 5 7* 10 9 8 6* 5 4 2* 1 2 4 6 5 4 6 8 10
K=38 *int=4 B=51 i=53743216151) 1 3 2 1 3 4 3 5 7 6 5 4 7 8 10 9 7* 5* 3* 2 1 0 1 3 2 4 7 6 5 4 3 1* 4 6 5 4 6 8 7 6 8 10 9 8 7 6 5 4 3 2 1 4 6 5 4 6 8 10
K=38 *int=4 B=51 i=53746294994) 1 3 2 1 3 4 3 5 7 6 5 7 9 10 8* 7 6 4* 3 2 1 0 1 3* 6 8 7 6 5 4 2* 1 2 4 6 5 4 6 8 7 6 8 10 9 8 7 6 5 4 3 2 4 6 5 4 6 8 10
K=38 *int=4 B=51 i=53758793644) 1 3 2 1 3 4 3 5 8 7 6 5 4 3 5 7* 10 9 8 7 6 5 4 3 2 1 0 1 3 2 1 3 5 4 3 5 7 6 5 4 7 8 10 9 7* 5* 3* 2 1 3 4 7 6 5 4 6 8 10
K=38 *int=3 B=52 i=53762513501) 1 3 2 1 3 4 3 5 8 10 9 8 7 6 5 4 3 2 1 0 1 3 5 7* 6 5 4 3 2 1 3 5 10 9 7* 6 5 4 3 2 1 3 5 7 6 5 4 3 5 7* 10 9 8 7 6 5 4 3 5 10
K=38 *int=2 B=53 i=53880515232) 1 3 2 1 3 4 5 3* 6 8 10 9 8 7 6 5 4 3 2 1 0 1 3 6 8 10 9 8 7 6 5 4 2* 1 2 4 6 5 4 6 8 7 6 5 4 3 2 4 6 8 10 9 8 7 6 5 4 3 4 6 8 10
K=38 *int=2 B=53 i=53881081335) 1 3 2 1 3 4 5 3* 6 10 9 8 7 6 5 4 3 2 1 0 1 3 6 8 10 9 8 7 6 5 4 2* 1 2 4 6 5 4 6 8 7 6 5 4 3 2 4 6 8 10 9 8 7 6 5 4 3 2 4 6 8 10
K=38 *int=4 B=51 i=53918624031) 1 3 2 1 3 4 6 5 3* 6 7 6 8 10 9 8 7 6 5 4 2* 1 0 1* 4 6 8 7 6 5 4 3 2 1 4 6 5 4 3 6 8 7 6 8 10 9 8 7 6 4* 3 2 1 3 6 5 8 10
K=38 *int=4 B=51 i=53918631752) 1 3 2 1 3 4 6 5 3* 6 7 6 8 10 9 8 7 5* 4 3 2 1 0 1 3 2 1 3 5 4 3 5 7* 6 5 4 3 2 1 3 5 7 6 8 10 9 8 7 5* 4 3 2 1 3 5 6 8 10
K=38 *int=4 B=51 i=53920183313) 1 3 2 1 3 4 6 5 3* 6 8 7 6 8 10 9 8 7 6 5 4 2* 1 0 1* 4 6 5 4 3 2 1 4 6 8 7 6 5 4 3 6 8 7 6 8 10 9 8 7 6 4* 3 2 1 3 6 5 10
K=38 *int=2 B=53 i=53920684100) 1 3 2 1 3 4 6 5 3* 6 8 10 9 8 7 6 5 4 3 2 1 0 1 3 6 8 10 9 8 7 6 5 4 2* 1 2 4 6 5 4 6 8 7 6 5 4 3 2 4 6 8 10 9 8 7 6 5 4 3 6 8 10
K=38 *int=2 B=53 i=53921171043) 1 3 2 1 3 4 6 5 3* 6 10 9 8 7 6 5 4 3 2 1 0 1 3 6 8 10 9 8 7 6 5 4 2* 1 2 4 6 5 4 6 8 7 6 5 4 3 2 4 6 8 10 9 8 7 6 5 4 3 2 6 8 10
K=38 *int=2 B=53 i=53930505724) 1 3 2 1 3 4 6 7 6 5 3* 6 8 10 9 8 7 6 5 4 3 2 1 0 1 3 6 8 10 9 8 7 6 5 4 2* 1 2 4 6 5 4 6 8 7 6 5 4 3 2 4 6 8 10 9 8 7 6 5 6 8 10
K=38 *int=2 B=53 i=53943998354) 1 3 2 1 3 4 6 8 7 6 5 3* 6 8 10 9 8 7 6 5 4 3 2 1 0 1 3 6 8 10 9 8 7 6 5 4 2* 1 2 4 6 5 4 6 8 7 6 5 4 3 4 6 8 10 9 8 7 6 5 6 8 10
K=38 *int=4 B=51 i=53949124982) 1 3 2 1 3 4 6 8 10 9 8 7 6 5 3* 2 1 0 1 6 8 7 6 5 3* 6 8 10 9 8 7 6 5 4 2* 1 2 4 6 5 4 3 6 8 7 6 8 10 9 8 7 6 4* 3 6 5 8 10
K=38 *int=3 B=52 i=53949125062) 1 3 2 1 3 4 6 8 10 9 8 7 6 5 3* 2 1 0 1 6 8 7 6 5 3* 6 8 10 9 8 7 6 5 4 2* 1 2 4 6 5 4 6 8 7 6 8 10 9 8 7 6 5 4 3 4 6 5 6 8 10
K=38 *int=3 B=52 i=53953327852) 1 3 2 1 3 4 6 10 9 8 7 6 5 3* 2 1 0 1 6 8 7 6 5 3* 6 8 10 9 8 7 6 5 4 2* 1 2 4 6 5 4 6 8 7 6 8 10 9 8 7 6 5 4 3 2 4 6 5 6 8 10
K=38 *int=2 B=53 i=53966095944) 1 3 2 1 3 4 7 6 5 3* 6 8 10 9 8 7 6 5 4 3 2 1 0 1 3 6 8 10 9 8 7 6 5 4 2* 1 2 4 6 5 4 6 8 7 6 5 4 3 2 4 6 8 10 9 8 7 6 5 4 6 8 10
K=38 *int=2 B=53 i=53989204610) 1 3 2 1 3 4 8 7 6 5 3* 6 8 10 9 8 7 6 5 4 3 2 1 0 1 3 6 8 10 9 8 7 6 5 4 2* 1 2 4 6 5 4 6 8 7 6 5 4 3 4 6 8 10 9 8 7 6 5 4 6 8 10
K=38 *int=3 B=52 i=53994817955) 1 3 2 1 3 4 8 10 9 8 7 6 5 3* 2 1 0 1 6 8 7 6 5 3* 6 8 10 9 8 7 6 5 4 2* 1 2 4 6 5 4 6 8 7 6 8 10 9 8 7 6 5 4 3 4 6 5 4 6 8 10
K=38 *int=3 B=52 i=53998735388) 1 3 2 1 3 4 10 9 8 7 6 5 3* 2 1 0 1 6 8 7 6 5 3* 6 8 10 9 8 7 6 5 4 2* 1 2 4 6 5 4 6 8 7 6 8 10 9 8 7 6 5 4 3 2 4 6 5 4 6 8 10
K=38 *int=2 B=53 i=54007818828) 1 3 2 1 3 5 4 3 2 1 0 1 3 5 7 6 5 4 3 2 1 3 5 7 9 8 7 6 5 4 3 2 5 7 6 5 4 7 9 8 7 9 10 9 8 7 5* 4 3 1* 0 1 2 4 7 6 5 4 3 2 4 6
K=38 *int=2 B=53 i=54016254103) 1 3 2 1 3 5 4 3 2 1 0 3 5 7 6 5 4 3 5 7 9 8 7 6 5 4 3 1* 0 3 2 5 4 5 7 6 5 7 9 8 7 9 10 9 8 7 6 5 4 3 2 1 0 2 4* 7 6 5 4 3 2 4
K=38 *int=5 B=50 i=54016565287) 1 3 2 1 3 5 4 3 2 1 0 3 5 7 6 5 4 7 9 8 7 5* 3* 1* 0 3 2 4 7 5* 4 7 9 8 7 9 10 9 8 7 5* 4 3 2 1 0 2 4 7 6 5 4 3 2 4 6
K=38 *int=3 B=52 i=54023029254) 1 3 2 1 3 5 4 3 2 1 3 5 6 8 7 5* 4 3 5 8 10 9 8 6* 5 4 3 2 1 0 1 3 2 1 3 5 4 3 5 6 5 7* 10 9 8 7 6 5 4 3 2 1 3 5 7 6 5 4 3 10
K=38 *int=4 B=51 i=54023029464) 1 3 2 1 3 5 4 3 2 1 3 5 6 8 7 5* 4 3 5 8 10 9 8 6* 5 4 3 2 1 0 1 3 2 1 3 5 4 3 5 8 6* 5 4 6 8 10 9 8 7 6 5 3* 2 1 3 4 6 10
K=38 *int=2 B=53 i=54023515641) 1 3 2 1 3 5 4 3 2 1 3 5 7 6 5 4 3 5 7 9 8 7 6 5 7 9 10 9 8 7 6 5 4 3 2 1 0 1 3 5 4 2* 1 2 4 7 6 5 4 6* 9 8 7 6 5 4 3 2 4 6 9 10
K=38 *int=2 B=53 i=54069655050) 1 3 2 1 3 5 4 3 5 6 8 7 5* 8 10 9 8 7 6 5 4 3 2 1 0 1 3 5 4 3 2 1 3 5 6 5 4 3 5 8 7 6 5 7* 10 9 8 7 6 5 4 3 2 1 3 5 4 3 5 7 6 10
K=38 *int=5 B=50 i=54070799691) 1 3 2 1 3 5 4 3 5 6 8 10 9 8 7 5* 4 3 2 1 0 1 3 5 8 10 9 8 6* 5 4 2* 1 2 4* 8 6* 5 4 3 2 4 6 8 10 9 8 7 6 5 4 3 4 6 8 10
K=38 *int=5 B=50 i=54072473556) 1 3 2 1 3 5 4 3 5 6 10 9 8 7 5* 4 3 2 1 0 1 3 5 8 10 9 8 6* 5 4 2* 1 2 4* 8 6* 5 4 3 2 4 6 8 10 9 8 7 6 5 4 3 2 4 6 8 10
K=38 *int=2 B=53 i=54074163772) 1 3 2 1 3 5 4 3 5 7 6 5 4 3 2 1 0 3 5 7 9 8 7 6 5 4 3 1* 0 3 2 5 4 5 7 6 5 7 9 8 7 6 5 4 3 2 4* 7 9 10 9 8 7 6 5 4 3 2 1 0 2 4
K=38 *int=6 B=49 i=54078678110) 1 3 2 1 3 5 4 3 5 7 6 5 7 8 10 9 7* 6 5 4 3 2 1 0 1 3 5 4 3 2 1 3 5 6* 5 4 3 5* 7* 10 9 8 6* 5 4 2* 1 2 4 6 5 4 6 10
K=38 *int=2 B=53 i=54079324050) 1 3 2 1 3 5 4 3 5 7 6 5 7 9 8 7 9 10 9 8 7 6 5 4 3 2 1 0 1 3 5 4 3 5 7 6 5 4 2* 1 2 4 7 9 8 7 6 5 4 3 2 4 6* 9 8 7 6 5 4 6 9 10
K=38 *int=3 B=52 i=54079471560) 1 3 2 1 3 5 4 3 5 7 6 5 7 9 10 9 8 7 6 5 4 3 2 1 0 1 3 2 1 3 5 4 3 5 7 6 5 7 9 8 7 6 4* 2* 1 2 4 6* 9 10 9 8 7 6 5 4 3 2 4 6
K=38 *int=4 B=51 i=54079580851) 1 3 2 1 3 5 4 3 5 7 6 5 7 10 9 8 7 6 5 4 3 2 1 0 1 3 2 1 3 5 4 3 5 7 6 5 7 9* 8 7 6 4* 2* 1 2 4 6* 9 8 7 6 5 4 3 2 4 6 10
K=38 *int=6 B=49 i=54090174675) 1 3 2 1 3 5 4 3 5 8 7 6 5 7* 10 9 8 7 6 5 4 3 2 1 0 1 3 5 4 3 2 1 3 5 7 6 4* 6* 8 10 9 7* 5* 3* 2 1 3 4 7 6 5 4 6 10
K=38 *int=3 B=52 i=54092015484) 1 3 2 1 3 5 4 3 5 8 10 9 8 7 6 5 4 3 2 1 0 1 3 5 7* 6 5 4 3 2 1 3 5 10 9 7* 6 5 4 3 2 1 3 5 7 6 5 4 3 5 7* 10 9 8 7 6 5 4 3 10
K=38 *int=4 B=51 i=54092015563) 1 3 2 1 3 5 4 3 5 8 10 9 8 7 6 5 4 3 2 1 0 1 3 5 7* 6 5 4 3 2 1 3 5 10 9 7* 6 5 4 3 2 1 3 5 7 6 5 7* 10 9 8 7 6 4* 3 4 6 10
K=38 *int=4 B=51 i=54192458472) 1 3 2 1 3 5 6 4* 3 2 4 6 7 6 8 10 9 8 7 6 5 4 3 1* 0 1 4 6 8 7 6 5 4 2* 1 4 6 5 3* 6 8 7 6 8 10 9 8 7 6 5 4 3 2 1 3 6 8 10
K=38 *int=4 B=51 i=54192801316) 1 3 2 1 3 5 6 4* 3 2 4 6 8 7 6 8 10 9 8 7 6 5 4 3 1* 0 1 4 6 5 4 2* 1 4 6 8 7 6 5 3* 6 8 7 6 8 10 9 8 7 6 5 4 3 2 1 3 6 10
K=38 *int=6 B=49 i=54194470095) 1 3 2 1 3 5 6 4* 3 2 0* 4 6 8 7 6 5 4 2* 4 6 8 10 9 8 7 6 5 3* 1* 0 1 6 8 7 6 5 3* 6 8 10 9 8 7 6 5 4 3 2 1 3 6 8 10
K=38 *int=4 B=51 i=54230346575) 1 3 2 1 3 5 7 9 8 7 6 5 4 3 2 1 0 3 5 7 6 5 4 3 5 7 9 10 8* 7 6 5 4 3 1* 0 3 2 5 4 7* 5* 4 3 2 4 7 6 8 10 9 8 7 6 5 4 6 10
K=38 *int=4 B=51 i=54231294771) 1 3 2 1 3 5 7 9 8 7 6 4* 3 2 4 6* 9 10 8* 7 6 5 4 3 1* 0 1 2 4 6 5 4 3 2 4 6 8 7 6 5 4 3 2 4 6 8 7 6 8 10 9 8 7 6 5 4 6 10
K=38 *int=4 B=51 i=54231295164) 1 3 2 1 3 5 7 9 8 7 6 4* 3 2 4 6* 9 10 8* 7 6 5 4 3 1* 0 1 2 4 6 8 7 6 5 4 3 2 4 6 5 4 3 4 6 8 7 6 8 10 9 8 7 6 5 4 6 8 10
K=38 *int=3 B=52 i=54232350088) 1 3 2 1 3 5 7 9 10 9 8 7 6 5 4 3 2 1 0 1 3 5 7 6 5 4 3 5 7 9 8 7 6 5 4 2* 1 2 4* 7 6 7 9 8 7 9 10 9 8 7 5* 4 3 2 4 7 6 5 4 6
K=38 *int=4 B=51 i=54232895793) 1 3 2 1 3 5 7 10 9 8 7 6 5 4 3 2 1 0 1 3 5 7 6 5 4 3 5 7 9* 8 7 6 5 4 2* 1 2 4* 7 9 8 6* 5 4 3 2 4 6 8 10 9 8 7 6 5 4 6 10
K=38 *int=2 B=53 i=54244345166) 1 3 2 1 3 5 8 10 9 8 7 6 5 4 3 2 1 0 1 3 5 7* 6 5 4 3 2 1 3 5 7 6 5 4 3 5 8 10 9 8 7 6 5 4 3 2 1 3 5 7* 10 9 8 7 6 5 4 3 5 7 6 10
K=38 *int=4 B=51 i=54261121286) 1 3 2 1 3 6 5 4 3 2 1 3 5* 8 7 6 5 4 3 5 8 10 9 8 7 6 5 4 3 2 1 0 1 3 2 1 3 5 4 7* 5* 3* 7 6 8 10 9 8 7 6 5 4 3 2 1 3 6 10
K=38 *int=2 B=53 i=54338492528) 1 3 2 1 3 6 8 7 6 5 4 3 5* 8 10 9 8 7 6 5 4 3 2 1 0 1 3 2 1 3 5 4 3 5 6 5 8 7 10 8* 7 6 5 4 3 2 1 3 5 7 6 5 4 3 5 7 10 9 8 7 6 5
K=38 *int=2 B=53 i=54345684462) 1 3 2 1 3 6 8 10 9 8 7 6 5 4 3 2 1 0 1 3 5* 8 7 6 5 4 3 2 1 3 5 4 3 5 6 5 8 7 10 8* 7 6 5 4 3 2 1 3 5 7 10 9 8 7 6 5 4 3 5 7 6 5
K=38 *int=5 B=50 i=54345698765) 1 3 2 1 3 6 8 10 9 8 7 6 5 4 3 2 1 0 1 3 5* 8 7 6 4* 3 2 1 3* 6 8 10 9 8 7 5* 4 3 2 1 3 5 7* 10 9 8 7 6 5 4 3 5 7 6 5 10
K=38 *int=6 B=49 i=54405571150) 1 3 2 1 3 7 9 8 7 6 4* 3 2 6* 4* 9 10 8* 6* 5 4 3 1* 0 1 2 4 3 2 4 6 5 4 6 8 7 6 5 4 3 2 4 6 8 10 9 8 7 6 5 4 6 8 10
K=38 *int=2 B=53 i=54422400720) 1 3 2 1 3 8 10 9 8 7 6 5 4 3 2 1 0 1 3 5 7* 6 5 4 3 2 1 3 5 7 6 5 4 3 5 8 10 9 8 7 6 5 4 3 2 1 3 5 7* 10 9 8 7 6 5 4 3 5 7 6 5 10
K=38 *int=2 B=53 i=56640529787) 1 3 4 3 2 1 3 5 4 3 5 6 5 7 8 10 9 7* 6 5 4 3 2 1 0 1 3 5 7 6 5 4 3 2 1 3 5 4 3 5 6 8 7 5* 8 10 9 8 7 6 5 4 3 2 1 3 5 4 3 5 8 10
K=38 *int=2 B=53 i=56642814751) 1 3 4 3 2 1 3 5 4 3 5 6 8 7 5* 8 10 9 8 7 6 5 4 3 2 1 0 1 3 5 4 3 2 1 3 5 6 5 4 3 5 8 7 6 5 7* 10 9 8 7 6 5 4 3 2 1 3 5 4 3 5 10
K=38 *int=5 B=50 i=56642825227) 1 3 4 3 2 1 3 5 4 3 5 6 8 7 5* 8 10 9 8 7 6 4* 3 2 1 0 1 3* 2 1 3 6 4* 3 6 8 7 5* 8 10 9 8 7 6 5 4 3 2 1 3 5 4 3 5 8 10
K=38 *int=2 B=53 i=56644243289) 1 3 4 3 2 1 3 5 4 3 5 7 6 5 7 8 10 9 7* 6 5 4 3 2 1 0 1 3 5 7 6 5 4 3 2 1 3 5 4 3 5 6 8 7 5* 8 10 9 8 7 6 5 4 3 2 1 3 5 4 5 8 10
K=38 *int=3 B=52 i=56671416655) 1 3 4 3 2 1 3 5 6 5 4 3 5 7 6 5 7 8 10 9 7* 6 5 4 3 2 1 0 1 3 2 1 3 5 4 3 5 6* 5 4 3 2 1 3 5* 8 10 9 8 7 6 5 4 3 2 1 3 5 8 10
K=38 *int=2 B=53 i=56672666388) 1 3 4 3 2 1 3 5 6 5 4 3 5 7 8 10 9 7* 6 5 4 3 2 1 0 1 3 5 7 6 5 4 3 2 1 3 5 8 10 9 8 7 6 5 4 3 2 1 3 5 7* 6 5 4 3 5 7 8 10 9 8 10
K=38 *int=3 B=52 i=56693015165) 1 3 4 3 2 1 3 5 7 6 5 4 3 5 7 6 5 7 8 10 9 7* 6 5 4 3 2 1 0 1 3 2 1 3 5 4 3 5 6* 5 4 3 2 1 3 5* 8 10 9 8 7 6 5 4 3 2 1 5 8 10
K=38 *int=2 B=53 i=56694102144) 1 3 4 3 2 1 3 5 7 6 5 4 3 5 7 8 10 9 7* 6 5 4 3 2 1 0 1 3 5 7 6 5 4 3 2 1 3 5 8 10 9 8 7 6 5 4 3 2 1 3 5 7* 6 5 4 5 7 8 10 9 8 10
K=38 *int=2 B=53 i=56710178251) 1 3 4 3 2 1 3 5 8 10 9 8 7 6 5 4 3 2 1 0 1 3 5 7* 6 5 4 3 2 1 3 5 7 6 5 4 3 5 8 10 9 8 7 6 5 4 3 2 1 3 5 7* 10 9 8 7 6 5 4 3 5 10
K=38 *int=3 B=52 i=57036722212) 1 3 4 3 5 6 5 4 3 2 1 3 5 7 8 10 9 7* 6 5 4 3 2 1 0 1 3 5 7 6 5 4 3 2 1 3 5 7* 6 5 4 3 5 10 9 7* 6 5 4 3 2 1 3 5 7 8 10 9 8 10
K=38 *int=3 B=52 i=57098174080) 1 3 4 3 5 7 6 5 4 3 2 1 3 5 7 8 10 9 7* 6 5 4 3 2 1 0 1 3 5 7 6 5 4 3 2 1 3 5 7* 6 5 4 3 5 10 9 7* 6 5 4 3 2 1 5 7 8 10 9 8 10
K=38 *int=4 B=51 i=57680960073) 1 3 4 6 5 3* 2 1 0 1 3 2 4 6 8 7 6 5 4 3 1* 4 6 8 7 6 5 4 6 8 10 9 8 7 6 5 3* 2 1 0 1 3 5* 8 10 9 8 7 6 5 4 3 2 1 3 5 8 10
K=38 *int=4 B=51 i=57791295264) 1 3 4 6 8 7 6 5 3* 2 1 3 4 6 8 7 6 5 4 6 8 10 9 8 7 6 5 4 3 2 1 0 1 3* 6 8 10 9 8 7 5* 4 3 2 1 3 5 4 5 7* 6 5 7 8 10 9 8 10
K=38 *int=6 B=49 i=57811530961) 1 3 4 6 8 10 9 8 7 6 5 3* 2 1 0 1 3 2 4 6 5 4 6 8 7 6 8 10 9 8 7 6 5 3* 1* 5* 3* 2 3 8 7 5* 8 10 9 8 7 6 5 4 3 5 8 10
K=38 *int=4 B=51 i=57811559499) 1 3 4 6 8 10 9 8 7 6 5 3* 2 1 0 1 3 2 4 6 8 7 6 5 4 3 1* 4 6 5 4 6 8 7 6 8 10 9 8 7 6 5 3* 2 1 3 5* 8 10 9 8 7 6 5 4 3 5 8
K=38 *int=4 B=51 i=57991196733) 1 3 4 8 10 9 8 7 6 5 3* 2 1 0 1 3 2 4 6 8 7 6 5 4 3 1* 4 6 8 7 6 5 4 6 8 10 9 8 7 6 5 3* 2 1 3 5* 8 10 9 8 7 6 5 4 3 5 8 10
K=38 *int=4 B=51 i=58038890281) 1 3 4 2* 1 0 2 4 6 5 4 6 8 7 6 5 4 3 2 4 6 8 10 9 8 7 6 5 4 3 1* 0 1 3* 6 5 6 8 7 6 8 10 9 8 7 6 4* 3 2 1 3 6 5 4 3 5 8 10
K=38 *int=3 B=52 i=58374500310) 1 3 5 4 3 2 1 0 3 5 4 3 5 7 6 5 7 9 8 7 6 5 4 3 1* 0 3 5 4 2* 5 7 6 5 4 5 7 9 8 7 6 5 7 9 10 9 8 7 6 5 3* 2 1 0 2 5 4 3 2 4
K=38 *int=4 B=51 i=58374501218) 1 3 5 4 3 2 1 0 3 5 4 3 5 7 6 5 7 9 8 7 6 5 4 3 1* 0 3 5 4 2* 5 7 6 5 7 9 10 8* 7 6 4* 3 2 1 0 2 4 6 8 7 6 5 4 3 2 4 8 10
K=38 *int=4 B=51 i=58395447767) 1 3 5 4 3 2 1 0 3 5 6 5 4 7 9 8 7 5* 3* 1* 0 3 2 4 7 6 5 4 3 2 4 6 9 8 7 6 5 4 6 8* 10 9 8 7 6 5 4 3 2 1 0 2 4 3 2 4 6 8
K=38 *int=2 B=53 i=58400809858) 1 3 5 4 3 2 1 0 3 5 6 7 5* 4 3 1* 0 3 2 5 4 6 8 7 6 5 4 3 2 4 6 8 9 8 7 6 5 4 3 2 1 0 2 4 6 8 10 9 8 7 6 5 4 3 2 1 0 2 4 6 8 10
K=38 *int=2 B=53 i=58400810546) 1 3 5 4 3 2 1 0 3 5 6 7 5* 4 3 1* 0 3 2 5 4 6 8 7 6 5 4 3 2 4 6 8 10 9 8 7 6 5 4 3 2 1 0 2 4 6 8 10 9 8 7 6 5 4 3 2 1 2 4 6 8 10
K=38 *int=2 B=53 i=58402323250) 1 3 5 4 3 2 1 0 3 5 6 8 7 5* 4 3 1* 0 3 2 5 4 6 8 7 6 5 4 3 2 4 6 8 9 8 7 6 5 4 3 2 1 0 2 4 6 8 10 9 8 7 6 5 4 3 2 1 0 4 6 8 10
K=38 *int=2 B=53 i=58402324026) 1 3 5 4 3 2 1 0 3 5 6 8 7 5* 4 3 1* 0 3 2 5 4 6 8 7 6 5 4 3 2 4 6 8 10 9 8 7 6 5 4 3 2 1 0 2 4 6 8 10 9 8 7 6 5 4 3 2 1 4 6 8 10
K=38 *int=2 B=53 i=58402845825) 1 3 5 4 3 2 1 0 3 5 6 8 9 8 7 5* 4 3 1* 0 3 2 5 4 6 8 7 6 5 4 3 2 4 6 8 10 9 8 7 6 5 4 3 2 1 0 2 4 6 8 10 9 8 7 6 5 4 3 4 6 8 10
K=38 *int=2 B=53 i=58403149419) 1 3 5 4 3 2 1 0 3 5 6 8 10 9 8 7 5* 4 3 1* 0 3 2 5 4 6 8 7 6 5 4 3 2 4 6 8 10 9 8 7 6 5 4 3 2 1 2 4 6 8 10 9 8 7 6 5 4 3 4 6 8 10
K=38 *int=2 B=53 i=58403502489) 1 3 5 4 3 2 1 0 3 5 6 9 8 7 5* 4 3 1* 0 3 2 5 4 6 8 7 6 5 4 3 2 4 6 8 10 9 8 7 6 5 4 3 2 1 0 2 4 6 8 10 9 8 7 6 5 4 3 2 4 6 8 10
K=38 *int=2 B=53 i=58403851995) 1 3 5 4 3 2 1 0 3 5 6 10 9 8 7 5* 4 3 1* 0 3 2 5 4 6 8 7 6 5 4 3 2 4 6 8 10 9 8 7 6 5 4 3 2 1 2 4 6 8 10 9 8 7 6 5 4 3 2 4 6 8 10
K=38 *int=3 B=52 i=58405224347) 1 3 5 4 3 2 1 0 3 5 6 4* 6 7 6 8 9 8 7 6 5 3* 1* 0 3 2 4 6 5 4 3 2 4 6 8 7 6 5 4 6 8 10 9 8 7 6 5 4 3 2 1 0 2 4 3 2 4 6 8 10
K=38 *int=3 B=52 i=58405237351) 1 3 5 4 3 2 1 0 3 5 6 4* 6 7 6 8 10 9 8 7 6 5 3* 1* 0 3 2 4 6 5 4 3 2 4 6 8 7 6 5 4 6 8 10 9 8 7 6 5 4 3 2 1 2 4 3 2 4 6 8 10
K=38 *int=3 B=52 i=58405297144) 1 3 5 4 3 2 1 0 3 5 6 4* 6 8 7 6 8 9 8 7 6 5 3* 1* 0 3 2 4 6 5 4 3 2 4 6 8 7 6 5 4 6 8 10 9 8 7 6 5 4 3 2 1 0 2 4 3 4 6 8 10
K=38 *int=4 B=51 i=58405310699) 1 3 5 4 3 2 1 0 3 5 6 4* 6 8 7 6 8 10 9 8 7 6 5 3* 1* 0 3 2 4 6 5 4 3 2 1 4 6 8 7 6 5 4 6 8 10 9 8 7 6 5 4 2* 1 4 3 6 8 10
K=38 *int=3 B=52 i=58405310949) 1 3 5 4 3 2 1 0 3 5 6 4* 6 8 7 6 8 10 9 8 7 6 5 3* 1* 0 3 2 4 6 5 4 3 2 4 6 8 7 6 5 4 6 8 10 9 8 7 6 5 4 3 2 1 2 4 3 4 6 8 10
K=38 *int=2 B=53 i=58409977711) 1 3 5 4 3 2 1 0 3 5 7 6 5 4 3 5 7 9 8 7 6 5 4 3 1* 0 3 2 5 4 5 7 6 5 7 9 8 7 9 10 9 8 7 6 5 4 3 2 1 0 2 4* 7 6 5 4 3 2 4 7 9 8
K=38 *int=5 B=50 i=58410891448) 1 3 5 4 3 2 1 0 3 5 7 6 5 4 3 1* 0 3 5 7 8 6* 5 4 2* 5* 8 9 8 7 6 4* 3 2 1 0 2 4 6 8 10 9 8 7 6 5 4 3 2 1 0 2 4 6 8 10
K=38 *int=5 B=50 i=58410891843) 1 3 5 4 3 2 1 0 3 5 7 6 5 4 3 1* 0 3 5 7 8 6* 5 4 2* 5* 8 10 9 8 7 6 4* 3 2 1 0 2 4 6 8 10 9 8 7 6 5 4 3 2 1 2 4 6 8 10
K=38 *int=2 B=53 i=58456382582) 1 3 5 4 3 2 1 3 5 4 3 5 6 5 7 8 10 9 7* 6 5 4 3 2 1 0 1 3 5 7 6 5 4 3 2 1 3 5 4 3 5 6 8 7 5* 8 10 9 8 7 6 5 4 3 2 1 3 5 4 3 8 10
K=38 *int=2 B=53 i=58457749951) 1 3 5 4 3 2 1 3 5 4 3 5 6 8 7 5* 8 10 9 8 7 6 5 4 3 2 1 0 1 3 5 4 3 2 1 3 5 6 5 4 3 5 8 7 6 5 7* 10 9 8 7 6 5 4 3 2 1 3 5 4 3 10
K=38 *int=5 B=50 i=58457756802) 1 3 5 4 3 2 1 3 5 4 3 5 6 8 7 5* 8 10 9 8 7 6 4* 3 2 1 0 1 3* 2 1 3 6 4* 3 6 8 7 5* 8 10 9 8 7 6 5 4 3 2 1 3 5 4 3 8 10
K=38 *int=2 B=53 i=58458574756) 1 3 5 4 3 2 1 3 5 4 3 5 7 6 5 7 8 10 9 7* 6 5 4 3 2 1 0 1 3 5 7 6 5 4 3 2 1 3 5 4 3 5 6 8 7 5* 8 10 9 8 7 6 5 4 3 2 1 3 5 4 8 10
K=38 *int=3 B=52 i=58482427307) 1 3 5 4 3 2 1 3 5 6 5 4 3 5 7 6 5 7 8 10 9 7* 6 5 4 3 2 1 0 1 3 2 1 3 5 4 3 5 6* 5 4 3 2 1 3 5* 8 10 9 8 7 6 5 4 3 2 1 3 8 10
K=38 *int=2 B=53 i=58483937697) 1 3 5 4 3 2 1 3 5 6 5 4 3 5 7 8 10 9 7* 6 5 4 3 2 1 0 1 3 5 7 6 5 4 3 2 1 3 5 8 10 9 8 7 6 5 4 3 2 1 3 5 7* 6 5 4 3 7 8 10 9 8 10
K=38 *int=4 B=51 i=58491294823) 1 3 5 4 3 2 1 3 5 6 5 7 9 8 7 6 5 4 3 2 1 0 3 5 7 6 5 4 3 5 7 9 10 8* 7 6 5 4 3 1* 0 3 2 5 4 7* 5* 4 3 2 4 7 6 8 10 9 8 10
K=38 *int=4 B=51 i=58491506146) 1 3 5 4 3 2 1 3 5 6 5 7 9 8 7 6 4* 3 2 4 6* 9 10 8* 7 6 5 4 3 1* 0 1 2 4 6 5 4 3 2 4 6 8 7 6 5 4 3 2 4 6 8 7 6 8 10 9 8 10
K=38 *int=4 B=51 i=58491747761) 1 3 5 4 3 2 1 3 5 6 5 7 10 9 8 7 6 5 4 3 2 1 0 1 3 5 7 6 5 4 3 5 7 9* 8 7 6 5 4 2* 1 2 4* 7 9 8 6* 5 4 3 2 4 6 8 10 9 8 10
K=38 *int=4 B=51 i=58497713769) 1 3 5 4 3 2 1 3 5 6 8 7 5* 4 3 2 1 3 5 8 9 8 6* 5 4 3 5 8 10 9 7* 6 5 4 3 2 1 0 1 3 2 1 3 5 7 6 4* 3 4 6 8 7 6 8 10 9 8 10
K=38 *int=3 B=52 i=58504499488) 1 3 5 4 3 2 1 3 5 7 6 5 4 3 2 1 0 3 5 7 9 8 7 6 5 4 3 1* 0 5 7 9 8 7 6 5 3* 2 5 7 6 4* 7 9 8 7 9 10 9 8 7 6 5 4 3 2 1 0 2 4
K=38 *int=4 B=51 i=58504499518) 1 3 5 4 3 2 1 3 5 7 6 5 4 3 2 1 0 3 5 7 9 8 7 6 5 4 3 1* 0 5 7 9 8 7 6 5 3* 2 5 7 6 4* 7 9 10 8* 7 6 5 4 3 2 1 0 2 4 8 10
K=38 *int=3 B=52 i=58507098467) 1 3 5 4 3 2 1 3 5 7 6 5 4 3 5 7 6 5 7 8 10 9 7* 6 5 4 3 2 1 0 1 3 2 1 3 5 4 3 5 6* 5 4 3 2 1 3 5* 8 10 9 8 7 6 5 4 3 2 1 8 10
K=38 *int=4 B=51 i=58507098706) 1 3 5 4 3 2 1 3 5 7 6 5 4 3 5 7 6 5 7 8 10 9 7* 6 5 4 3 2 1 0 1 3 2 1 3 5 4 3 5 6* 5 4 3 5* 8 10 9 8 7 6 5 4 2* 1 2 4 8 10
K=38 *int=2 B=53 i=58508365417) 1 3 5 4 3 2 1 3 5 7 6 5 4 3 5 7 8 10 9 7* 6 5 4 3 2 1 0 1 3 5 7 6 5 4 3 2 1 3 5 8 10 9 8 7 6 5 4 3 2 1 3 5 7* 6 5 4 7 8 10 9 8 10
K=38 *int=6 B=49 i=58508638367) 1 3 5 4 3 2 1 3 5 7 6 5 4 3 5 7 9 8 7 6 5 4 3 2 1 0 3 5 7 9 10 8* 6* 5 4 3 1* 0 3 2 5* 4 7* 5* 4 3 2 4 7 8 10 9 8 10
K=38 *int=6 B=49 i=58508983787) 1 3 5 4 3 2 1 3 5 7 6 5 4 3 5 7 10 9 8 7 6 5 4 3 2 1 0 1 3 5 7 9* 8 7 6 4* 2* 1 2 6* 4* 9 8 6* 5 4 3 2 4 8 10 9 8 10
K=38 *int=2 B=53 i=58524429301) 1 3 5 4 3 2 1 3 5 8 10 9 8 7 6 5 4 3 2 1 0 1 3 5 7* 6 5 4 3 2 1 3 5 7 6 5 4 3 5 8 10 9 8 7 6 5 4 3 2 1 3 5 7* 10 9 8 7 6 5 4 3 10
K=38 *int=4 B=51 i=58587509041) 1 3 5 4 3 2 5 6 8 7 5* 3* 1* 5 4 6 8 9 8 7 6 8 10 9 8 7 6 5 4 3 2 1 0 1 4 6 5 4 3 2 1 3* 6 8 7 6 5 4 3 6 8 7 6 8 10 9 8 10
K=38 *int=4 B=51 i=58587516661) 1 3 5 4 3 2 5 6 8 7 5* 3* 1* 5 4 6 8 10 9 8 7 6 5 4 3 2 1 0 1 4 6 8 10 9 8 7 6 5 4 3 2 1 3* 6 8 7 6 5 4 3 6 8 7 8 10 9 8 10
K=38 *int=3 B=52 i=58654228764) 1 3 5 4 3 5 6 5 4 3 2 1 3 5 7 8 10 9 7* 6 5 4 3 2 1 0 1 3 5 7 6 5 4 3 2 1 3 5 7* 6 5 4 3 5 10 9 7* 6 5 4 3 2 1 3 7 8 10 9 8 10
K=38 *int=2 B=53 i=58703487959) 1 3 5 4 3 5 7 6 5 4 3 2 1 0 3 5 7 9 8 7 6 5 4 3 1* 0 3 2 5 4 5 7 6 5 7 9 8 7 6 5 4 3 2 4* 7 9 10 9 8 7 6 5 4 3 2 1 0 2 4 7 9 8
K=38 *int=3 B=52 i=58704638391) 1 3 5 4 3 5 7 6 5 4 3 2 1 3 5 7 8 10 9 7* 6 5 4 3 2 1 0 1 3 5 7 6 5 4 3 2 1 3 5 7* 6 5 4 3 5 10 9 7* 6 5 4 3 2 1 7 8 10 9 8 10
K=38 *int=4 B=51 i=58704639867) 1 3 5 4 3 5 7 6 5 4 3 2 1 3 5 7 8 10 9 7* 6 5 4 3 2 1 0 1 3 5 7 6 5 4 3 5 7* 10 9 8 6* 5 4 2* 1 2 4 6 5 4 6 8 7 8 10 9 8 10
K=38 *int=4 B=51 i=58727034226) 1 3 5 4 3 5 7 8 6* 5 4 2* 1 4 6 5 4 6 8 9 8 7 6 8 10 9 8 7 6 5 4 2* 1 0 1 4 6 5 3* 2 1 3 4 6 8 7 6 5 4 6 8 7 6 8 10 9 8 10
K=38 *int=4 B=51 i=58727038970) 1 3 5 4 3 5 7 8 6* 5 4 2* 1 4 6 5 4 6 8 10 9 8 7 6 5 4 2* 1 0 1 4 6 8 10 9 8 7 6 5 3* 2 1 3 4 6 8 7 6 5 4 6 8 7 8 10 9 8 10
K=38 *int=4 B=51 i=58733817868) 1 3 5 4 3 5 8 7 6 5 4 3 2 1 3 5 7* 10 9 8 7 6 5 4 3 2 1 0 1 3 5 7 6 5 4 7 8 10 9 7* 5* 3* 2 1 3 4 7 6 5 4 6 8 7 8 10 9 8 10
K=38 *int=2 B=53 i=59096666178) 1 3 5 6 5 4 3 2 1 3 5 4 3 5 7 6 5 7 8 10 9 7* 6 5 4 3 2 1 0 1 3 5 7 6 5 4 3 2 1 3 5 4 3 5 6 8 7 5* 8 10 9 8 7 6 5 4 3 2 1 3 8 10
K=38 *int=2 B=53 i=59104287930) 1 3 5 6 5 4 3 2 1 3 5 7 6 5 4 3 5 7 8 7 6 5 7 9 10 8* 7 6 5 4 3 2 1 0 1 3 5 4 3 2 1 3 5 6 8 7 5* 4 3 2 1 3 5 6 8 7 6 8 10 9 8 10
K=38 *int=2 B=53 i=59104456300) 1 3 5 6 5 4 3 2 1 3 5 7 6 5 4 3 5 7 8 10 9 7* 6 5 4 3 2 1 0 1 3 5 7 6 5 4 3 2 1 3 5 8 10 9 8 7 6 5 4 3 2 1 3 5 7* 6 7 8 10 9 8 10
K=38 *int=2 B=53 i=59104567374) 1 3 5 6 5 4 3 2 1 3 5 7 6 5 4 3 5 7 9 8 7 6 5 7 9 10 8* 7 6 5 4 3 2 1 0 1 3 5 4 3 2 1 3 5 6 8 7 5* 4 3 2 3 5 6 8 7 6 8 10 9 8 10
K=38 *int=5 B=50 i=59105036173) 1 3 5 6 5 4 3 2 1 3 5 7 6 5 4 7 8 10 9 7* 5* 3* 2 1 0 1 3 7 6 4* 3 2 1 3 6 8 10 9 8 7 5* 4 3 2 1 3 5 6 8 7 6 8 10 9 8 10
K=38 *int=3 B=52 i=59106628251) 1 3 5 6 5 4 3 2 1 3 5 7 8 7 6 5 4 3 2 1 3 5 7 9 8 7 6 5 4 3 5 7 9 10 8* 6* 5 4 3 2 1 0 1 3 2 1 3 5* 4 3 5 6 8 7 6 8 10 9 8 10
K=38 *int=2 B=53 i=59106816757) 1 3 5 6 5 4 3 2 1 3 5 7 8 7 6 5 4 3 5 7 6 5 7 9 10 8* 7 6 5 4 3 2 1 0 1 3 2 1 3 5 4 3 5 6 8 7 5* 4 3 2 1 3 5 6 8 10 9 8 7 6 8 10
K=38 *int=3 B=52 i=59108181363) 1 3 5 6 5 4 3 2 1 3 5 7 9 8 7 6 5 4 3 2 1 3 5 7 9 8 7 6 5 4 3 5 7 9 10 8* 6* 5 4 3 2 1 0 1 3 2 3 5* 4 3 5 6 8 7 6 8 10 9 8 10
K=38 *int=2 B=53 i=59108283369) 1 3 5 6 5 4 3 2 1 3 5 7 9 8 7 6 5 4 3 5 7 6 5 7 9 10 8* 7 6 5 4 3 2 1 0 1 3 2 1 3 5 4 3 5 6 8 7 5* 4 3 2 3 5 6 8 10 9 8 7 6 8 10
K=38 *int=3 B=52 i=59188156417) 1 3 5 6 5 7 8 7 6 5 4 3 2 1 3 5 4 3 5 7 6 5 7 9 10 8* 7 6 5 4 3 2 1 0 1 3 5 7* 6 5 4 3 2 1 3 5 4 3 5 6* 5 6 8 10 9 8 7 6 8 10
K=38 *int=3 B=52 i=59196358476) 1 3 5 6 5 7 9 8 7 6 5 4 3 2 1 3 5 4 3 5 7 6 5 7 9 10 8* 7 6 5 4 3 2 1 0 1 3 5 7* 6 5 4 3 2 3 5 4 3 5 6* 5 6 8 10 9 8 7 6 8 10
K=38 *int=4 B=51 i=59278846167) 1 3 5 6 8 10 9 8 7 5* 4 3 2 1 0 1 3 5 4 6 8 10 9 8 7 6 5 3* 2 1 3 6 8 7 6 4* 3 2 3 6 8 10 9 8 7 5* 4 3 5 6 8 10 9 8 7 6 8 10
K=38 *int=4 B=51 i=59367390209) 1 3 5 7 6 5 4 3 2 1 0 3 5 4 3 5 7 8 7 6 5 7 9 8 7 6 5 4 3 1* 0 3 5 4 2* 5 7 6 5 7 9 10 8* 7 6 4* 3 2 1 0 2 4 6 8 7 6 8 10
K=38 *int=6 B=49 i=59373136680) 1 3 5 7 6 5 4 3 2 1 0 3 5 7 9 8 7 6 5 4 3 1* 0 5 7 6 5 3* 5 7 9 8 7 6 4* 2* 7 9 10 8* 7 6 4* 3 2 1 0 2 6 8 7 6 8 10
K=38 *int=2 B=53 i=59377526111) 1 3 5 7 6 5 4 3 2 1 3 5 4 3 5 7 6 5 7 8 10 9 7* 6 5 4 3 2 1 0 1 3 5 7 6 5 4 3 2 1 3 5 4 3 5 6 8 7 5* 8 10 9 8 7 6 5 4 3 2 1 8 10
K=38 *int=2 B=53 i=59381605443) 1 3 5 7 6 5 4 3 2 1 3 5 7 6 5 4 3 5 7 8 7 6 5 7 9 10 8* 7 6 5 4 3 2 1 0 1 3 5 4 3 2 1 3 5 6 8 7 5* 4 3 2 1 5 6 8 7 6 8 10 9 8 10
K=38 *int=2 B=53 i=59381694465) 1 3 5 7 6 5 4 3 2 1 3 5 7 6 5 4 3 5 7 8 10 9 7* 6 5 4 3 2 1 0 1 3 5 7 6 5 4 3 2 1 3 5 8 10 9 8 7 6 5 4 3 2 1 5 7* 6 7 8 10 9 8 10
K=38 *int=2 B=53 i=59381753669) 1 3 5 7 6 5 4 3 2 1 3 5 7 6 5 4 3 5 7 9 8 7 6 5 7 9 10 8* 7 6 5 4 3 2 1 0 1 3 5 4 3 2 1 3 5 6 8 7 5* 4 3 2 5 6 8 7 6 8 10 9 8 10
K=38 *int=5 B=50 i=59382042135) 1 3 5 7 6 5 4 3 2 1 3 5 7 6 5 4 7 8 10 9 7* 5* 3* 2 1 0 1 3 7 6 4* 3 2 1 3 6 8 10 9 8 7 5* 4 3 2 1 5 6 8 7 6 8 10 9 8 10
K=38 *int=3 B=52 i=59383276733) 1 3 5 7 6 5 4 3 2 1 3 5 7 8 7 6 5 4 3 2 1 3 5 7 9 8 7 6 5 4 3 5 7 9 10 8* 6* 5 4 3 2 1 0 1 3 2 1 3 5* 4 5 6 8 7 6 8 10 9 8 10
K=38 *int=2 B=53 i=59383498760) 1 3 5 7 6 5 4 3 2 1 3 5 7 8 7 6 5 4 3 5 7 6 5 7 9 10 8* 7 6 5 4 3 2 1 0 1 3 2 1 3 5 4 3 5 6 8 7 5* 4 3 2 1 5 6 8 10 9 8 7 6 8 10
K=38 *int=4 B=51 i=59384967608) 1 3 5 7 6 5 4 3 2 1 3 5 7 9 8 7 6 5 4 3 2 1 0 3 5 7 9 8 7 6 5 4 3 5 7 9 10 8* 6* 5 4 3 1* 0 3 2 5* 4 5 6 8 7 6 8 10 9 8 10
K=38 *int=3 B=52 i=59385013781) 1 3 5 7 6 5 4 3 2 1 3 5 7 9 8 7 6 5 4 3 2 1 3 5 7 9 8 7 6 5 4 3 5 7 9 10 8* 6* 5 4 3 2 1 0 1 3 2 3 5* 4 5 6 8 7 6 8 10 9 8 10
K=38 *int=2 B=53 i=59385122696) 1 3 5 7 6 5 4 3 2 1 3 5 7 9 8 7 6 5 4 3 5 7 6 5 7 9 10 8* 7 6 5 4 3 2 1 0 1 3 2 1 3 5 4 3 5 6 8 7 5* 4 3 2 5 6 8 10 9 8 7 6 8 10
K=38 *int=4 B=51 i=59401733058) 1 3 5 7 6 5 4 3 5 7 8 10 9 7* 6 5 4 3 2 1 0 1 3 2 1 3 5 4 3 5 7 6 5 4 3 5 7* 10 9 8 6* 5 4 2* 1 2 4 6 5 4 6 8 10 9 8 7 6 8
K=38 *int=4 B=51 i=59408926232) 1 3 5 7 6 5 4 7 8 10 9 7* 5* 3* 2 1 0 1 3 2 4 7 6 5 4 3 1* 4 6 5 4 6 8 7 6 8 10 9 8 7 6 5 4 3 2 1 4 6 5 4 6 8 10 9 8 7 6 8
K=38 *int=4 B=51 i=59408926757) 1 3 5 7 6 5 4 7 8 10 9 7* 5* 3* 2 1 0 1 3 2 4 7 6 5 4 3 1* 4 6 8 7 6 5 4 6 8 10 9 8 7 6 5 4 3 2 1 4 6 5 6 8 10 9 8 7 6 8 10
K=38 *int=3 B=52 i=59422314653) 1 3 5 7 6 5 7 8 7 6 5 4 3 2 1 3 5 4 3 5 7 6 5 7 9 10 8* 7 6 5 4 3 2 1 0 1 3 5 7* 6 5 4 3 2 1 3 5 4 5 6* 5 6 8 10 9 8 7 6 8 10
K=38 *int=4 B=51 i=59427815639) 1 3 5 7 6 5 7 9 8 7 6 5 4 3 2 1 0 3 5 4 3 5 7 6 5 7 9 10 8* 7 6 5 4 3 1* 0 3 2 5 4 7* 5* 4 3 2 4 7 6 5 6 8 10 9 8 7 6 8 10
K=38 *int=3 B=52 i=59427943984) 1 3 5 7 6 5 7 9 8 7 6 5 4 3 2 1 3 5 4 3 5 7 6 5 7 9 10 8* 7 6 5 4 3 2 1 0 1 3 5 7* 6 5 4 3 2 3 5 4 5 6* 5 6 8 10 9 8 7 6 8 10
K=38 *int=4 B=51 i=59429545839) 1 3 5 7 6 5 7 9 10 8* 7 6 4* 3 2 1 0 1 3* 6 8 7 6 5 4 2* 1 2 4 6 5 4 6 8 7 6 8 10 9 8 7 6 5 4 3 2 4 6 5 4 6 8 10 9 8 7 6 8
K=38 *int=4 B=51 i=59429546459) 1 3 5 7 6 5 7 9 10 8* 7 6 4* 3 2 1 0 1 3* 6 8 7 6 5 4 2* 1 2 4 6 8 7 6 5 4 6 8 10 9 8 7 6 5 4 3 2 4 6 5 6 8 10 9 8 7 6 8 10
K=38 *int=4 B=51 i=59429949170) 1 3 5 7 6 5 7 10 9 8 7 6 5 4 3 2 1 0 1 3 5 4 3 5 7 6 5 7 9* 8 7 6 5 4 2* 1 2 4* 7 9 8 6* 5 4 3 2 4 6 5 6 8 10 9 8 7 6 8 10
K=38 *int=2 B=53 i=59468061362) 1 3 5 7 8 7 6 5 4 3 2 1 0 1 3 2 1 3 5 4 3 5 7 6 5 7 9 8 7 6 5 4 3 2 1 3 5 4 7 6 9 10 9 7* 6 5 3* 2 1 0 1 3 4 6 9 8 7 6 5 4 6 8
K=38 *int=2 B=53 i=59471721673) 1 3 5 7 8 7 6 5 4 3 2 1 0 1 3 5 7 9 8 7 6 5 4 3 2 1 3 5 4 3 5 7 6 5 4 7 9 8 7 6 9 10 9 7* 6 5 3* 2 1 0 1 3 4 6 5 4 6 9 8 7 6 8
K=38 *int=2 B=53 i=59475852430) 1 3 5 7 8 7 6 5 4 3 2 1 3 5 7 6 5 4 3 5 7 9 8 7 6 5 7 9 10 8* 7 6 5 4 3 2 1 0 1 3 5 4 3 2 1 3 5 6 8 7 5* 4 5 6 8 7 6 8 10 9 8 10
K=38 *int=2 B=53 i=59476364597) 1 3 5 7 8 7 6 5 4 3 2 1 3 5 7 9 8 7 6 5 4 3 5 7 6 5 7 9 10 8* 7 6 5 4 3 2 1 0 1 3 2 1 3 5 4 3 5 6 8 7 5* 4 5 6 8 10 9 8 7 6 8 10
K=38 *int=2 B=53 i=59476374339) 1 3 5 7 8 7 6 5 4 3 2 1 3 5 7 9 8 7 6 5 4 3 5 7 9 10 9 8 7 6 5 4 3 2 1 0 1 3 2 1 3 5 7 6 4* 3 4 6 9 8 7 6 5 4 6 8* 10 9 8 7 6 8
K=38 *int=5 B=50 i=59476405592) 1 3 5 7 8 7 6 5 4 3 2 1 3 5 7 9 8 7 6 4* 3 6* 9 10 8* 7 6 4* 3 2 1 0 1 3 2 1 3 6 4* 3 4 6 8 7 6 5 4 6 8 10 9 8 7 6 8 10
K=38 *int=2 B=53 i=59476470836) 1 3 5 7 8 7 6 5 4 3 2 1 3 5 7 9 10 9 8 7 6 5 4 3 2 1 0 1 3 5 7 9 8 7 6 5 4 3 2 1 3 5 7 6 4* 3 4 6 9 8 7 6 8* 10 9 8 7 6 5 4 6 8
K=38 *int=3 B=52 i=59479450899) 1 3 5 7 8 7 6 5 4 3 5 7 9 10 9 8 7 6 5 4 3 2 1 0 1 3 2 1 3 5 4 3 5 7 6 5 4 7 9 8 7 5* 3* 2 1 3 4 9 10 9 7* 6 5 4 6 9 8 7 6 8
K=38 *int=3 B=52 i=59489314858) 1 3 5 7 8 7 9 10 9 8 7 6 5 4 3 2 1 0 1 3 5 7 6 5 4 3 2 1 3 5 7 9 8 7 6 5 4 3 2 1 3 5 7 9 8 6* 4* 3 4 6 8* 10 9 8 7 6 5 4 6 8
K=38 *int=2 B=53 i=59505506163) 1 3 5 7 9 8 7 6 5 4 3 2 1 0 1 3 2 1 3 5 4 3 5 7 6 5 7 9 8 7 6 5 4 3 2 1 3 5 4 7 6 9 10 9 7* 6 5 3* 2 1 0 3 4 6 9 8 7 6 5 4 6 8
K=38 *int=2 B=53 i=59508536249) 1 3 5 7 9 8 7 6 5 4 3 2 1 0 1 3 5 7 9 8 7 6 5 4 3 2 1 3 5 4 3 5 7 6 5 4 7 9 8 7 6 9 10 9 7* 6 5 3* 2 1 0 3 4 6 5 4 6 9 8 7 6 8
K=38 *int=2 B=53 i=59510913580) 1 3 5 7 9 8 7 6 5 4 3 2 1 3 5 7 6 5 4 3 5 7 9 8 7 6 5 7 9 10 8* 7 6 5 4 3 2 1 0 1 3 5 4 3 2 3 5 6 8 7 5* 4 5 6 8 7 6 8 10 9 8 10
K=38 *int=2 B=53 i=59511120165) 1 3 5 7 9 8 7 6 5 4 3 2 1 3 5 7 9 8 7 6 5 4 3 5 7 6 5 7 9 10 8* 7 6 5 4 3 2 1 0 1 3 2 3 5 4 3 5 6 8 7 5* 4 5 6 8 10 9 8 7 6 8 10
K=38 *int=2 B=53 i=59511126708) 1 3 5 7 9 8 7 6 5 4 3 2 1 3 5 7 9 8 7 6 5 4 3 5 7 9 10 9 8 7 6 5 4 3 2 1 0 1 3 2 3 5 7 6 4* 3 4 6 9 8 7 6 5 4 6 8* 10 9 8 7 6 8
K=38 *int=5 B=50 i=59511140944) 1 3 5 7 9 8 7 6 5 4 3 2 1 3 5 7 9 8 7 6 4* 3 6* 9 10 8* 7 6 4* 3 2 1 0 1 3 2 3 6 4* 3 4 6 8 7 6 5 4 6 8 10 9 8 7 6 8 10
K=38 *int=2 B=53 i=59511179457) 1 3 5 7 9 8 7 6 5 4 3 2 1 3 5 7 9 10 9 8 7 6 5 4 3 2 1 0 1 3 5 7 9 8 7 6 5 4 3 2 3 5 7 6 4* 3 4 6 9 8 7 6 8* 10 9 8 7 6 5 4 6 8
K=38 *int=3 B=52 i=59512413176) 1 3 5 7 9 8 7 6 5 4 3 5 7 9 10 9 8 7 6 5 4 3 2 1 0 1 3 2 1 3 5 4 3 5 7 6 5 4 7 9 8 7 5* 3* 2 3 4 9 10 9 7* 6 5 4 6 9 8 7 6 8
K=38 *int=3 B=52 i=59515896027) 1 3 5 7 9 8 7 9 10 9 8 7 6 5 4 3 2 1 0 1 3 5 7 6 5 4 3 2 1 3 5 7 9 8 7 6 5 4 3 2 3 5 7 9 8 6* 4* 3 4 6 8* 10 9 8 7 6 5 4 6 8
K=38 *int=2 B=53 i=59519648589) 1 3 5 7 9 10 9 8 7 6 5 4 3 2 1 0 1 3 2 1 3 5 4 3 5 7 6 5 4 3 5 7 9 8 7 6 5 4 2* 1 2 4 7 9 10 9 8 7 6 5 4 3 2 4 6* 9 8 7 6 5 4 6
K=38 *int=2 B=53 i=59519654818) 1 3 5 7 9 10 9 8 7 6 5 4 3 2 1 0 1 3 2 1 3 5 4 3 5 7 6 5 7 9 8 7 6 5 4 3 2 1 3 5 4 7 6 9 10 9 7* 6 5 3* 2 3 4 6 9 8 7 6 5 4 6 8
K=38 *int=5 B=50 i=59519682719) 1 3 5 7 9 10 9 8 7 6 5 4 3 2 1 0 1 3 2 1 3 5 4 7 5* 3* 7 9 8 6* 5 4 2* 1 2 4 6 9 10 9 7* 6 5 4 3 2 4 6 9 8 7 6 5 4 6 8
K=38 *int=2 B=53 i=59519955439) 1 3 5 7 9 10 9 8 7 6 5 4 3 2 1 0 1 3 5 4 3 2 1 3 5 7 6 5 4 3 5 7 9 8 7 6 5 4 2* 1 2 4 7 9 8 7 6 5 4 6* 9 10 9 8 7 6 5 4 3 2 4 6
K=38 *int=2 B=53 i=59520295545) 1 3 5 7 9 10 9 8 7 6 5 4 3 2 1 0 1 3 5 7 9 8 7 6 5 4 3 2 1 3 5 4 3 5 7 6 5 4 7 9 8 7 6 9 10 9 7* 6 5 3* 2 3 4 6 5 4 6 9 8 7 6 8
K=38 *int=2 B=53 i=59521851088) 1 3 5 7 10 9 8 7 6 5 4 3 2 1 0 1 3 2 1 3 5 4 3 5 7 6 5 7 9 8 7 6 5 4 3 2 1 3 5 4 7 6 9 10 9 7* 6 5 3* 2 1 3 4 6 9 8 7 6 5 4 6 8
K=38 *int=2 B=53 i=59524640254) 1 3 5 7 10 9 8 7 6 5 4 3 2 1 0 1 3 5 7 9 8 7 6 5 4 3 2 1 3 5 4 3 5 7 6 5 4 7 9 8 7 6 9 10 9 7* 6 5 3* 2 1 3 4 6 5 4 6 9 8 7 6 8
K=38 *int=2 B=53 i=59545820092) 1 3 5 8 7 6 5 4 3 2 1 3 5 7 6 5 4 3 5 7 9 8 7 6 5 7 9 10 8* 7 6 5 4 3 2 1 0 1 3 5 4 3 2 1 3 5 6 8 7 5* 4 3 5 6 8 7 6 8 10 9 8 10
K=38 *int=2 B=53 i=59546489790) 1 3 5 8 7 6 5 4 3 2 1 3 5 7 9 8 7 6 5 4 3 5 7 6 5 7 9 10 8* 7 6 5 4 3 2 1 0 1 3 2 1 3 5 4 3 5 6 8 7 5* 4 3 5 6 8 10 9 8 7 6 8 10
K=38 *int=4 B=51 i=59552888318) 1 3 5 8 7 6 5 4 3 5 7* 10 9 8 7 6 5 4 3 2 1 0 1 3 2 1 3 5 4 3 5 7 6 5 4 7 8 10 9 7* 5* 3* 2 1 3 4 7 6 5 4 6 8 10 9 8 7 6 8
K=38 *int=4 B=51 i=59576994002) 1 3 5 8 7 10 8* 7 6 5 4 3 2 1 0 1 3 5 7 6 5 4 3 2 1 3 5 7 10 9 8 7 6 5 4 3 2 1 3 5 7 9 8 6* 4* 3 4 6 8* 10 9 8 7 6 5 4 6 8
K=38 *int=4 B=51 i=59592569503) 1 3 5 8 10 9 8 7 6 5 4 3 2 1 0 1 3 5 4 3 5 7* 6 5 7 10 8* 7 6 5 4 3 2 1 3 5 4 3 2 3 5 7 6 5 7 10 8* 7 6 4* 3 4 6 8 7 6 8 10
K=38 *int=6 B=49 i=59593427410) 1 3 5 8 10 9 8 7 6 5 4 3 2 1 0 1 3 5 7* 6 5 4 3 2 1 3 5 4 3 5 6* 5 10 8* 6* 5 4 3 2 1 3 5 10 8* 7 6 4* 3 4 6 8 7 6 8
K=38 *int=2 B=53 i=59617653664) 1 3 5 9 8 7 6 5 4 3 2 1 3 5 7 6 5 4 3 5 7 9 8 7 6 5 7 9 10 8* 7 6 5 4 3 2 1 0 1 3 5 4 3 2 3 5 6 8 7 5* 4 3 5 6 8 7 6 8 10 9 8 10
K=38 *int=2 B=53 i=59617905332) 1 3 5 9 8 7 6 5 4 3 2 1 3 5 7 9 8 7 6 5 4 3 5 7 6 5 7 9 10 8* 7 6 5 4 3 2 1 0 1 3 2 3 5 4 3 5 6 8 7 5* 4 3 5 6 8 10 9 8 7 6 8 10
K=38 *int=2 B=53 i=59739027736) 1 3 6 5 4 3 2 1 3 5 4 3 5 7 6 5 7 8 10 9 7* 6 5 4 3 2 1 0 1 3 5 7 6 5 4 3 2 1 3 5 4 3 5 6 8 7 5* 8 10 9 8 7 6 5 4 3 2 1 3 5 8 10
K=38 *int=2 B=53 i=59750404361) 1 3 6 5 4 3 2 1 3 5 7 6 5 4 3 5 7 8 10 9 7* 6 5 4 3 2 1 0 1 3 5 7 6 5 4 3 2 1 3 5 8 10 9 8 7 6 5 4 3 2 1 3 5 7* 6 5 7 8 10 9 8 10
K=38 *int=4 B=51 i=59769979036) 1 3 6 5 4 3 2 1 3 5* 8 7 6 5 4 3 2 1 3 5 8 9 8 7 6 5 4 3 5 7* 10 9 8 6* 5 4 3 2 1 0 1 3 2 1 3 5* 4 3 5 6 8 7 6 8 10 9 8 10
K=38 *int=4 B=51 i=60021265115) 1 3 6 5 8 10 9 8 6* 5 4 3 2 1 0 1 3 5 4 3 5 8 7 6 5 7 10 9 8 7 6 5 4 3 2 1 3 5 4 3 2 3 5 7 6 9* 7* 5* 4 3 5 6 9 8 7 6 8 10
K=38 *int=6 B=49 i=60021360321) 1 3 6 5 8 10 9 8 6* 5 4 3 2 1 0 1 3 5 8 7 6 5 4 3 2 1 3 5 4 3 5 7 6 10 9 7* 5* 4 3 2 1 3 9* 7* 5* 4 3 5 6 9 8 7 6 8
K=38 *int=4 B=51 i=60025284643) 1 3 6 5 8 6* 5 4 3 2 1 3 5 4 3 5 8 7 6 5 7 9 10 8* 7 6 5 4 3 2 1 0 1 3 5 7* 6 5 4 3 2 1 3 5 4 3 5 6* 5 6 8 10 9 8 7 6 8 10
K=38 *int=2 B=53 i=60120989798) 1 3 6 7 6 8 10 9 8 7 6 5 4 3 2 1 0 1 3 5* 4 3 5 6 8 7 6 8 10 9 8 7 6 5 4 2* 1 2 4 6 5 4 3 2 4 6 8 7 6 5 4 6 8 10 9 8 7 6 5 6 8 10
K=38 *int=6 B=49 i=60193892475) 1 3 6 8 7 6 5 4 3 2 1 3 5* 4 3 8 9 7* 5* 9* 7* 6 5 4 3 2 1 0 1 3 5 4 3 2 1 3 5 7 6 5 4 3 5 7 9 8 6* 5 6 8 10 9 8 10
K=38 *int=4 B=51 i=60194358836) 1 3 6 8 7 6 5 4 3 2 1 3 5* 8 10 9 7* 6 5 4 3 2 1 0 1 3 5 7 6 5 4 3 5 7 9* 8 7 6 5 4 3 2 1 3 5 4 5 7 9 8 6* 5 6 8 10 9 8 10
K=38 *int=2 B=53 i=60200618712) 1 3 6 8 7 6 5 4 3 5* 8 10 9 8 7 6 5 4 3 2 1 0 1 3 2 1 3 5 4 3 5 6 5 8 7 10 8* 7 6 5 4 3 2 1 3 5 7 6 5 4 3 5 7 10 9 8 7 6 5 7 9 8
K=38 *int=3 B=52 i=60210644666) 1 3 6 8 7 6 5 8 10 9 8 6* 5 4 3 2 1 0 1 3 5 4 3 2 1 3 5 6 5 4 3 5 7* 6 5 7 10 8* 7 6 5 4 3 2 1 3 5 4 3 5 7 6 5 7 10 9 8 7 6 5
K=38 *int=4 B=51 i=60210644689) 1 3 6 8 7 6 5 8 10 9 8 6* 5 4 3 2 1 0 1 3 5 4 3 2 1 3 5 6 5 4 3 5 7* 6 5 7 10 8* 7 6 5 4 3 2 1 3 5 4 3 5 7 10 9 8 6* 5 6 8
K=38 *int=5 B=50 i=60213491660) 1 3 6 8 7 6 8 10 9 8 7 6 5 4 3 2 1 0 1 3 5* 4 3 2 1 3 5 8 6* 5 4 8 10 9 7* 5* 3* 2 1 3 4 7 6 5 4 6 8 10 9 8 7 6 5 6 8 10
K=38 *int=2 B=53 i=60213519817) 1 3 6 8 7 6 8 10 9 8 7 6 5 4 3 2 1 0 1 3 5* 4 3 5 6 8 7 6 8 10 9 8 7 6 5 4 2* 1 2 4 6 5 4 3 4 6 8 7 6 5 4 6 8 10 9 8 7 6 5 6 8 10
K=38 *int=4 B=51 i=60245091801) 1 3 6 8 10 9 8 7 6 5 4 3 2 1 0 1 3 2 1 3 5* 4 3 5 8 6* 5 4 3 2 1 3 5 8 10 9 7* 6 5 4 3 2 1 3 5 7 6 8 10 9 8 7 5* 4 3 5 6 8
K=38 *int=3 B=52 i=60245092065) 1 3 6 8 10 9 8 7 6 5 4 3 2 1 0 1 3 2 1 3 5* 4 3 5 8 6* 5 4 3 2 1 3 5 10 8* 7 6 5 4 3 2 1 3 5 7 10 9 8 7 6 5 4 3 5 7 9 8 7 6 5
K=38 *int=2 B=53 i=60247606121) 1 3 6 8 10 9 8 7 6 5 4 3 2 1 0 1 3 5* 4 3 5 6 8 7 6 8 10 9 8 7 6 5 4 2* 1 2 4 6 5 4 3 2 4 6 8 7 6 5 4 6 8 10 9 8 7 6 5 4 3 6 8 10
K=38 *int=2 B=53 i=60247700017) 1 3 6 8 10 9 8 7 6 5 4 3 2 1 0 1 3 5* 8 7 6 5 4 3 2 1 3 5 4 3 5 6 5 8 7 10 8* 7 6 5 4 3 2 1 3 5 7 10 9 8 7 6 5 4 3 5 7 6 5 7 9 8
K=38 *int=4 B=51 i=60247766173) 1 3 6 8 10 9 8 7 6 5 4 3 2 1 0 1 3 5* 8 10 9 8 7 6 4* 3 2 1 3* 6 8 7 6 5 4 3 2 3 6 8 10 9 8 7 6 5 4 3 5* 8 10 9 8 7 6 5 8 10
K=38 *int=3 B=52 i=60247766801) 1 3 6 8 10 9 8 7 6 5 4 3 2 1 0 1 3 5* 8 10 9 8 7 6 4* 2* 1 2 4 6 8 7 6 5 4 3 2 4 6 8 10 9 8 7 6 5 4 3 4 6 8 10 9 8 7 6 5 6 8 10
K=38 *int=2 B=53 i=60283925685) 1 3 6 10 9 8 7 6 5 4 3 2 1 0 1 3 5* 4 3 5 6 8 7 6 8 10 9 8 7 6 5 4 2* 1 2 4 6 5 4 3 2 4 6 8 7 6 5 4 6 8 10 9 8 7 6 5 4 3 2 6 8 10
K=38 *int=3 B=52 i=60284215874) 1 3 6 10 9 8 7 6 5 4 3 2 1 0 1 3 5* 8 10 9 8 7 6 4* 2* 1 2 4 6 8 7 6 5 4 3 2 4 6 8 10 9 8 7 6 5 4 3 2 4 6 8 10 9 8 7 6 5 6 8 10
K=38 *int=2 B=53 i=60425113786) 1 3 7 6 5 4 3 2 1 3 5 4 3 5 7 6 5 7 8 10 9 7* 6 5 4 3 2 1 0 1 3 5 7 6 5 4 3 2 1 3 5 4 3 5 6 8 7 5* 8 10 9 8 7 6 5 4 3 2 1 5 8 10
K=38 *int=2 B=53 i=60430068052) 1 3 7 6 5 4 3 2 1 3 5 7 6 5 4 3 5 7 8 10 9 7* 6 5 4 3 2 1 0 1 3 5 7 6 5 4 3 2 1 3 5 8 10 9 8 7 6 5 4 3 2 1 5 7* 6 5 7 8 10 9 8 10
K=38 *int=2 B=53 i=60547432163) 1 3 7 6 8 10 9 8 7 6 5 4 3 2 1 0 1 3 5* 4 3 5 6 8 7 6 8 10 9 8 7 6 5 4 2* 1 2 4 6 5 4 3 2 4 6 8 7 6 5 4 6 8 10 9 8 7 6 5 4 6 8 10
K=38 *int=4 B=51 i=60664292663) 1 3 7 9 10 8* 7 6 5 4 3 2 1 0 1 3 5* 8 7 6 4* 2* 1 2 4 6 8 7 6 5 4 3 2 4 6 8 10 9 8 7 6 5 4 3 2 4 6 8 10 9 8 7 6 5 4 6 8 10
K=38 *int=5 B=50 i=60735166615) 1 3 8 7 6 8 10 9 8 7 6 5 4 3 2 1 0 1 3 5* 4 3 2 1 3 5 8 6* 5 4 8 10 9 7* 5* 3* 2 1 3 4 7 6 5 4 6 8 10 9 8 7 6 5 4 6 8 10
K=38 *int=2 B=53 i=60735215952) 1 3 8 7 6 8 10 9 8 7 6 5 4 3 2 1 0 1 3 5* 4 3 5 6 8 7 6 8 10 9 8 7 6 5 4 2* 1 2 4 6 5 4 3 4 6 8 7 6 5 4 6 8 10 9 8 7 6 5 4 6 8 10
K=38 *int=2 B=53 i=60778904185) 1 3 8 10 9 8 7 6 5 4 3 2 1 0 1 3 5* 4 3 5 6 8 7 6 8 10 9 8 7 6 5 4 2* 1 2 4 6 5 4 3 2 4 6 8 7 6 5 4 6 8 10 9 8 7 6 5 4 3 4 6 8 10
K=38 *int=3 B=52 i=60779131830) 1 3 8 10 9 8 7 6 5 4 3 2 1 0 1 3 5* 8 10 9 8 7 6 4* 2* 1 2 4 6 8 7 6 5 4 3 2 4 6 8 10 9 8 7 6 5 4 3 4 6 8 10 9 8 7 6 5 4 6 8 10
K=38 *int=2 B=53 i=60822666061) 1 3 10 9 8 7 6 5 4 3 2 1 0 1 3 5* 4 3 5 6 8 7 6 8 10 9 8 7 6 5 4 2* 1 2 4 6 5 4 3 2 4 6 8 7 6 5 4 6 8 10 9 8 7 6 5 4 3 2 4 6 8 10
K=38 *int=3 B=52 i=60823060053) 1 3 10 9 8 7 6 5 4 3 2 1 0 1 3 5* 8 10 9 8 7 6 4* 2* 1 2 4 6 8 7 6 5 4 3 2 4 6 8 10 9 8 7 6 5 4 3 2 4 6 8 10 9 8 7 6 5 4 6 8 10
K=38 *int=2 B=53 i=61427333991) 1 4 3 2 1 3 5 4 3 5 6 8 7 5* 8 10 9 8 7 6 5 4 3 2 1 0 1 3 5 4 3 2 1 3 5 6 5 4 3 5 8 7 6 5 7* 10 9 8 7 6 5 4 3 2 1 3 5 4 3 5 7 10
K=38 *int=2 B=53 i=61502883005) 1 4 3 2 1 3 5 8 10 9 8 7 6 5 4 3 2 1 0 1 3 5 7* 6 5 4 3 2 1 3 5 7 6 5 4 3 5 8 10 9 8 7 6 5 4 3 2 1 3 5 7* 10 9 8 7 6 5 4 3 5 7 10
K=38 *int=4 B=51 i=61726777507) 1 4 3 2 1 3* 6 5 4 3 6 7 6 5 8 10 9 8 6* 5 4 3 2 1 0 1 3 2 1 3 5 4 3 5 8 6* 5 4 3 2 1 3 5* 8 10 9 8 7 6 5 4 3 2 1 3 5 8 10
K=38 *int=6 B=49 i=62970246761) 1 4 3 6 8 7 6 4* 3 2 1 3 6 5 4 3 5 8 7 8* 6* 5 10 8* 6* 5 4 3 2 1 0 1 3 5 4 3 2 1 3 5 6 5 4 3 5 7* 6 5 7 8 10 9 8 10
K=38 *int=4 B=51 i=62970369086) 1 4 3 6 8 7 6 4* 3 2 1 3 6 5 8 7 10 8* 7 6 5 4 3 2 1 0 1 3 5 7 6 5 4 3 5 7 10 8* 7 6 5 4 3 2 1 3 5 4 5 7* 6 5 7 8 10 9 8 10
K=38 *int=4 B=51 i=62987706553) 1 4 3 6 8 10 9 8 7 6 4* 3 2 1 0 1 3 2 1 3 6 5 4 3 5 8 7 6 5 4 3 2 1 3 5 7* 10 9 8 6* 5 4 3 2 1 3 5* 8 10 9 8 7 6 5 4 3 5 8
K=38 *int=4 B=51 i=63019270692) 1 4 3 6 4* 3 2 1 3 6 5 7 8 10 9 7* 6 5 4 3 2 1 0 1 3 5 7 6 5 4 3 2 1 3 5 7* 6 5 4 3 5 10 9 7* 6 5 4 3 2 1 3 5 7 8 10 9 8 10
K=38 *int=2 B=53 i=63718184562) 1 4 5 4 6 8 7 6 5 4 3 2 1 3* 6 8 10 9 8 7 6 5 4 3 2 1 0 1 3 6 8 7 6 5 4 6 8 10 9 8 7 6 5 3* 2 1 3 4 6 5 4 6 8 7 6 8 10 9 8 7 8 10
K=38 *int=2 B=53 i=63723741536) 1 4 5 4 6 8 7 6 8 10 9 8 7 6 5 4 3 2 1 0 1 3* 6 5 4 3 2 1 3 6 8 7 6 5 4 6 8 10 9 8 7 6 5 3* 2 1 3 4 6 8 7 6 5 4 6 8 10 9 8 7 8 10
K=38 *int=4 B=51 i=64263233796) 1 4 6 5 4 3 2 1 0 1 3* 6 8 7 6 5 4 2* 1 4 6 8 7 6 5 4 6 8 10 9 8 7 6 5 4 2* 1 0 1 4 3 6 5 8 10 9 8 6* 5 4 3 2 1 3 5 8 7 10
K=38 *int=4 B=51 i=64263447885) 1 4 6 5 4 3 2 1 0 1 3* 6 8 7 5* 4 3 2 1 3 5 7* 10 9 8 7 6 5 4 3 2 1 0 1 3 5 7 6 5 4 3 5 7 8 10 9 7* 6 5 4 3 2 1 3 5 7 8 10
K=38 *int=6 B=49 i=64340601400) 1 4 6 5 4 3 2 1 3* 6 7 5* 7* 10 9 8 6* 4* 3 2 1 0 1 3 6 5 4 3 2 1 3 5 4 3 5 7 6 5 7 8 10 9 7* 6 5 4 3 2 1 3 5 7 8 10
K=38 *int=2 B=53 i=64340688620) 1 4 6 5 4 3 2 1 3* 6 8 7 6 5 4 3 2 1 0 1 3 6 8 9 7* 6 5 4 3 2 1 3 5 7 6 5 4 3 5 7 6 5 7 9 8 7 9 10 9 8 7 6 5 4 3 2 1 0 1 3 5 7
K=38 *int=2 B=53 i=64340747717) 1 4 6 5 4 3 2 1 3* 6 8 7 6 5 4 3 2 1 3 6 8 9 7* 6 5 4 3 5 7 6 5 7 9 10 9 8 7 6 5 4 3 2 1 0 1 3 2 1 3 5 4 3 5 7 6 5 7 9 8 7 9 10
K=38 *int=4 B=51 i=64341507150) 1 4 6 5 4 3 2 1 3* 6 8 7 5* 4 3 5 7* 10 9 8 7 6 5 4 3 2 1 0 1 3 2 1 3 5 4 3 5 7 6 5 4 3 5 7 8 10 9 7* 6 5 4 3 2 1 3 7 8 10
K=38 *int=2 B=53 i=64418304337) 1 4 6 5 4 3 6 8 7 6 8 9 10 8* 7 6 4* 3 2 1 0 1 3 6 5 4 3 2 1 3 5 8 7 6 5 4 3 2 1 3 5 7 9 8 7 6 5 4 3 5 7 9 8 7 6 5 7 9 10 9 8 7
K=38 *int=3 B=52 i=64418917262) 1 4 6 5 4 3 6 8 7 6 4* 3 2 1 0 1 3 2 1 3 4 3 5* 8 9 7* 6 5 4 3 2 1 3 5 7 6 5 4 3 5 7 9 10 9 8 7 6 5 4 3 2 1 0 1 3 5 7 9 8 7
K=38 *int=3 B=52 i=64419664566) 1 4 6 5 4 3 6 8 7 6 4* 3 2 1 3 8 9 10 8* 6* 5 4 3 2 1 0 1 3 5 8 7 6 5 4 3 2 1 3 5 7 9 8 7 6 5 4 3 5 7 6 5 7 9 8 7 9 10 9 8 7
K=38 *int=4 B=51 i=64419664578) 1 4 6 5 4 3 6 8 7 6 4* 3 2 1 3 8 9 10 8* 6* 5 4 3 2 1 0 1 3 5 8 7 6 5 4 3 2 1 3 5 7 9 8 7 6 5 4 3 5 7 6 5 7 9 10 8* 7 8 10
K=38 *int=2 B=53 i=64455874220) 1 4 6 5 4 6 8 7 6 5 4 3 2 1 3* 6 8 10 9 8 7 6 5 4 3 2 1 0 1 3 6 8 7 6 5 4 6 8 10 9 8 7 6 5 3* 2 1 3 4 6 5 6 8 7 6 8 10 9 8 7 8 10
K=38 *int=5 B=50 i=64455879411) 1 4 6 5 4 6 8 7 6 5 4 3 2 1 3* 6 8 10 9 8 7 5* 4 3 2 1 0 1 3 5 7* 10 9 8 6* 5 4 3 2 1 3 5* 4 3 5 6 8 7 6 8 10 9 8 7 8 10
K=38 *int=2 B=53 i=64459313196) 1 4 6 5 4 6 8 7 6 8 10 9 8 7 6 5 4 3 2 1 0 1 3* 6 5 4 3 2 1 3 6 8 7 6 5 4 6 8 10 9 8 7 6 5 3* 2 1 3 4 6 8 7 6 5 6 8 10 9 8 7 8 10
K=38 *int=2 B=53 i=64766437067) 1 4 6 8 7 6 5 4 3 2 1 0 1 3* 6 5 4 3 2 1 3 6 8 9 7* 6 5 4 3 2 1 3 5 7 6 5 4 3 5 7 9 8 7 6 5 7 9 10 9 8 7 6 5 4 3 2 1 0 1 3 5 7
K=38 *int=3 B=52 i=64767241555) 1 4 6 8 7 6 5 4 3 2 1 0 1 3* 6 8 9 7* 5* 4 3 2 1 3 5 4 3 5 7 6 5 7 9 8 7 9 10 9 8 7 6 5 4 3 2 1 0 1 3 5 4 3 5 7 6 5 7 9 8 7
K=38 *int=2 B=53 i=64776802127) 1 4 6 8 7 6 5 4 3 2 1 3* 6 5 4 3 6 8 9 7* 6 5 7 9 10 9 8 7 6 5 4 3 2 1 0 1 3 5 4 3 2 1 3 5 7 6 5 4 3 5 7 9 8 7 6 5 7 9 8 7 9 10
K=38 *int=4 B=51 i=64777281322) 1 4 6 8 7 6 5 4 3 2 1 3* 6 8 7 6 5 4 6 8 10 9 8 7 6 5 3* 2 1 0 1 3 6 8 10 9 8 7 6 4* 3 2 1 3 6 5 4 5 8 7 6 5 7* 10 9 8 7 10
K=38 *int=3 B=52 i=64777281559) 1 4 6 8 7 6 5 4 3 2 1 3* 6 8 7 6 5 4 6 8 10 9 8 7 6 5 3* 2 1 0 1 6 8 10 9 8 7 6 5 3* 2 1 3 4 6 5 4 6 8 7 6 5 6 8 10 9 8 7 8 10
K=38 *int=4 B=51 i=64777438532) 1 4 6 8 7 6 5 4 3 2 1 3* 6 8 9 8 7 5* 4 3 5 7* 10 9 8 7 6 5 4 3 2 1 0 1 3 2 1 3 5 4 3 5 7 6 5 4 3 5 7 8 10 9 7* 6 5 7 8 10
K=38 *int=3 B=52 i=64777484363) 1 4 6 8 7 6 5 4 3 2 1 3* 6 8 9 7* 5* 4 3 5 7 9 10 9 8 7 6 5 4 3 2 1 0 1 3 2 1 3 5 4 3 5 7 6 5 4 3 5 7 9 8 7 6 5 7 9 10 9 8 7
K=38 *int=2 B=53 i=64777497405) 1 4 6 8 7 6 5 4 3 2 1 3* 6 8 10 9 8 7 6 5 4 3 2 1 0 1 3 6 8 7 6 5 4 6 8 10 9 8 7 6 5 3* 2 1 3 4 6 5 4 6 8 7 6 8 10 9 8 7 6 5 8 10
K=38 *int=2 B=53 i=64784081749) 1 4 6 8 7 6 5 4 3 6 8 9 10 8* 7 6 4* 3 2 1 0 1 3 2 1 3 6 5 4 3 5 8 7 6 5 4 3 2 1 3 5 7 9 8 7 6 5 4 3 5 7 9 10 9 8 7 6 5 7 9 8 7
K=38 *int=5 B=50 i=64784409545) 1 4 6 8 7 6 5 4 3 6 8 10 9 8 7 6 4* 3 2 1 0 1 3 2 1 3 6 4* 3 6 8 7 10 8* 6* 4* 3 2 1 3 6 5 4 3 5 7 10 9 8 7 6 5 7 9 8 7
K=38 *int=4 B=51 i=64786581956) 1 4 6 8 7 6 5 4 6 8 10 9 8 7 6 5 4 3 2 1 0 1 3* 2 1 6 5 3* 6 8 7 6 5 4 6 8 10 9 8 7 6 5 3* 2 1 3 4 6 5 8 10 9 8 6* 5 8 7 10
K=38 *int=3 B=52 i=64786581978) 1 4 6 8 7 6 5 4 6 8 10 9 8 7 6 5 4 3 2 1 0 1 3* 2 1 6 5 3* 6 8 7 6 5 4 6 8 10 9 8 7 6 5 3* 2 1 3 4 6 8 10 9 8 7 6 5 6 8 7 8 10
K=38 *int=2 B=53 i=64798109914) 1 4 6 8 7 6 8 10 9 8 7 6 5 4 3 2 1 0 1 3* 6 5 4 3 2 1 3 6 8 7 6 5 4 6 8 10 9 8 7 6 5 3* 2 1 3 4 6 8 7 6 5 4 6 8 10 9 8 7 6 5 8 10
K=38 *int=6 B=49 i=64831281522) 1 4 6 8 10 9 8 7 6 5 4 3 2 1 0 1 3* 6 5 6 8 7 6 8 10 9 8 7 6 4* 2* 1 6 4* 2* 4 3 6 8 7 6 5 8 10 9 8 6* 5 4 3 5 8 7 10
K=38 *int=4 B=51 i=64831358857) 1 4 6 8 10 9 8 7 6 5 4 3 2 1 0 1 3* 6 8 7 6 5 4 2* 1 4 6 5 4 6 8 7 6 8 10 9 8 7 6 5 4 2* 1 4 3 6 5 8 10 9 8 6* 5 4 3 5 8 7
K=38 *int=3 B=52 i=65214099476) 1 4 8 7 6 5 4 3 2 1 3* 6 8 7 6 5 4 6 8 10 9 8 7 6 5 3* 2 1 0 1 6 8 10 9 8 7 6 5 3* 2 1 3 4 6 5 4 6 8 7 6 5 4 6 8 10 9 8 7 8 10
K=38 *int=2 B=53 i=65214352963) 1 4 8 7 6 5 4 3 2 1 3* 6 8 10 9 8 7 6 5 4 3 2 1 0 1 3 6 8 7 6 5 4 6 8 10 9 8 7 6 5 3* 2 1 3 4 6 5 4 6 8 7 6 8 10 9 8 7 6 5 4 8 10
K=38 *int=3 B=52 i=65227134475) 1 4 8 7 6 5 4 6 8 10 9 8 7 6 5 4 3 2 1 0 1 3* 2 1 6 5 3* 6 8 7 6 5 4 6 8 10 9 8 7 6 5 3* 2 1 3 4 6 8 10 9 8 7 6 5 4 6 8 7 8 10
K=38 *int=2 B=53 i=65246561918) 1 4 8 7 6 8 10 9 8 7 6 5 4 3 2 1 0 1 3* 6 5 4 3 2 1 3 6 8 7 6 5 4 6 8 10 9 8 7 6 5 3* 2 1 3 4 6 8 7 6 5 4 6 8 10 9 8 7 6 5 4 8 10
K=38 *int=4 B=51 i=65295200564) 1 4 8 10 9 8 7 6 5 4 3 2 1 0 1 3* 6 8 7 6 5 4 2* 1 4 6 8 7 6 5 4 6 8 10 9 8 7 6 5 4 2* 1 4 3 6 5 8 10 9 8 6* 5 4 3 5 8 7 10
K=38 *int=4 B=51 i=65295238907) 1 4 8 10 9 8 7 6 5 4 3 2 1 0 1 3* 6 8 7 5* 4 3 2 1 3 5 7* 10 9 8 7 6 5 4 3 2 1 3 5 7 6 5 4 3 5 7 8 10 9 7* 6 5 4 3 5 7 8 10
K=38 *int=3 B=52 i=65840091447) 1 5 4 3 2 1 0 3 5 4 3 5 7 6 5 7 9 8 7 6 5 4 3 1* 0 3 5 4 2* 5 7 6 5 4 5 7 9 8 7 6 5 7 9 10 9 8 7 6 5 3* 2 1 0 2 5 4 3 2 4 7
K=38 *int=2 B=53 i=65872641048) 1 5 4 3 2 1 0 3 5 7 6 5 4 3 5 7 9 8 7 6 5 4 3 1* 0 3 2 5 4 5 7 6 5 7 9 8 7 9 10 9 8 7 6 5 4 3 2 1 0 2 4* 7 6 5 4 3 2 4 7 9 8 7
K=38 *int=2 B=53 i=65971193281) 1 5 4 3 2 1 3 5 4 3 5 6 8 7 5* 8 10 9 8 7 6 5 4 3 2 1 0 1 3 5 4 3 2 1 3 5 6 5 4 3 5 8 7 6 5 7* 10 9 8 7 6 5 4 3 2 1 3 5 4 3 7 10
K=38 *int=3 B=52 i=66012750155) 1 5 4 3 2 1 3 5 7 6 5 4 3 2 1 0 3 5 7 9 8 7 6 5 4 3 1* 0 5 7 9 8 7 6 5 3* 2 5 7 6 4* 7 9 8 7 9 10 9 8 7 6 5 4 3 2 1 0 2 4 7
K=38 *int=2 B=53 i=66032730529) 1 5 4 3 2 1 3 5 8 10 9 8 7 6 5 4 3 2 1 0 1 3 5 7* 6 5 4 3 2 1 3 5 7 6 5 4 3 5 8 10 9 8 7 6 5 4 3 2 1 3 5 7* 10 9 8 7 6 5 4 3 7 10
K=38 *int=2 B=53 i=66408480275) 1 5 4 3 5 7 6 5 4 3 2 1 0 3 5 7 9 8 7 6 5 4 3 1* 0 3 2 5 4 5 7 6 5 7 9 8 7 6 5 4 3 2 4* 7 9 10 9 8 7 6 5 4 3 2 1 0 2 4 7 9 8 7
K=38 *int=2 B=53 i=66757810873) 1 5 4 6 8 7 6 5 4 3 2 1 3* 6 8 10 9 8 7 6 5 4 3 2 1 0 1 3 6 8 7 6 5 4 6 8 10 9 8 7 6 5 3* 2 1 3 4 6 5 4 6 8 7 6 8 10 9 8 7 6 8 10
K=38 *int=2 B=53 i=66766825774) 1 5 4 6 8 7 6 8 10 9 8 7 6 5 4 3 2 1 0 1 3* 6 5 4 3 2 1 3 6 8 7 6 5 4 6 8 10 9 8 7 6 5 3* 2 1 3 4 6 8 7 6 5 4 6 8 10 9 8 7 6 8 10
K=38 *int=4 B=51 i=67555190945) 1 5 7 6 5 4 3 2 1 0 3 5 4 3 5 7 9 8 7 6 5 4 3 1* 0 3 5 7 9 8 7 6 5 4 2* 5 7 6 5 7 9 10 8* 7 6 4* 3 2 1 0 2 4 6 8 7 6 8 10
K=38 *int=4 B=51 i=67556962206) 1 5 7 6 5 4 3 2 1 0 3 5 4 7 9 8 7 5* 3* 1* 0 3 2 4 7 6 5 4 6 9 8 7 6 5 4 3 2 4 6 8* 10 9 8 7 6 5 4 3 2 1 0 2 4 6 8 7 6 8
K=38 *int=4 B=51 i=67577609674) 1 5 7 6 5 4 3 2 1 3 5 7 9 8 7 6 4* 3 2 4 6* 9 10 8* 7 6 5 4 3 1* 0 1 2 4 6 8 7 6 5 4 3 2 4 6 5 4 6 8 7 6 8 10 9 8 7 6 8 10
K=38 *int=6 B=49 i=67624980014) 1 5 7 6 5 4 7 8 10 9 7* 5* 3* 2 1 0 1 3 2 4* 6* 5 4 3 1* 4 6 8 10 9 8 7 6 5 4 3 2 1 4 6 8 7 6 5 4 6 8 10 9 8 7 6 8 10
K=38 *int=6 B=49 i=67651881869) 1 5 7 6 5 7 9 10 8* 7 6 4* 3 2 1 0 1 3* 5* 8 7 6 4* 2* 1 2 4 6 8 10 9 8 7 6 5 4 3 2 4 6 8 7 6 5 4 6 8 10 9 8 7 6 8 10
K=38 *int=4 B=51 i=67737740420) 1 5 7 8 10 9 7* 6 5 4 3 2 1 0 1 3 5 7 6 4* 3 2 1 3* 6 8 7 6 5 4 6 8 10 9 8 7 6 5 3* 2 1 3 4 6 8 10 9 8 7 6 5 4 6 8 7 6 8 10
K=38 *int=4 B=51 i=67742240254) 1 5 7 8 6* 5 4 3 2 1 3* 6 5 4 6 8 10 9 8 7 6 5 3* 2 1 0 1 6 8 10 9 8 7 6 5 3* 2 1 3 4 6 5 4 6 8 7 6 5 4 6 8 10 9 8 7 6 8 10
K=38 *int=4 B=51 i=67762478451) 1 5 7 9 8 7 6 5 4 3 2 4* 7 9 10 8* 6* 5 4 3 1* 0 1 2 4 6 5 4 3 2 4 6 8 7 6 5 4 3 2 4 6 8 10 9 8 7 6 5 4 6 8 10 9 8 7 6 8 10
K=38 *int=4 B=51 i=67871669437) 1 5 8 10 9 8 7 6 5 4 3 2 1 0 1 3 5 4 3 5 7* 6 5 4 3 2 1 3 5 7 10 8* 7 6 5 4 3 2 1 3 5 7 6 5 7 10 8* 7 6 4* 3 4 6 8 7 6 8 10
K=38 *int=4 B=51 i=67871998440) 1 5 8 10 9 8 7 6 5 4 3 2 1 0 1 3 5 4 7* 5* 3* 2 1 3 4 7 6 5 4 6 8 10 9 8 7 6 5 4 3 2 1 3* 6 8 10 9 8 7 6 5 4 3 6 8 7 6 8 10
K=38 *int=2 B=53 i=68331216366) 1 6 5 4 6 8 7 6 5 4 3 2 1 3* 6 8 10 9 8 7 6 5 4 3 2 1 0 1 3 6 8 7 6 5 4 6 8 10 9 8 7 6 5 3* 2 1 3 4 6 5 6 8 7 6 8 10 9 8 7 6 8 10
K=38 *int=5 B=50 i=68331224088) 1 6 5 4 6 8 7 6 5 4 3 2 1 3* 6 8 10 9 8 7 5* 4 3 2 1 0 1 3 5 7* 10 9 8 6* 5 4 3 2 1 3 5* 4 3 5 6 8 7 6 8 10 9 8 7 6 8 10
K=38 *int=2 B=53 i=68336688417) 1 6 5 4 6 8 7 6 8 10 9 8 7 6 5 4 3 2 1 0 1 3* 6 5 4 3 2 1 3 6 8 7 6 5 4 6 8 10 9 8 7 6 5 3* 2 1 3 4 6 8 7 6 5 6 8 10 9 8 7 6 8 10
K=38 *int=4 B=51 i=68572087305) 1 6 5 8 10 9 8 6* 5 4 3 2 1 0 1 3 5 4 3 5 8 7 6 5 4 3 2 1 3 5 7 10 9 8 7 6 5 4 3 2 1 3 5 7 6 9* 7* 5* 4 3 5 6 9 8 7 6 8 10
K=38 *int=3 B=52 i=68806823832) 1 6 8 7 6 5 4 3 2 1 3* 6 8 7 6 5 4 6 8 10 9 8 7 6 5 3* 2 1 0 1 6 8 10 9 8 7 6 5 3* 2 1 3 4 6 5 4 6 8 7 6 5 6 8 10 9 8 7 6 8 10
K=38 *int=2 B=53 i=68807037932) 1 6 8 7 6 5 4 3 2 1 3* 6 8 10 9 8 7 6 5 4 3 2 1 0 1 3 6 8 7 6 5 4 6 8 10 9 8 7 6 5 3* 2 1 3 4 6 5 4 6 8 7 6 8 10 9 8 7 6 5 6 8 10
K=38 *int=2 B=53 i=68818394381) 1 6 8 7 6 5 4 3 5* 8 10 9 8 7 6 5 4 3 2 1 0 1 3 2 1 3 5 4 3 5 6 5 8 7 10 8* 7 6 5 4 3 2 1 3 5 7 6 5 4 3 5 7 10 9 8 7 6 5 7 9 8 7
K=38 *int=3 B=52 i=68820540918) 1 6 8 7 6 5 4 6 8 10 9 8 7 6 5 4 3 2 1 0 1 3* 2 1 6 5 3* 6 8 7 6 5 4 6 8 10 9 8 7 6 5 3* 2 1 3 4 6 8 10 9 8 7 6 5 6 8 7 6 8 10
K=38 *int=3 B=52 i=68830383942) 1 6 8 7 6 5 8 10 9 8 6* 5 4 3 2 1 0 1 3 5 4 3 2 1 3 5 6 5 4 3 5 7* 6 5 7 10 8* 7 6 5 4 3 2 1 3 5 4 3 5 7 6 5 7 10 9 8 7 6 5 7
K=38 *int=2 B=53 i=68835468508) 1 6 8 7 6 8 10 9 8 7 6 5 4 3 2 1 0 1 3* 6 5 4 3 2 1 3 6 8 7 6 5 4 6 8 10 9 8 7 6 5 3* 2 1 3 4 6 8 7 6 5 4 6 8 10 9 8 7 6 5 6 8 10
K=38 *int=3 B=52 i=68870526311) 1 6 8 10 9 8 7 6 5 4 3 2 1 0 1 3 2 1 3 5* 4 3 5 8 6* 5 4 3 2 1 3 5 10 8* 7 6 5 4 3 2 1 3 5 7 10 9 8 7 6 5 4 3 5 7 9 8 7 6 5 7
K=38 *int=2 B=53 i=68873399923) 1 6 8 10 9 8 7 6 5 4 3 2 1 0 1 3 5* 8 7 6 5 4 3 2 1 3 5 4 3 5 6 5 8 7 10 8* 7 6 5 4 3 2 1 3 5 7 10 9 8 7 6 5 4 3 5 7 6 5 7 9 8 7
K=38 *int=3 B=52 i=69344660989) 1 8 7 6 5 4 3 2 1 3* 6 8 7 6 5 4 6 8 10 9 8 7 6 5 3* 2 1 0 1 6 8 10 9 8 7 6 5 3* 2 1 3 4 6 5 4 6 8 7 6 5 4 6 8 10 9 8 7 6 8 10
K=38 *int=2 B=53 i=69344880348) 1 8 7 6 5 4 3 2 1 3* 6 8 10 9 8 7 6 5 4 3 2 1 0 1 3 6 8 7 6 5 4 6 8 10 9 8 7 6 5 3* 2 1 3 4 6 5 4 6 8 7 6 8 10 9 8 7 6 5 4 6 8 10
K=38 *int=3 B=52 i=69363533715) 1 8 7 6 5 4 6 8 10 9 8 7 6 5 4 3 2 1 0 1 3* 2 1 6 5 3* 6 8 7 6 5 4 6 8 10 9 8 7 6 5 3* 2 1 3 4 6 8 10 9 8 7 6 5 4 6 8 7 6 8 10
K=38 *int=2 B=53 i=69386562610) 1 8 7 6 8 10 9 8 7 6 5 4 3 2 1 0 1 3* 6 5 4 3 2 1 3 6 8 7 6 5 4 6 8 10 9 8 7 6 5 3* 2 1 3 4 6 8 7 6 5 4 6 8 10 9 8 7 6 5 4 6 8 10
K=38 *int=2 B=53 i=70857902858) 2 1 0 2 4 3 2 1 0 2 4 6 5 4 3 2 4 6 8 7 6 5 4 3 2 4 6 8 10 9 8 7 6 5 4 3 1* 0 1 3 6 8 10 9 8 7 6 5 4 3 2 1 3 5* 8 7 6 5 4 3 5 10
K=38 *int=2 B=53 i=70857971094) 2 1 0 2 4 3 2 1 0 2 4 6 5 4 3 2 4 6 8 7 6 5 4 6 8 9 8 7 6 5 4 3 2 1 0 2 4 3 6 5 8 10 9 8 6* 5 4 2* 1 0 2 3 5 8 7 6 5 4 3 5 7 10
K=38 *int=2 B=53 i=70857993533) 2 1 0 2 4 3 2 1 0 2 4 6 5 4 3 2 4 6 8 7 6 5 4 6 8 10 9 8 7 6 5 4 3 2 1 0 2 4 3 6 5 8 10 9 8 6* 5 4 2* 1 2 3 5 8 7 6 5 4 3 5 7 10
K=38 *int=5 B=50 i=70859130664) 2 1 0 2 4 3 2 1 0 2 4 6 5 4 3 6 8 7 6 4* 2* 6 8 10 9 8 7 5* 4 3 1* 0 1 3 5 8 10 9 8 6* 5 4 3 2 1 3 5 8 7 6 5 4 3 5 7 10
K=38 *int=2 B=53 i=71006590307) 2 1 0 2 4 3 2 4 6 5 4 3 2 1 0 2 4 6 8 7 6 5 4 3 2 4 6 8 10 9 8 7 6 5 4 3 1* 0 1 3 6 8 7 6 5 4 3 5* 8 10 9 8 7 6 5 4 3 2 1 3 5 10
K=38 *int=2 B=53 i=71016926386) 2 1 0 2 4 3 2 4 6 5 4 6 8 7 6 8 9 8 7 6 5 4 3 2 1 0 2 4 3 2 4 6 5 4 3 6 8 7 6 5 8 10 9 8 6* 5 4 2* 1 0 2 3 5 4 3 5 8 7 6 5 7 10
K=38 *int=2 B=53 i=71017106378) 2 1 0 2 4 3 2 4 6 5 4 6 8 7 6 8 10 9 8 7 6 5 4 3 2 1 0 2 4 3 2 4 6 5 4 3 6 8 7 6 5 8 10 9 8 6* 5 4 2* 1 2 3 5 4 3 5 8 7 6 5 7 10
K=38 *int=3 B=52 i=71017567998) 2 1 0 2 4 3 2 4 6 5 4 6 8 9 8 7 6 5 4 3 2 1 0 2 4 6 8 10 9 8 7 6 5 4 3 2 1 0 2 4 6 8 7 5* 3* 2 3 5 7* 10 9 8 7 6 5 4 3 5 7 10
K=38 *int=3 B=52 i=71017872793) 2 1 0 2 4 3 2 4 6 5 4 6 8 10 9 8 7 6 5 4 3 2 1 0 2 4 6 8 10 9 8 7 6 5 4 3 2 1 2 4 6 8 7 5* 3* 2 3 5 7* 10 9 8 7 6 5 4 3 5 7 10
K=38 *int=3 B=52 i=71416231605) 2 1 0 2 4 6 8 9 8 7 6 5 4 3 2 1 0 2 4 6 5 4 3 2 4 6 8 7 6 5 4 3 6 8 10 9 8 7 6 4* 2* 1 0 2 3 8 10 9 8 6* 5 4 3 5 8 7 6 5 7 10
K=38 *int=3 B=52 i=71418003738) 2 1 0 2 4 6 8 10 9 8 7 6 5 4 3 2 1 0 2 4 6 5 4 3 2 4 6 8 7 6 5 4 3 6 8 10 9 8 7 6 4* 2* 1 2 3 8 10 9 8 6* 5 4 3 5 8 7 6 5 7 10
K=38 *int=2 B=53 i=71767274090) 2 1 0 2 5 7 6 5 4 3 2 4* 7 9 8 7 6 5 4 3 2 1 0 2 4 7 9 10 8* 7 6 5 4 3 2 1 0 2 4 6 8 7 6 5 4 3 2 4 6 8 7 6 5 4 6 8 10 9 8 7 6 10
K=38 *int=2 B=53 i=71792610247) 2 1 0 2 5 7 9 8 7 6 5 4 3 2 1 0 2 4* 7 6 5 4 3 2 4 7 9 10 8* 7 6 5 4 3 2 1 0 2 4 6 8 7 6 5 4 3 2 4 6 8 10 9 8 7 6 5 4 6 8 7 6 10
K=38 *int=2 B=53 i=76688909856) 2 1 3 5 4 3 2 1 0 3 5 7 6 5 4 3 5 7 9 8 7 6 5 4 3 1* 0 3 2 5 4 5 7 6 5 7 9 8 7 9 10 9 8 7 6 5 4 3 2 1 0 2 4* 7 6 5 4 3 2 4 7 9
K=38 *int=2 B=53 i=76795990296) 2 1 3 5 4 3 5 7 6 5 4 3 2 1 0 3 5 7 9 8 7 6 5 4 3 1* 0 3 2 5 4 5 7 6 5 7 9 8 7 6 5 4 3 2 4* 7 9 10 9 8 7 6 5 4 3 2 1 0 2 4 7 9
K=38 *int=2 B=53 i=77332936410) 2 1 3 6 8 7 6 5 4 3 5* 8 10 9 8 7 6 5 4 3 2 1 0 1 3 2 1 3 5 4 3 5 6 5 8 7 10 8* 7 6 5 4 3 2 1 3 5 7 6 5 4 3 5 7 10 9 8 7 6 5 7 9
K=38 *int=2 B=53 i=77351350214) 2 1 3 6 8 10 9 8 7 6 5 4 3 2 1 0 1 3 5* 8 7 6 5 4 3 2 1 3 5 4 3 5 6 5 8 7 10 8* 7 6 5 4 3 2 1 3 5 7 10 9 8 7 6 5 4 3 5 7 6 5 7 9
K=38 *int=4 B=51 i=78723518574) 2 1 4 6 5 4 2* 1 0 1 4 3 6 5 8 6* 5 4 3 2 1 3 5 8 10 9 7* 6 5 4 3 2 1 0 1 3 5 7 6 5 4 3 5 7* 10 9 8 7 6 5 4 3 2 1 3 5 7 10
K=38 *int=4 B=51 i=78738178461) 2 1 4 6 5 4 2* 1 4 3 6 5 8 6* 5 4 3 5 8 10 9 7* 6 5 4 3 2 1 0 1 3 2 1 3 5 4 3 5 7 6 5 4 3 5 7* 10 9 8 7 6 5 4 3 2 1 3 7 10
K=38 *int=6 B=49 i=78738335897) 2 1 4 6 5 4 2* 1 4 3 6 5 6* 8 10 9 7* 5* 4 3 2 1 0 1 3 5 6* 5 4 3 2 1 3 5 4 3 5 6 5 7* 10 9 8 7 6 5 4 3 2 1 3 5 7 10
K=38 *int=4 B=51 i=78873858330) 2 1 4 6 8 7 6 5 4 2* 1 4 3 6 5 8 9 8 6* 5 4 3 5 8 10 9 7* 6 5 4 3 2 1 0 1 3 2 1 3 5 4 3 5 7 6 5 4 3 5 7* 10 9 8 7 6 5 7 10
K=38 *int=4 B=51 i=79091525768) 2 1 4 8 10 9 8 7 6 5 4 2* 1 0 1 4 3 6 5 8 6* 5 4 3 2 1 3 5 8 10 9 7* 6 5 4 3 2 1 3 5 7 6 5 4 3 5 7* 10 9 8 7 6 5 4 3 5 7 10
K=38 *int=4 B=51 i=79187642393) 2 1 4 2* 1 4 3 5 6 8 7 5* 4 3 5 8 10 9 8 6* 5 4 3 2 1 0 1 3 2 1 3 5 4 3 5 6 5 7* 10 9 8 7 6 5 4 3 2 1 3 5 7 6 5 4 3 5 7 10
K=38 *int=2 B=53 i=83318595508) 2 3 2 4 6 5 4 3 2 1 4 6 8 7 6 5 4 6 8 10 9 8 7 6 5 4 2* 1 0 1 4 3 2 1 3 6 5 4 6 8 7 6 5 3* 6 8 10 9 8 7 6 5 4 3 2 1 3 6 8 10 9 10
K=38 *int=2 B=53 i=83350445808) 2 3 2 4 6 5 4 6 8 7 6 5 4 3 2 1 4 6 8 10 9 8 7 6 5 4 2* 1 0 1 4 3 6 5 6 8 7 6 8 10 9 8 7 6 5 4 3 2 1 3 5* 4 3 5 6 8 7 6 8 10 9 10
K=38 *int=3 B=52 i=86795890563) 2 4 3 2 1 0 2 4 3 2 4 6 5 4 6 8 7 6 5 4 3 2 4 6 8 10 9 8 7 6 5 4 3 1* 0 1 3* 6 5 6 8 7 6 8 10 9 8 7 6 4* 3 2 1 3 6 5 4 3 5 10
K=38 *int=3 B=52 i=86947726712) 2 4 3 2 1 0 2 4 6 5 4 3 2 1 0 2 4 6 8 7 6 5 4 3 2 4 6 8 7 6 5 4 6 8 10 9 8 7 6 5 3* 1* 0 1 3 5* 8 10 9 8 7 6 5 4 3 2 1 3 5 10
K=38 *int=2 B=53 i=86961141497) 2 4 3 2 1 0 2 4 6 5 4 3 2 4 6 8 7 6 5 4 3 2 4 6 8 10 9 8 7 6 5 4 3 1* 0 1 3 6 8 10 9 8 7 6 5 4 3 2 1 3 5* 8 7 6 5 4 3 5 8 10 9 10
K=38 *int=4 B=51 i=86965692579) 2 4 3 2 1 0 2 4 6 5 4 3 6 7 9 8 6* 4* 2* 1 0 2 3 6 5 4 3 5 7 6 5 7 9 8 7 9 10 9 8 7 6 5 4 3 2 1 0 2* 5 7 6 5 4 3 2 5 7 9
K=38 *int=4 B=51 i=86971191810) 2 4 3 2 1 0 2 4 6 5 4 6 8 7 6 5 4 3 2 1 0 2 4 3 2 4 6 5 4 6 8 9 7* 6 5 4 3 2 4 6* 9 10 9 8 7 5* 4 3 1* 0 1 3 5 4 3 5 7 9
K=38 *int=4 B=51 i=86972460183) 2 4 3 2 1 0 2 4 6 5 4 6 8 9 7* 6 5 3* 2 1 0 2* 5 7 6 5 4 3 5 7 6 5 7 9 8 7 9 10 9 8 7 6 5 4 2* 1 0 2 3 5 7 6 5 4 3 5 7 9
K=38 *int=4 B=51 i=86972608766) 2 4 3 2 1 0 2 4 6 5 4 6 9 8 7 6 5 4 3 2 1 0 2 4 3 2 4 6 5 4 6 8* 7 6 5 4 3 6 8 7 9 10 9 8 6* 4* 2* 1 0 2 3 6 5 4 3 5 7 9
K=38 *int=2 B=53 i=87292559006) 2 4 3 2 1 0 1* 4 6 5 4 3 2 1 4 6 7 5* 4 3 5 7 8 7 9 10 9 8 7 6 5 4 3 2 1 0 1 3 5 7 6 5 4 3 2 1 3 5 7 9 8 7 6 5 4 3 2 1 3 5 7 9
K=38 *int=2 B=53 i=87292560913) 2 4 3 2 1 0 1* 4 6 5 4 3 2 1 4 6 7 5* 4 3 5 7 9 8 7 9 10 9 8 7 6 5 4 3 2 1 0 1 3 5 7 6 5 4 3 2 1 3 5 7 9 8 7 6 5 4 3 2 3 5 7 9
K=38 *int=6 B=49 i=87608321423) 2 4 3 2 1 4 5 7 6 4* 2* 0* 7 9 8 7 6 4* 2* 1 0 4 3 5 7 6 5 7 9 8 7 6 5 4 3 2 5 7 9 10 9 8 7 6 5 3* 2 1 0 2 5 4 7 9
K=38 *int=6 B=49 i=87624393907) 2 4 3 2 1 4 5 8 10 9 8 6* 4* 2* 1 0 1 8 6* 4* 3 2 1 3 6 5 4 3 5 7 10 9 8 7 6 5 4 3 2 1 3 5 7 9* 8 7 6 5 4 3 5 7 9 10
K=38 *int=2 B=53 i=87650808771) 2 4 3 2 1 4 6 5 4 6 7 8 6* 5 4 2* 1 0 1 4 3 2 1 3 6 5 4 3 5 7 6 5 7 9 8 7 6 5 4 3 2 1 3 5 7 9 10 9 8 7 6 5 4 3 2 1 0 1 3 5 7 9
K=38 *int=2 B=53 i=87650862123) 2 4 3 2 1 4 6 5 4 6 7 8 6* 5 4 2* 1 4 3 6 5 7 9 10 9 8 7 6 5 4 3 2 1 0 1 3 5 7 9 8 7 6 5 4 3 2 1 3 5 4 3 5 7 6 5 7 9 8 7 9 10 9
K=38 *int=2 B=53 i=87651448159) 2 4 3 2 1 4 6 5 4 6 7 9 8 6* 5 4 2* 1 0 1 4 3 2 1 3 6 5 4 3 5 7 6 5 7 9 8 7 6 5 4 3 2 1 3 5 7 9 10 9 8 7 6 5 4 3 2 1 0 3 5 7 9
K=38 *int=2 B=53 i=87651496340) 2 4 3 2 1 4 6 5 4 6 7 9 8 6* 5 4 2* 1 4 3 6 5 7 9 10 9 8 7 6 5 4 3 2 1 0 1 3 5 7 9 8 7 6 5 4 3 2 3 5 4 3 5 7 6 5 7 9 8 7 9 10 9
K=38 *int=2 B=53 i=87651692129) 2 4 3 2 1 4 6 5 4 6 7 9 10 9 8 6* 5 4 2* 1 0 1 4 3 2 1 3 6 5 4 3 5 7 6 5 7 9 8 7 6 5 4 3 2 1 3 5 7 9 10 9 8 7 6 5 4 3 2 3 5 7 9
K=38 *int=2 B=53 i=87651872323) 2 4 3 2 1 4 6 5 4 6 7 10 9 8 6* 5 4 2* 1 0 1 4 3 2 1 3 6 5 4 3 5 7 6 5 7 9 8 7 6 5 4 3 2 1 3 5 7 9 10 9 8 7 6 5 4 3 2 1 3 5 7 9
K=38 *int=4 B=51 i=87655546635) 2 4 3 2 1 4 6 5 4 6 8 10 9 8 7 6 5 4 2* 1 0 1 4 6 8 10 9 8 7 6 5 3* 2 1 3 6 8 7 6 4* 3 2 3 6 5 8 7 10 8* 7 6 5 4 3 5 7 10 9
K=38 *int=3 B=52 i=87662401509) 2 4 3 2 1 4 6 5 4 2* 1 0 1 6 7 8 6* 4* 3 2 1 3 6 5 4 3 5 7 6 5 7 9 8 7 9 10 9 8 7 6 5 4 3 2 1 0 1 3 5 7 6 5 4 3 2 1 3 5 7 9
K=38 *int=3 B=52 i=87662445126) 2 4 3 2 1 4 6 5 4 2* 1 0 1 6 7 9 8 6* 4* 3 2 1 3 6 5 4 3 5 7 6 5 7 9 8 7 9 10 9 8 7 6 5 4 3 2 1 0 1 3 5 7 6 5 4 3 2 3 5 7 9
K=38 *int=3 B=52 i=87666414536) 2 4 3 2 1 4 6 5 4 2* 1 6 7 8 6* 4* 3 6 5 7 9 10 9 8 7 6 5 4 3 2 1 0 1 3 2 1 3 5 4 3 5 7 6 5 7 9 8 7 6 5 4 3 2 1 3 5 7 9 10 9
K=38 *int=4 B=51 i=87666415908) 2 4 3 2 1 4 6 5 4 2* 1 6 7 8 6* 4* 3 6 5 7 10 9 8 7 6 5 4 3 2 1 0 1 3 2 1 3 5 4 3 5 7 6 5 7 9* 8 7 6 5 4 3 2 1 3 5 7 9 10
K=38 *int=3 B=52 i=87666446965) 2 4 3 2 1 4 6 5 4 2* 1 6 7 9 8 6* 4* 3 6 5 7 9 10 9 8 7 6 5 4 3 2 1 0 1 3 2 1 3 5 4 3 5 7 6 5 7 9 8 7 6 5 4 3 2 3 5 7 9 10 9
K=38 *int=4 B=51 i=87683778369) 2 4 3 2 1 4 6 5 8 10 9 8 6* 4* 2* 1 0 1 4 3 5 8 7 6 5 4 3 2 1 3 5 7 10 9 8 7 6 5 4 3 2 1 3 5 7 6 5 7 9* 8 7 6 5 4 3 5 9 10
K=38 *int=4 B=51 i=87683781880) 2 4 3 2 1 4 6 5 8 10 9 8 6* 4* 2* 1 0 1 4 3 5 8 7 6 5 7 10 9 8 7 6 5 4 3 2 1 3 5 4 3 2 3 5 7 6 5 7 9* 8 7 6 5 4 3 5 7 9 10
K=38 *int=2 B=53 i=88048557161) 2 4 3 2 4 6 5 4 3 2 1 0 2 4 6 8 7 6 5 4 3 2 4 6 8 10 9 8 7 6 5 4 3 1* 0 1 3 6 8 7 6 5 4 3 5* 8 10 9 8 7 6 5 4 3 2 1 3 5 8 10 9 10
K=38 *int=2 B=53 i=88056826061) 2 4 3 2 4 6 5 4 3 2 1 4 6 8 7 6 5 4 6 8 10 9 8 7 6 5 4 2* 1 0 1 4 3 2 1 3 6 5 4 6 8 7 6 5 3* 6 8 10 9 8 7 6 5 4 3 2 1 3 8 10 9 10
K=38 *int=5 B=50 i=88056957013) 2 4 3 2 4 6 5 4 3 2 1 4 6 8 7 6 5 8 10 9 8 6* 4* 2* 1 0 1 4 3 2 1 3 5 8 6* 5 4 3 5* 8 10 9 8 7 6 5 4 3 2 1 3 5 8 10 9 10
K=38 *int=2 B=53 i=88083215322) 2 4 3 2 4 6 5 4 6 8 7 6 5 4 3 2 1 4 6 8 10 9 8 7 6 5 4 2* 1 0 1 4 3 6 5 6 8 7 6 8 10 9 8 7 6 5 4 3 2 1 3 5* 4 3 5 6 8 7 8 10 9 10
K=38 *int=6 B=49 i=88137198805) 2 4 3 2 4 6 7 5* 4 3 1* 0 5 7 9 8 7 6 5 3* 1* 0 5 3* 5 7 6 5 7 9 8 7 6 5 4 2* 5 7 9 10 9 8 7 6 5 4 3 2 1 0 2 5 7 9
K=38 *int=4 B=51 i=88153126975) 2 4 3 2 4 6 8 10 9 8 7 6 5 4 3 2 1 0 1* 4 6 8 7 6 5 4 3 2 1 4 6 5 4 3 6 8 7 10 8* 6* 4* 3 2 1 3 6 5 7 10 9 8 7 6 5 4 3 5 9
K=38 *int=4 B=51 i=89927863761) 2 4 5 7 6 4* 3 2 1 0 2 4 3 5 7 9 8 7 6 5 4 2* 1 0 2 5 7 9 8 7 6 5 3* 2 5 7 6 4* 7 9 8 7 9 10 9 8 7 6 5 4 3 2 1 0 2 4 7 9
K=38 *int=4 B=51 i=90094918860) 2 4 5 3* 2 1 0 3 5 7 6 5 7 9 8 7 6 5 4 3 1* 0 3 5 4 2* 5 7 6 5 4 5 7 9 8 7 6 5 7 9 10 9 8 7 6 5 3* 2 1 0 2 5 4 3 2 4 7 9
K=38 *int=2 B=53 i=90330048517) 2 4 6 5 4 3 2 1 0 1* 4 3 2 1 4 6 7 5* 4 3 5 7 8 7 6 5 4 3 2 1 3 5 7 9 10 9 8 7 6 5 4 3 2 1 0 1 3 5 7 9 8 7 6 5 4 3 2 1 3 5 7 9
K=38 *int=2 B=53 i=90330051660) 2 4 6 5 4 3 2 1 0 1* 4 3 2 1 4 6 7 5* 4 3 5 7 9 8 7 6 5 4 3 2 1 3 5 7 9 10 9 8 7 6 5 4 3 2 1 0 1 3 5 7 9 8 7 6 5 4 3 2 3 5 7 9
K=38 *int=3 B=52 i=90337446008) 2 4 6 5 4 3 2 1 0 1* 4 6 7 5* 3* 2 1 3 5 7 8 7 6 5 4 3 2 1 3 5 7 9 8 7 6 5 4 3 5 7 9 10 9 8 7 6 5 4 3 2 1 0 1 3 2 1 3 5 7 9
K=38 *int=4 B=51 i=90337454235) 2 4 6 5 4 3 2 1 0 1* 4 6 7 5* 3* 2 1 3 5 7 9 8 7 6 5 4 3 2 1 0 3 5 7 9 8 7 6 5 4 3 5 7 9 10 9 8 7 6 5 4 3 1* 0 3 2 5 7 9
K=38 *int=3 B=52 i=90337454966) 2 4 6 5 4 3 2 1 0 1* 4 6 7 5* 3* 2 1 3 5 7 9 8 7 6 5 4 3 2 1 3 5 7 9 8 7 6 5 4 3 5 7 9 10 9 8 7 6 5 4 3 2 1 0 1 3 2 3 5 7 9
K=38 *int=4 B=51 i=90365958720) 2 4 6 5 4 3 2 1 4 6 5 4 6 8 7 6 8 10 9 8 7 6 5 4 2* 1 0 1 4 6 5 3* 2 1 3 6 8 7 6 4* 3 6 5 8 7 10 8* 7 6 5 4 3 2 1 3 7 10 9
K=38 *int=3 B=52 i=90365959268) 2 4 6 5 4 3 2 1 4 6 5 4 6 8 7 6 8 10 9 8 7 6 5 4 2* 1 0 1 4 6 5 3* 2 1 6 8 7 6 5 3* 6 8 10 9 8 7 6 5 4 3 2 1 3 6 8 7 8 10 9 10
K=38 *int=4 B=51 i=90373017806) 2 4 6 5 4 3 2 1 4 6 7 6 5 8 10 9 8 6* 4* 2* 1 0 1 4 3 5 8 7 6 5 4 3 2 1 3 5 7 10 9 8 7 6 5 4 3 2 1 3 5 7 6 5 7 9* 8 7 9 10
K=38 *int=2 B=53 i=90374872049) 2 4 6 5 4 3 2 1 4 6 7 8 6* 5 4 2* 1 0 1 4 3 6 5 7 9 8 7 6 5 4 3 2 1 3 5 4 3 5 7 6 5 7 9 8 7 9 10 9 8 7 6 5 4 3 2 1 0 1 3 5 7 9
K=38 *int=2 B=53 i=90374912508) 2 4 6 5 4 3 2 1 4 6 7 8 6* 5 4 2* 1 4 3 6 5 7 9 8 7 6 5 4 3 5 7 9 10 9 8 7 6 5 4 3 2 1 0 1 3 2 1 3 5 4 3 5 7 6 5 7 9 8 7 9 10 9
K=38 *int=2 B=53 i=90375438067) 2 4 6 5 4 3 2 1 4 6 7 9 8 6* 5 4 2* 1 0 1 4 3 6 5 7 9 8 7 6 5 4 3 2 1 3 5 4 3 5 7 6 5 7 9 8 7 9 10 9 8 7 6 5 4 3 2 1 0 3 5 7 9
K=38 *int=2 B=53 i=90375471501) 2 4 6 5 4 3 2 1 4 6 7 9 8 6* 5 4 2* 1 4 3 6 5 7 9 8 7 6 5 4 3 5 7 9 10 9 8 7 6 5 4 3 2 1 0 1 3 2 3 5 4 3 5 7 6 5 7 9 8 7 9 10 9
K=38 *int=2 B=53 i=90375607859) 2 4 6 5 4 3 2 1 4 6 7 9 10 9 8 6* 5 4 2* 1 0 1 4 3 6 5 7 9 8 7 6 5 4 3 2 1 3 5 4 3 5 7 6 5 7 9 8 7 9 10 9 8 7 6 5 4 3 2 3 5 7 9
K=38 *int=2 B=53 i=90375709363) 2 4 6 5 4 3 2 1 4 6 7 10 9 8 6* 5 4 2* 1 0 1 4 3 6 5 7 9 8 7 6 5 4 3 2 1 3 5 4 3 5 7 6 5 7 9 8 7 9 10 9 8 7 6 5 4 3 2 1 3 5 7 9
K=38 *int=3 B=52 i=90376398824) 2 4 6 5 4 3 2 1 4 6 7 5* 7 8 7 9 10 9 8 7 6 4* 2* 1 0 1 4 3 5 7 6 5 4 3 2 1 3 5 7 9 8 7 6 5 4 3 2 1 3 5 7 6 5 7 9 8 7 9 10 9
K=38 *int=3 B=52 i=90376435898) 2 4 6 5 4 3 2 1 4 6 7 5* 7 9 8 7 9 10 9 8 7 6 4* 2* 1 0 1 4 3 5 7 6 5 4 3 2 1 3 5 7 9 8 7 6 5 4 3 2 3 5 7 6 5 7 9 8 7 9 10 9
K=38 *int=2 B=53 i=90378089082) 2 4 6 5 4 3 2 1 4 6 8 7 6 5 4 6 8 10 9 8 7 6 5 4 2* 1 0 1 4 3 2 1 3 6 5 4 6 8 7 6 5 3* 6 8 10 9 8 7 6 5 4 3 2 1 3 6 8 10 9 8 7 10
K=38 *int=5 B=50 i=90378371818) 2 4 6 5 4 3 2 1 4 6 8 7 6 5 4 2* 1 0 1 4 6 8 9 7* 6 5 3* 2 1 3 6* 4* 3 6 5 7 9 8 7 9 10 9 8 7 6 5 4 3 2 1 0 1 3 5 7 9
K=38 *int=5 B=50 i=90378639269) 2 4 6 5 4 3 2 1 4 6 8 7 6 5 4 2* 1 4 6 8 9 7* 6 5 3* 6* 9 10 9 8 7 5* 4 3 2 1 0 1 3 2 1 3 5 4 3 5 7 6 5 7 9 8 7 9 10 9
K=38 *int=4 B=51 i=90405809442) 2 4 6 5 4 3 2 4 6 7 6 8 10 9 8 7 6 5 4 3 2 1 0 1* 4 6 8 7 6 5 4 3 2 1 4 6 5 4 3 6 8 7 10 8* 6* 4* 3 2 1 3 6 5 7 10 9 8 7 9
K=38 *int=4 B=51 i=90411332338) 2 4 6 5 4 3 2 4 6 8 7 6 5 4 3 2 1 4 6 8 10 9 8 7 6 5 4 2* 1 0 1 6 8 10 9 8 7 6 4* 3 2 1 3 6 8 7 5* 4 3 5 6 8 7 10 8* 7 10 9
K=38 *int=3 B=52 i=90411332350) 2 4 6 5 4 3 2 4 6 8 7 6 5 4 3 2 1 4 6 8 10 9 8 7 6 5 4 2* 1 0 1 6 8 10 9 8 7 6 4* 3 2 1 3 6 8 7 5* 4 3 5 6 8 10 9 8 7 8 10 9 10
K=38 *int=6 B=49 i=90412483678) 2 4 6 5 4 3 2 4 6 8 7 6 5 4 6 8 10 9 8 7 6 5 4 3 2 1 0 1* 4 3 2 1 4 6 5 8 6* 4* 3 10 8* 6* 4* 3 2 1 3 6 7 10 9 8 7 9
K=38 *int=2 B=53 i=90500022705) 2 4 6 5 4 6 8 7 6 5 4 3 2 1 4 6 8 10 9 8 7 6 5 4 2* 1 0 1 4 3 6 5 6 8 7 6 8 10 9 8 7 6 5 4 3 2 1 3 5* 4 3 5 6 8 7 6 8 10 9 8 7 10
K=38 *int=4 B=51 i=90831881605) 2 4 6 8 7 6 5 4 3 2 1 4 6 5 4 6 8 9 8 7 6 8 10 9 8 7 6 5 4 2* 1 0 1 4 6 5 3* 2 1 3 6 8 7 6 4* 3 6 5 8 7 10 8* 7 6 5 7 10 9
K=38 *int=6 B=49 i=90833225927) 2 4 6 8 7 6 5 4 3 2 1 4 6 8 10 9 8 7 6 5 4 2* 1 0 1 6 8 7 6 4* 6 8 10 9 8 7 5* 3* 2 1 3 4* 6 5 8 7 10 8* 7 6 5 7 10 9
K=38 *int=4 B=51 i=90836328880) 2 4 6 8 7 6 5 4 3 2 4 6 8 10 9 8 7 6 5 4 3 2 1 0 1* 4 6 8 10 9 8 7 6 5 4 3 2 1 4 6 5 8 6* 4* 3 4 5 10 8* 7 6 5 7 10 9 8 7 9
K=38 *int=4 B=51 i=90854089284) 2 4 6 8 7 6 8 10 9 8 7 6 5 4 3 2 1 0 1* 4 6 5 4 3 2 1 4 6 8 7 6 5 4 3 6 8 7 10 8* 6* 4* 3 2 1 3 6 5 4 5 7 10 9 8 7 6 5 7 9
K=38 *int=2 B=53 i=90873983575) 2 4 6 8 9 8 7 6 5 4 3 2 1 0 2 4 3 2 4 6 5 4 6 8 7 6 8 10 9 8 7 6 5 4 3 2 1 0 2 4 6 5 3* 2 3 5 8 7 6 5 7* 10 9 8 7 6 5 4 3 5 7 10
K=38 *int=2 B=53 i=90874987838) 2 4 6 8 9 8 7 6 5 4 3 2 1 0 2 4 6 8 10 9 8 7 6 5 4 3 2 1 0 2 4 6 5 4 6 8 7 6 5 3* 2 3 5 8 10 9 8 7 6 5 4 3 5 7* 10 9 8 7 6 5 7 10
K=38 *int=2 B=53 i=90887392368) 2 4 6 8 10 9 8 7 6 5 4 3 2 1 0 2 4 3 2 4 6 5 4 6 8 7 6 8 10 9 8 7 6 5 4 3 2 1 2 4 6 5 3* 2 3 5 8 7 6 5 7* 10 9 8 7 6 5 4 3 5 7 10
K=38 *int=2 B=53 i=90888255238) 2 4 6 8 10 9 8 7 6 5 4 3 2 1 0 2 4 6 8 10 9 8 7 6 5 4 3 2 1 2 4 6 5 4 6 8 7 6 5 3* 2 3 5 8 10 9 8 7 6 5 4 3 5 7* 10 9 8 7 6 5 7 10
K=38 *int=4 B=51 i=93350946499) 2 5 7 6 5 4 3 2 1 0 2 4* 7 9 8 7 6 5 3* 2 1 0 2* 5 7 9 8 7 6 5 4 3 2 5 7 6 5 4 7 9 8 7 9 10 9 8 7 5* 4 3 2 1 0 2 4 7 6 9
K=38 *int=4 B=51 i=93351020800) 2 5 7 6 5 4 3 2 1 0 2 4* 7 9 8 6* 5 4 3 2 1 0 2 4 3 2 4 6 5 4 6 8* 7 6 5 4 3 2 4 6 8 7 9 10 9 8 6* 5 4 3 2 1 0 2 4 6 7 9
K=38 *int=2 B=53 i=93396886695) 2 5 7 6 5 4 3 2 4* 7 9 8 7 6 5 4 3 2 1 0 2 4 7 9 10 8* 7 6 5 4 3 2 1 0 2 4 6 8 7 6 5 4 3 2 4 6 8 7 6 5 4 6 8 10 9 8 7 6 8 10 9 10
K=38 *int=3 B=52 i=93428757573) 2 5 7 6 5 4 7 9 8 7 5* 4 3 2 1 0 2 4 3 2 4 5 4 6* 9 10 8* 7 6 5 4 3 2 1 0 2 4 6 8 7 6 5 4 3 2 4 6 5 4 6 8 7 6 8 10 9 8 7 6 10
K=38 *int=2 B=53 i=93587190189) 2 5 7 9 8 7 6 5 4 3 2 1 0 2 4* 7 6 5 4 3 2 4 7 9 10 8* 7 6 5 4 3 2 1 0 2 4 6 8 7 6 5 4 3 2 4 6 8 10 9 8 7 6 5 4 6 8 7 6 8 10 9 10
K=38 *int=3 B=52 i=93587409033) 2 5 7 9 8 7 6 5 4 3 2 1 0 2 4* 7 9 10 8* 6* 5 4 3 2 1 0 2 4 6 5 4 3 2 4 6 8 7 6 5 4 3 2 4 6 8 10 9 8 7 6 5 4 6 8 10 9 8 7 6 10
K=38 *int=3 B=52 i=94213090724) 2 6 5 4 3 2 1 4 6 5 4 6 8 7 6 8 10 9 8 7 6 5 4 2* 1 0 1 4 6 5 3* 2 1 6 8 7 6 5 3* 6 8 10 9 8 7 6 5 4 3 2 1 3 6 8 7 6 8 10 9 10
K=38 *int=2 B=53 i=94224472337) 2 6 5 4 3 2 1 4 6 8 7 6 5 4 6 8 10 9 8 7 6 5 4 2* 1 0 1 4 3 2 1 3 6 5 4 6 8 7 6 5 3* 6 8 10 9 8 7 6 5 4 3 2 1 3 6 8 10 9 8 7 6 10
K=38 *int=3 B=52 i=94272835568) 2 6 5 4 3 2 4 6 8 7 6 5 4 3 2 1 4 6 8 10 9 8 7 6 5 4 2* 1 0 1 6 8 10 9 8 7 6 4* 3 2 1 3 6 8 7 5* 4 3 5 6 8 10 9 8 7 6 8 10 9 10
K=38 *int=2 B=53 i=94456823506) 2 6 5 4 6 8 7 6 5 4 3 2 1 4 6 8 10 9 8 7 6 5 4 2* 1 0 1 4 3 6 5 6 8 7 6 8 10 9 8 7 6 5 4 3 2 1 3 5* 4 3 5 6 8 7 6 8 10 9 8 7 6 10
K=38 *int=4 B=51 i=94998593233) 2 6 8 7 6 5 4 3 2 1 4 6 5 4 6 8 10 9 8 7 6 5 4 2* 1 0 1 4 6 8 10 9 8 7 6 5 3* 2 1 3 6 8 7 6 4* 3 6 5 8 7 10 8* 7 6 5 7 10 9
K=38 *int=4 B=51 i=94999029154) 2 6 8 7 6 5 4 3 2 1 4 6 5 8 10 9 8 6* 4* 2* 1 0 1 4 3 5 8 7 6 5 7 10 9 8 7 6 5 4 3 2 1 3 5 4 3 5 7 6 5 7 9* 8 7 6 5 7 9 10
K=38 *int=3 B=52 i=95858178575) 3 2 1 0 1 3 2 1 3 5 4 3 5 7 6 5 4 3 2 1 3 5 7 9 8 7 6 5 4 3 2 5 7 9 10 9 8 7 6 5 3* 1* 0 1 2 7 9 8 7 5* 4 3 2 4 7 6 5 4 6 9
K=38 *int=2 B=53 i=95983801252) 3 2 1 0 1 3 5 4 3 2 1 3 5 7 6 5 4 3 2 1 3 5 7 9 8 7 6 5 4 3 2 5 7 9 8 7 6 5 4 7 9 10 9 8 7 5* 4 3 1* 0 1 2 4 3 2 4 7 6 5 4 6 9
K=38 *int=3 B=52 i=95984209996) 3 2 1 0 1 3 5 4 3 2 1 3 5 7 6 5 4 3 5 7 6 5 7 9 8 7 9 10 9 8 7 6 5 4 3 2 1 0 1 3 5 7 6 4* 2* 1 2 4 6* 9 8 7 6 5 4 3 2 4 6 9
K=38 *int=2 B=53 i=98546324171) 3 2 1 3 5 4 3 2 1 0 1 3 5 7 6 5 4 3 2 1 3 5 7 9 8 7 6 5 4 3 2 5 7 6 5 4 7 9 8 7 9 10 9 8 7 5* 4 3 1* 0 1 2 4 7 6 5 4 3 2 4 6 9
K=38 *int=2 B=53 i=98562610491) 3 2 1 3 5 4 3 2 1 0 3 5 7 6 5 4 3 5 7 9 8 7 6 5 4 3 1* 0 3 2 5 4 5 7 6 5 7 9 8 7 9 10 9 8 7 6 5 4 3 2 1 0 2 4* 7 6 5 4 3 2 4 9
K=38 *int=5 B=50 i=98563247088) 3 2 1 3 5 4 3 2 1 0 3 5 7 6 5 4 7 9 8 7 5* 3* 1* 0 3 2 4 7 5* 4 7 9 8 7 9 10 9 8 7 5* 4 3 2 1 0 2 4 7 6 5 4 3 2 4 6 9
K=38 *int=2 B=53 i=98577993799) 3 2 1 3 5 4 3 2 1 3 5 7 6 5 4 3 5 7 9 8 7 6 5 7 9 10 9 8 7 6 5 4 3 2 1 0 1 3 5 4 2* 1 2 4 7 6 5 4 6* 9 8 7 6 5 4 3 2 4 6 9 10 9
K=38 *int=2 B=53 i=98640705494) 3 2 1 3 5 4 3 5 7 6 5 4 3 2 1 0 3 5 7 9 8 7 6 5 4 3 1* 0 3 2 5 4 5 7 6 5 7 9 8 7 6 5 4 3 2 4* 7 9 10 9 8 7 6 5 4 3 2 1 0 2 4 9
K=38 *int=2 B=53 i=98646041226) 3 2 1 3 5 4 3 5 7 6 5 7 9 8 7 9 10 9 8 7 6 5 4 3 2 1 0 1 3 5 4 3 5 7 6 5 4 2* 1 2 4 7 9 8 7 6 5 4 3 2 4 6* 9 8 7 6 5 4 6 9 10 9
K=38 *int=3 B=52 i=98646167245) 3 2 1 3 5 4 3 5 7 6 5 7 9 10 9 8 7 6 5 4 3 2 1 0 1 3 2 1 3 5 4 3 5 7 6 5 7 9 8 7 6 4* 2* 1 2 4 6* 9 10 9 8 7 6 5 4 3 2 4 6 9
K=38 *int=3 B=52 i=98848248487) 3 2 1 3 5 7 9 10 9 8 7 6 5 4 3 2 1 0 1 3 5 7 6 5 4 3 5 7 9 8 7 6 5 4 2* 1 2 4* 7 6 7 9 8 7 9 10 9 8 7 5* 4 3 2 4 7 6 5 4 6 9
K=38 *int=2 B=53 i=99012512351) 3 2 1 3 6 8 7 6 5 4 3 5* 8 10 9 8 7 6 5 4 3 2 1 0 1 3 2 1 3 5 4 3 5 6 5 8 7 10 8* 7 6 5 4 3 2 1 3 5 7 6 5 4 3 5 7 10 9 8 7 6 5 9
K=38 *int=2 B=53 i=99023907211) 3 2 1 3 6 8 10 9 8 7 6 5 4 3 2 1 0 1 3 5* 8 7 6 5 4 3 2 1 3 5 4 3 5 6 5 8 7 10 8* 7 6 5 4 3 2 1 3 5 7 10 9 8 7 6 5 4 3 5 7 6 5 9
K=38 *int=2 B=53 i=101531905081) 3 2 4 6 5 4 3 2 1 4 6 8 7 6 5 4 6 8 10 9 8 7 6 5 4 2* 1 0 1 4 3 2 1 3 6 5 4 6 8 7 6 5 3* 6 8 10 9 8 7 6 5 4 3 2 1 3 6 8 10 9 8 10
K=38 *int=2 B=53 i=101576140969) 3 2 4 6 5 4 6 8 7 6 5 4 3 2 1 4 6 8 10 9 8 7 6 5 4 2* 1 0 1 4 3 6 5 6 8 7 6 8 10 9 8 7 6 5 4 3 2 1 3 5* 4 3 5 6 8 7 6 8 10 9 8 10
K=38 *int=4 B=51 i=102488029753) 3 2 5 7 6 5 3* 2 1 0 2 5 4 7 6 9 7* 6 5 4 3 2 1 0 2 4 3 2 4 6 5 4 6 9 7* 6 5 4 3 2 4 6* 9 10 9 8 7 6 5 4 3 2 1 0 2 4 6 9
K=38 *int=3 B=52 i=106714615297) 3 5 4 3 2 1 0 3 5 4 3 5 7 6 5 7 9 8 7 6 5 4 3 1* 0 3 5 4 2* 5 7 6 5 4 5 7 9 8 7 6 5 7 9 10 9 8 7 6 5 3* 2 1 0 2 5 4 3 2 4 9
K=38 *int=2 B=53 i=106757041135) 3 5 4 3 2 1 0 3 5 7 6 5 4 3 5 7 9 8 7 6 5 4 3 1* 0 3 2 5 4 5 7 6 5 7 9 8 7 9 10 9 8 7 6 5 4 3 2 1 0 2 4* 7 6 5 4 3 2 4 7 9 8 9
K=38 *int=2 B=53 i=106844383662) 3 5 4 3 2 1 0 2* 5 7 6 5 4 3 2 1 0 2 5 7 8 6* 5 4 3 2 4 6 5 4 6 8 9 8 7 6 5 4 3 2 1 0 2 4 6 8 10 9 8 7 6 5 4 3 2 1 0 2 4 6 8 10
K=38 *int=2 B=53 i=106844384287) 3 5 4 3 2 1 0 2* 5 7 6 5 4 3 2 1 0 2 5 7 8 6* 5 4 3 2 4 6 5 4 6 8 10 9 8 7 6 5 4 3 2 1 0 2 4 6 8 10 9 8 7 6 5 4 3 2 1 2 4 6 8 10
K=38 *int=3 B=52 i=106948837261) 3 5 4 3 2 1 3 5 7 6 5 4 3 2 1 0 3 5 7 9 8 7 6 5 4 3 1* 0 5 7 9 8 7 6 5 3* 2 5 7 6 4* 7 9 8 7 9 10 9 8 7 6 5 4 3 2 1 0 2 4 9
K=38 *int=4 B=51 i=106955558265) 3 5 4 3 2 1 3 5 7 6 5 4 7 8 10 9 7* 5* 3* 2 1 0 1 3 2 4 7 6 5 4 3 1* 4 6 8 7 6 5 4 6 8 10 9 8 7 6 5 4 3 2 1 4 6 8 10 9 8 10
K=38 *int=4 B=51 i=106957972707) 3 5 4 3 2 1 3 5 7 6 5 7 9 8 7 6 5 4 3 2 1 0 3 5 4 3 5 7 6 5 7 9 10 8* 7 6 5 4 3 1* 0 3 2 5 4 7* 5* 4 3 2 4 7 6 8 10 9 8 10
K=38 *int=4 B=51 i=106958340871) 3 5 4 3 2 1 3 5 7 6 5 7 9 10 8* 7 6 4* 3 2 1 0 1 3* 6 8 7 6 5 4 2* 1 2 4 6 8 7 6 5 4 6 8 10 9 8 7 6 5 4 3 2 4 6 8 10 9 8 10
K=38 *int=4 B=51 i=106958411799) 3 5 4 3 2 1 3 5 7 6 5 7 10 9 8 7 6 5 4 3 2 1 0 1 3 5 4 3 5 7 6 5 7 9* 8 7 6 5 4 2* 1 2 4* 7 9 8 6* 5 4 3 2 4 6 8 10 9 8 10
K=38 *int=6 B=49 i=107168870685) 3 5 4 3 2 5 6 8 7 5* 3* 1* 8 10 9 8 7 5* 3* 2 1 0 1 5 4 6 8 7 6 8 10 9 8 7 6 5 4 3 2 1 3* 6 5 4 3 6 8 7 6 8 10 9 8 10
K=38 *int=2 B=53 i=107184287198) 3 5 4 3 2 5 7 6 5 7 8 9 7* 6 5 3* 2 1 0 2 5 4 3 2 4 7 6 5 4 6 8 7 6 8 10 9 8 7 6 5 4 3 2 1 0 2 4 3 2 4 6 5 4 6 8 7 6 8 10 9 8 10
K=38 *int=2 B=53 i=107184631132) 3 5 4 3 2 5 7 6 5 7 8 10 9 7* 6 5 3* 2 1 0 2 5 4 3 2 4 7 6 5 4 6 8 7 6 8 10 9 8 7 6 5 4 3 2 1 2 4 3 2 4 6 5 4 6 8 7 6 8 10 9 8 10
K=38 *int=3 B=52 i=107189099868) 3 5 4 3 2 5 7 6 5 3* 2 1 0 2 7 8 9 7* 5* 4 3 2 1 0 2 4 7 6 5 4 3 2 4 6 8 7 6 5 4 6 8 10 9 8 7 6 5 4 3 2 1 0 2 4 6 8 10 9 8 10
K=38 *int=3 B=52 i=107189117457) 3 5 4 3 2 5 7 6 5 3* 2 1 0 2 7 8 10 9 7* 5* 4 3 2 1 0 2 4 7 6 5 4 3 2 4 6 8 7 6 5 4 6 8 10 9 8 7 6 5 4 3 2 1 2 4 6 8 10 9 8 10
K=38 *int=2 B=53 i=107363117255) 3 5 4 3 5 7 6 5 4 3 2 1 0 3 5 7 9 8 7 6 5 4 3 1* 0 3 2 5 4 5 7 6 5 7 9 8 7 6 5 4 3 2 4* 7 9 10 9 8 7 6 5 4 3 2 1 0 2 4 7 9 8 9
K=38 *int=6 B=49 i=107402273037) 3 5 4 3 5 7 8 6* 5 4 2* 1 6 8 10 9 8 7 6 4* 2* 1 0 1 6 4* 6 8 7 6 8 10 9 8 7 6 5 3* 2 1 3 4 6 5 4 6 8 7 6 8 10 9 8 10
K=38 *int=4 B=51 i=108223746471) 3 5 6 8 7 5* 4 3 2 1 3 5 4 6 8 10 9 8 7 6 5 3* 2 1 0 1 3 6 8 10 9 8 7 6 4* 3 2 1 3 6 8 7 5* 4 3 5 6 8 10 9 8 7 6 8 10 9 8 10
K=38 *int=4 B=51 i=108307354216) 3 5 6 4* 3 2 1 4 6 8 7 6 8 10 9 8 7 6 5 4 2* 1 0 1 4 6 5 3* 2 1 6 8 7 6 5 3* 6 8 10 9 8 7 6 5 4 3 2 1 3 6 8 7 6 8 10 9 8 10
K=38 *int=2 B=53 i=108416722512) 3 5 7 6 5 4 3 2 1 0 2* 5 4 3 2 5 7 8 6* 5 4 6 8 9 8 7 6 5 4 3 2 1 0 2 4 3 2 4 6 5 4 6 8 7 6 8 10 9 8 7 6 5 4 3 2 1 0 2 4 6 8 10
K=38 *int=2 B=53 i=108416724052) 3 5 7 6 5 4 3 2 1 0 2* 5 4 3 2 5 7 8 6* 5 4 6 8 10 9 8 7 6 5 4 3 2 1 0 2 4 3 2 4 6 5 4 6 8 7 6 8 10 9 8 7 6 5 4 3 2 1 2 4 6 8 10
K=38 *int=3 B=52 i=108420277802) 3 5 7 6 5 4 3 2 1 0 2* 5 7 8 6* 4* 3 2 4 6 8 9 8 7 6 5 4 3 2 1 0 2 4 6 8 10 9 8 7 6 5 4 3 2 1 0 2 4 6 5 4 6 8 7 6 8 10 9 8 10
K=38 *int=3 B=52 i=108420280278) 3 5 7 6 5 4 3 2 1 0 2* 5 7 8 6* 4* 3 2 4 6 8 10 9 8 7 6 5 4 3 2 1 0 2 4 6 8 10 9 8 7 6 5 4 3 2 1 2 4 6 5 4 6 8 7 6 8 10 9 8 10
K=38 *int=4 B=51 i=108443695976) 3 5 7 6 5 4 3 2 1 2* 5 7 8 6* 4* 3 2 4 6 8 10 9 8 7 6 5 4 3 2 1 0 1* 4 6 8 10 9 8 7 6 5 4 3 2 1 4 6 5 4 6 8 7 6 8 10 9 8 10
K=38 *int=2 B=53 i=108453575137) 3 5 7 6 5 4 3 2 5 7 8 9 7* 6 5 3* 2 1 0 2 5 4 7 6 8 10 9 8 7 6 5 4 3 2 1 0 2 4 6 5 4 3 2 4 6 8 7 6 5 4 6 8 10 9 8 7 6 8 10 9 8 10
K=38 *int=2 B=53 i=108453794837) 3 5 7 6 5 4 3 2 5 7 8 10 9 7* 6 5 3* 2 1 0 2 5 4 7 6 8 10 9 8 7 6 5 4 3 2 1 2 4 6 5 4 3 2 4 6 8 7 6 5 4 6 8 10 9 8 7 6 8 10 9 8 10
K=38 *int=5 B=50 i=108454866786) 3 5 7 6 5 4 3 2 5 7 9 8 7 6 5 3* 2 1 0 2 5 7 9 10 8* 7 6 4* 3 2 1 0 2 4 7* 5* 4 3 2 4 7 6 5 4 6 8 10 9 8 7 6 8 10 9 8 10
K=38 *int=2 B=53 i=108660337636) 3 5 7 9 10 9 8 7 6 5 4 3 2 1 0 1 3 2 1 3 5 4 3 5 7 6 5 4 3 5 7 9 8 7 6 5 4 2* 1 2 4 7 9 10 9 8 7 6 5 4 3 2 4 6* 9 8 7 6 5 4 6 9
K=38 *int=2 B=53 i=108660670381) 3 5 7 9 10 9 8 7 6 5 4 3 2 1 0 1 3 5 4 3 2 1 3 5 7 6 5 4 3 5 7 9 8 7 6 5 4 2* 1 2 4 7 9 8 7 6 5 4 6* 9 10 9 8 7 6 5 4 3 2 4 6 9
K=38 *int=4 B=51 i=109725660344) 3 6 8 7 6 5 4 3 2 1 3 5* 8 10 9 8 7 6 4* 3 2 1 0 1 3* 6 8 10 9 8 7 6 5 4 3 2 1 3 6 8 7 6 5 4 3 5* 8 10 9 8 7 6 5 8 10 9 8 10
K=38 *int=4 B=51 i=109725673621) 3 6 8 7 6 5 4 3 2 1 3 5* 8 10 9 7* 6 5 4 3 2 1 0 1 3 5 4 3 5 7 6 5 7 9* 8 7 6 5 4 3 2 1 3 5 4 3 5 7 9 8 6* 5 6 8 10 9 8 10
K=38 *int=2 B=53 i=109736892208) 3 6 8 7 6 5 4 3 5* 8 10 9 8 7 6 5 4 3 2 1 0 1 3 2 1 3 5 4 3 5 6 5 8 7 10 8* 7 6 5 4 3 2 1 3 5 7 6 5 4 3 5 7 10 9 8 7 6 5 7 9 8 9
K=38 *int=3 B=52 i=109747826132) 3 6 8 7 6 5 8 10 9 8 6* 5 4 3 2 1 0 1 3 5 4 3 2 1 3 5 6 5 4 3 5 7* 6 5 7 10 8* 7 6 5 4 3 2 1 3 5 4 3 5 7 6 5 7 10 9 8 7 6 5 9
K=38 *int=3 B=52 i=109802193791) 3 6 8 10 9 8 7 6 5 4 3 2 1 0 1 3 2 1 3 5* 4 3 5 8 6* 5 4 3 2 1 3 5 10 8* 7 6 5 4 3 2 1 3 5 7 10 9 8 7 6 5 4 3 5 7 9 8 7 6 5 9
K=38 *int=2 B=53 i=109804420417) 3 6 8 10 9 8 7 6 5 4 3 2 1 0 1 3 5* 8 7 6 5 4 3 2 1 3 5 4 3 5 6 5 8 7 10 8* 7 6 5 4 3 2 1 3 5 7 10 9 8 7 6 5 4 3 5 7 6 5 7 9 8 9
K=38 *int=3 B=52 i=110926998523) 4 3 2 1 0 2 4 3 2 4 6 5 4 6 8 7 6 5 4 3 2 4 6 8 10 9 8 7 6 5 4 3 1* 0 1 3* 6 5 6 8 7 6 8 10 9 8 7 6 4* 3 2 1 3 6 5 4 3 5 8 10
K=38 *int=3 B=52 i=111009695611) 4 3 2 1 0 2 4 6 5 4 3 2 1 0 2 4 6 8 7 6 5 4 3 2 4 6 8 7 6 5 4 6 8 10 9 8 7 6 5 3* 1* 0 1 3 5* 8 10 9 8 7 6 5 4 3 2 1 3 5 8 10
K=38 *int=2 B=53 i=111021926812) 4 3 2 1 0 2 4 6 5 4 3 2 4 6 8 7 6 5 4 3 2 4 6 8 10 9 8 7 6 5 4 3 1* 0 1 3 6 8 10 9 8 7 6 5 4 3 2 1 3 5* 8 7 6 5 4 3 5 8 10 9 8 10
K=38 *int=2 B=53 i=112809706340) 4 3 2 4 6 5 4 3 2 1 0 2 4 6 8 7 6 5 4 3 2 4 6 8 10 9 8 7 6 5 4 3 1* 0 1 3 6 8 7 6 5 4 3 5* 8 10 9 8 7 6 5 4 3 2 1 3 5 8 10 9 8 10
K=38 *int=2 B=53 i=112826131107) 4 3 2 4 6 5 4 3 2 1 4 6 8 7 6 5 4 6 8 10 9 8 7 6 5 4 2* 1 0 1 4 3 2 1 3 6 5 4 6 8 7 6 5 3* 6 8 10 9 8 7 6 5 4 3 2 1 3 8 10 9 8 10
K=38 *int=5 B=50 i=112826386627) 4 3 2 4 6 5 4 3 2 1 4 6 8 7 6 5 8 10 9 8 6* 4* 2* 1 0 1 4 3 2 1 3 5 8 6* 5 4 3 5* 8 10 9 8 7 6 5 4 3 2 1 3 5 8 10 9 8 10
K=38 *int=2 B=53 i=112861313722) 4 3 2 4 6 5 4 6 8 7 6 5 4 3 2 1 4 6 8 10 9 8 7 6 5 4 2* 1 0 1 4 3 6 5 6 8 7 6 8 10 9 8 7 6 5 4 3 2 1 3 5* 4 3 5 6 8 7 8 10 9 8 10
K=38 *int=4 B=51 i=114598606204) 4 3 6 8 7 6 4* 3 2 1 3 6 5 8 7 10 8* 7 6 5 4 3 2 1 0 1 3 5 4 3 5 7 6 5 7 10 8* 7 6 5 4 3 2 1 3 5 4 3 5 7* 6 5 7 8 10 9 8 10
K=38 *int=3 B=52 i=116590062150) 4 6 5 4 3 2 1 4 6 5 4 6 8 7 6 8 10 9 8 7 6 5 4 2* 1 0 1 4 6 5 3* 2 1 6 8 7 6 5 3* 6 8 10 9 8 7 6 5 4 3 2 1 3 6 8 7 8 10 9 8 10
K=38 *int=2 B=53 i=116603669014) 4 6 5 4 3 2 1 4 6 8 7 6 5 4 6 8 10 9 8 7 6 5 4 2* 1 0 1 4 3 2 1 3 6 5 4 6 8 7 6 5 3* 6 8 10 9 8 7 6 5 4 3 2 1 3 6 8 10 9 8 7 8 10
K=38 *int=2 B=53 i=116626762490) 4 6 5 4 3 2 1 3* 6 8 7 6 5 4 3 2 1 0 1 3 6 8 9 7* 6 5 4 3 2 1 3 5 7 6 5 4 3 5 7 6 5 7 9 8 7 9 10 9 8 7 6 5 4 3 2 1 0 1 3 5 7 9
K=38 *int=2 B=53 i=116626858772) 4 6 5 4 3 2 1 3* 6 8 7 6 5 4 3 2 1 3 6 8 9 7* 6 5 4 3 5 7 6 5 7 9 10 9 8 7 6 5 4 3 2 1 0 1 3 2 1 3 5 4 3 5 7 6 5 7 9 8 7 9 10 9
K=38 *int=3 B=52 i=116661798698) 4 6 5 4 3 2 4 6 8 7 6 5 4 3 2 1 4 6 8 10 9 8 7 6 5 4 2* 1 0 1 6 8 10 9 8 7 6 4* 3 2 1 3 6 8 7 5* 4 3 5 6 8 10 9 8 7 8 10 9 8 10
K=38 *int=4 B=51 i=116664804583) 4 6 5 4 3 2 4 6 8 7 6 8 10 9 8 7 6 5 4 3 2 1 0 1* 4 6 5 4 3 2 1 4 6 8 7 6 5 4 3 6 8 7 10 8* 6* 4* 3 2 1 3 6 5 7 10 9 8 7 9
K=38 *int=2 B=53 i=116743975631) 4 6 5 4 3 6 8 7 6 8 9 10 8* 7 6 4* 3 2 1 0 1 3 6 5 4 3 2 1 3 5 8 7 6 5 4 3 2 1 3 5 7 9 8 7 6 5 4 3 5 7 9 8 7 6 5 7 9 10 9 8 7 9
K=38 *int=3 B=52 i=116745061280) 4 6 5 4 3 6 8 7 6 4* 3 2 1 0 1 3 2 1 3 4 3 5* 8 9 7* 6 5 4 3 2 1 3 5 7 6 5 4 3 5 7 9 10 9 8 7 6 5 4 3 2 1 0 1 3 5 7 9 8 7 9
K=38 *int=3 B=52 i=116746298984) 4 6 5 4 3 6 8 7 6 4* 3 2 1 3 8 9 10 8* 6* 5 4 3 2 1 0 1 3 5 8 7 6 5 4 3 2 1 3 5 7 9 8 7 6 5 4 3 5 7 6 5 7 9 8 7 9 10 9 8 7 9
K=38 *int=2 B=53 i=116823646681) 4 6 5 4 6 8 7 6 5 4 3 2 1 4 6 8 10 9 8 7 6 5 4 2* 1 0 1 4 3 6 5 6 8 7 6 8 10 9 8 7 6 5 4 3 2 1 3 5* 4 3 5 6 8 7 6 8 10 9 8 7 8 10
K=38 *int=2 B=53 i=117252721131) 4 6 8 7 6 5 4 3 2 1 0 1 3* 6 5 4 3 2 1 3 6 8 9 7* 6 5 4 3 2 1 3 5 7 6 5 4 3 5 7 9 8 7 6 5 7 9 10 9 8 7 6 5 4 3 2 1 0 1 3 5 7 9
K=38 *int=3 B=52 i=117253430217) 4 6 8 7 6 5 4 3 2 1 0 1 3* 6 8 9 7* 5* 4 3 2 1 3 5 4 3 5 7 6 5 7 9 8 7 9 10 9 8 7 6 5 4 3 2 1 0 1 3 5 4 3 5 7 6 5 7 9 8 7 9
K=38 *int=2 B=53 i=117277291510) 4 6 8 7 6 5 4 3 2 1 3* 6 5 4 3 6 8 9 7* 6 5 7 9 10 9 8 7 6 5 4 3 2 1 0 1 3 5 4 3 2 1 3 5 7 6 5 4 3 5 7 9 8 7 6 5 7 9 8 7 9 10 9
K=38 *int=3 B=52 i=117278088158) 4 6 8 7 6 5 4 3 2 1 3* 6 8 9 7* 5* 4 3 5 7 9 10 9 8 7 6 5 4 3 2 1 0 1 3 2 1 3 5 4 3 5 7 6 5 4 3 5 7 9 8 7 6 5 7 9 10 9 8 7 9
K=38 *int=2 B=53 i=117286638603) 4 6 8 7 6 5 4 3 6 8 9 10 8* 7 6 4* 3 2 1 0 1 3 2 1 3 6 5 4 3 5 8 7 6 5 4 3 2 1 3 5 7 9 8 7 6 5 4 3 5 7 9 10 9 8 7 6 5 7 9 8 7 9
K=38 *int=5 B=50 i=117287113914) 4 6 8 7 6 5 4 3 6 8 10 9 8 7 6 4* 3 2 1 0 1 3 2 1 3 6 4* 3 6 8 7 10 8* 6* 4* 3 2 1 3 6 5 4 3 5 7 10 9 8 7 6 5 7 9 8 7 9
K=38 *int=3 B=52 i=118339347140) 5 4 3 2 1 0 3 5 4 3 5 7 6 5 7 9 8 7 6 5 4 3 1* 0 3 5 4 2* 5 7 6 5 4 5 7 9 8 7 6 5 7 9 10 9 8 7 6 5 3* 2 1 0 2 5 4 3 2 4 7 9
K=38 *int=2 B=53 i=118371444432) 5 4 3 2 1 0 3 5 7 6 5 4 3 5 7 9 8 7 6 5 4 3 1* 0 3 2 5 4 5 7 6 5 7 9 8 7 9 10 9 8 7 6 5 4 3 2 1 0 2 4* 7 6 5 4 3 2 4 7 9 8 7 9
K=38 *int=3 B=52 i=118636920969) 5 4 3 2 1 3 5 7 6 5 4 3 2 1 0 3 5 7 9 8 7 6 5 4 3 1* 0 5 7 9 8 7 6 5 3* 2 5 7 6 4* 7 9 8 7 9 10 9 8 7 6 5 4 3 2 1 0 2 4 7 9
K=38 *int=2 B=53 i=119357552806) 5 4 3 5 7 6 5 4 3 2 1 0 3 5 7 9 8 7 6 5 4 3 1* 0 3 2 5 4 5 7 6 5 7 9 8 7 6 5 4 3 2 4* 7 9 10 9 8 7 6 5 4 3 2 1 0 2 4 7 9 8 7 9
K=38 *int=2 B=53 i=121000892591) 5 7 6 5 4 3 2 4* 7 9 8 7 6 5 4 3 2 1 0 2 4 7 9 10 8* 7 6 5 4 3 2 1 0 2 4 6 8 7 6 5 4 3 2 4 6 8 7 6 5 4 6 8 10 9 8 7 6 8 10 9 8 10
K=38 *int=3 B=52 i=121045195563) 5 7 6 5 4 7 9 8 7 5* 4 3 2 1 0 2 4 3 2 4 5 4 6* 9 10 8* 7 6 5 4 3 2 1 0 2 4 6 8 7 6 5 4 3 2 4 6 5 4 6 8 7 6 8 10 9 8 7 6 8 10
K=38 *int=2 B=53 i=121240281707) 5 7 9 8 7 6 5 4 3 2 1 0 2 4* 7 6 5 4 3 2 4 7 9 10 8* 7 6 5 4 3 2 1 0 2 4 6 8 7 6 5 4 3 2 4 6 8 10 9 8 7 6 5 4 6 8 7 6 8 10 9 8 10
K=38 *int=3 B=52 i=121240490470) 5 7 9 8 7 6 5 4 3 2 1 0 2 4* 7 9 10 8* 6* 5 4 3 2 1 0 2 4 6 5 4 3 2 4 6 8 7 6 5 4 3 2 4 6 8 10 9 8 7 6 5 4 6 8 10 9 8 7 6 8 10
